19900514,2976.44
19900515,2965.09
19900516,2948.89
19900517,2917.63
19900518,2925.89
19900521,2930.83
19900522,2970.87
19900523,3028.31
19900524,3048.01
19900525,3059.50
19900529,3048.55
19900530,3083.35
19900531,3132.32
19900601,3159.17
19900604,3153.22
19900605,3159.06
19900606,3172.49
19900607,3145.30
19900608,3174.33
19900611,3154.99
19900612,3203.00
19900613,3185.14
19900614,3191.55
19900615,3201.52
19900619,3229.02
19900620,3234.39
19900621,3246.21
19900622,3250.44
19900625,3276.44
19900626,3292.35
19900627,3284.47
19900628,3273.28
19900629,3278.24
19900702,3319.47
19900703,3356.55
19900704,3363.49
19900705,3356.44
19900706,3357.61
19900709,3385.15
19900710,3408.16
19900711,3440.93
19900712,3468.59
19900713,3507.16
19900716,3488.85
19900717,3463.94
19900718,3528.29
19900719,3523.58
19900720,3540.43
19900723,3559.89
19900724,3495.87
19900725,3520.54
19900726,3483.59
19900727,3485.80
19900730,3445.41
19900731,3438.49
19900801,3468.64
19900802,3415.18
19900803,3356.95
19900806,3107.98
19900807,3098.69
19900808,3145.57
19900809,3091.12
19900810,3078.97
19900813,3040.28
19900814,3067.53
19900815,3178.27
19900816,3183.29
19900817,3122.64
19900820,3052.84
19900821,3040.00
19900822,2954.93
19900823,2871.14
19900824,2918.01
19900828,3078.94
19900829,3015.95
19900830,3064.19
19900831,3087.50
19900903,3066.81
19900904,3054.16
19900905,3039.69
19900906,3032.85
19900907,3047.91
19900910,3087.74
19900911,3083.57
19900912,3105.04
19900913,3093.97
19900914,3062.04
19900917,3019.87
19900918,2996.66
19900919,2980.95
19900920,2984.54
19900921,2931.86
19900924,2861.77
19900925,2807.50
19900926,2778.74
19900927,2767.95
19900928,2760.82
19901001,2791.26
19901002,2905.48
19901003,2862.55
19901005,2850.45
19901008,2925.48
19901009,2913.52
19901010,2872.41
19901011,2884.41
19901012,2915.26
19901015,2916.38
19901016,2949.57
19901017,2958.54
19901018,2950.52
19901019,2991.95
19901022,3015.56
19901023,3081.23
19901024,3042.08
19901025,3050.88
19901029,3063.53
19901030,3011.65
19901031,2990.96
19901101,2968.74
19901102,2978.92
19901105,2967.24
19901106,2966.71
19901107,2955.19
19901108,2932.44
19901109,2932.92
19901112,2949.56
19901113,2998.97
19901114,3006.82
19901115,2990.47
19901116,3008.66
19901119,3042.58
19901120,3031.92
19901121,3013.66
19901122,3023.08
19901123,3016.06
19901126,2995.52
19901127,2998.94
19901128,2986.39
19901129,2978.35
19901130,2965.06
19901203,3020.17
19901204,3020.84
19901205,3066.23
19901206,3126.79
19901207,3163.69
19901210,3149.13
19901211,3144.62
19901212,3160.79
19901213,3150.12
19901214,3125.69
19901217,3051.92
19901218,3066.65
19901219,3083.44
19901220,3078.21
19901221,3079.67
19901224,3060.95
19901227,3066.71
19901228,3053.73
19901231,3024.55
19910102,3031.34
19910103,3004.88
19910104,3046.61
19910107,3026.52
19910108,3009.42
19910109,3027.60
19910110,3035.53
19910111,3058.37
19910114,3037.62
19910115,3000.82
19910116,2984.01
19910117,3087.83
19910118,3072.17
19910121,3066.98
19910122,3062.08
19910123,3090.40
19910124,3140.50
19910125,3206.36
19910128,3198.29
19910129,3192.90
19910130,3200.89
19910131,3243.30
19910201,3223.49
19910204,3250.43
19910205,3345.41
19910206,3365.46
19910207,3333.98
19910208,3359.09
19910211,3394.08
19910212,3395.00
19910213,3412.66
19910218,3473.42
19910219,3467.84
19910220,3492.16
19910221,3477.61
19910222,3475.34
19910225,3520.45
19910226,3532.43
19910227,3512.79
19910228,3552.14
19910301,3552.37
19910304,3564.34
19910305,3600.49
19910306,3647.33
19910307,3658.24
19910308,3653.19
19910311,3669.03
19910312,3658.07
19910313,3634.48
19910314,3627.91
19910315,3722.39
19910318,3724.35
19910319,3751.40
19910320,3683.41
19910321,3661.16
19910322,3716.15
19910325,3718.55
19910326,3683.90
19910327,3691.82
19910328,3745.97
19910402,3789.99
19910403,3869.70
19910404,3849.15
19910408,3812.01
19910409,3757.30
19910410,3777.62
19910411,3703.93
19910412,3742.00
19910415,3714.37
19910416,3717.46
19910417,3687.01
19910418,3699.26
19910419,3667.40
19910422,3582.49
19910423,3569.64
19910424,3605.29
19910425,3594.38
19910426,3625.80
19910429,3624.72
19910430,3588.36
19910501,3631.23
19910502,3726.14
19910503,3737.88
19910506,3704.43
19910507,3741.51
19910508,3747.80
19910509,3744.46
19910510,3750.20
19910513,3767.63
19910514,3785.14
19910515,3789.69
19910516,3859.66
19910517,3882.84
19910520,3917.09
19910521,3829.88
19910522,3826.62
19910523,3778.79
19910524,3703.98
19910527,3575.52
19910528,3594.78
19910529,3625.39
19910530,3679.72
19910531,3707.01
19910603,3688.14
19910604,3667.62
19910605,3690.01
19910606,3678.19
19910607,3637.77
19910610,3621.19
19910611,3631.48
19910612,3627.90
19910613,3632.55
19910614,3639.15
19910619,3626.13
19910620,3593.38
19910621,3565.14
19910624,3569.54
19910625,3604.26
19910626,3634.64
19910627,3629.79
19910628,3668.64
19910701,3738.85
19910702,3772.91
19910703,3796.57
19910704,3850.71
19910705,3892.71
19910708,3880.73
19910709,3904.19
19910710,3901.23
19910711,3892.12
19910712,3915.17
19910715,3945.12
19910716,3997.67
19910717,3962.46
19910718,3976.83
19910719,4009.35
19910722,3988.35
19910723,4009.82
19910724,4028.77
19910725,4012.62
19910726,4031.29
19910729,4016.29
19910730,3991.83
19910731,4009.58
19910801,4030.01
19910802,4059.40
19910805,4063.01
19910806,4021.27
19910807,4061.31
19910808,4046.56
19910809,4024.01
19910812,4070.14
19910813,4052.70
19910814,4079.01
19910815,4073.34
19910816,4063.28
19910819,3722.75
19910820,3848.44
19910821,3863.68
19910822,4045.57
19910823,4021.02
19910827,3981.96
19910828,3968.14
19910829,3960.23
19910830,3998.26
19910902,4023.54
19910903,4025.07
19910904,4006.45
19910905,3990.16
19910906,3970.91
19910909,3940.54
19910910,3959.27
19910911,3966.93
19910912,3970.10
19910913,3974.12
19910916,3953.53
19910917,3938.71
19910918,3900.48
19910919,3863.68
19910920,3910.34
19910924,3904.19
19910925,3901.95
19910926,3927.98
19910927,3938.72
19910930,3956.69
19911001,4023.87
19911002,4062.07
19911003,4093.41
19911004,4067.69
19911007,4060.37
19911008,4066.85
19911009,4076.38
19911010,4056.22
19911011,4017.98
19911014,4022.21
19911015,4033.75
19911017,4018.43
19911018,4015.91
19911021,3998.74
19911022,3981.66
19911023,4021.38
19911024,3989.34
19911025,3971.90
19911028,3988.60
19911029,4000.05
19911030,4020.04
19911031,4038.74
19911101,4037.82
19911104,4083.04
19911105,4146.54
19911106,4173.57
19911107,4184.74
19911108,4236.64
19911111,4230.91
19911112,4253.02
19911113,4240.28
19911114,4211.32
19911115,4271.34
19911118,4198.21
19911119,4261.23
19911120,4200.94
19911121,4234.57
19911122,4243.07
19911125,4220.74
19911126,4202.10
19911127,4179.30
19911128,4145.61
19911129,4149.80
19911202,4094.42
19911203,4124.38
19911204,4161.59
19911205,4157.15
19911206,4190.04
19911209,4203.20
19911210,4128.32
19911211,4097.23
19911212,4096.00
19911213,4155.48
19911216,4171.66
19911217,4185.03
19911218,4177.67
19911219,4182.81
19911220,4142.61
19911223,4146.12
19911224,4192.76
19911227,4236.20
19911230,4275.20
19911231,4297.33
19920102,4301.78
19920103,4307.13
19920106,4306.97
19920107,4347.93
19920108,4337.67
19920109,4334.54
19920110,4348.92
19920113,4325.91
19920114,4367.61
19920115,4382.66
19920116,4412.14
19920117,4454.89
19920120,4510.47
19920121,4522.21
19920122,4550.72
19920123,4625.84
19920124,4600.08
19920127,4554.73
19920128,4586.33
19920129,4571.13
19920130,4571.47
19920131,4601.78
19920203,4672.09
19920207,4711.37
19920210,4733.56
19920211,4674.52
19920212,4732.43
19920213,4763.50
19920214,4772.32
19920217,4719.19
19920218,4747.10
19920219,4725.70
19920220,4716.00
19920221,4736.47
19920224,4715.62
19920225,4760.20
19920226,4794.71
19920227,4895.13
19920228,4929.06
19920302,4952.19
19920303,4911.13
19920304,4954.50
19920305,4964.29
19920306,4908.90
19920309,4848.63
19920310,4918.95
19920311,5005.96
19920312,5042.81
19920313,5071.19
19920316,5059.86
19920317,5045.39
19920318,5036.07
19920319,4990.59
19920320,5015.81
19920323,5061.14
19920324,5052.32
19920325,5052.23
19920326,5037.71
19920327,5007.58
19920330,4978.27
19920331,4938.30
19920401,4909.96
19920402,4924.27
19920403,4916.70
19920406,4896.90
19920407,4926.43
19920408,4827.58
19920409,4729.39
19920410,4921.11
19920413,4889.14
19920414,4883.53
19920415,4986.11
19920416,5082.69
19920421,5093.09
19920422,5189.03
19920423,5287.78
19920424,5330.17
19920427,5371.77
19920428,5423.39
19920429,5362.41
19920430,5369.57
19920501,5484.21
19920504,5613.78
19920505,5631.21
19920506,5581.20
19920507,5629.58
19920508,5608.19
19920511,5632.34
19920512,5705.93
19920513,5757.95
19920514,5746.45
19920515,5704.50
19920518,5637.09
19920519,5642.24
19920520,5753.76
19920521,5865.61
19920522,5859.68
19920525,5993.11
19920526,6052.08
19920527,6082.70
19920528,5988.13
19920529,6080.15
19920601,6056.00
19920602,6059.39
19920603,6037.37
19920604,6035.80
19920608,5978.75
19920609,5940.19
19920610,5917.50
19920611,5826.54
19920612,5819.07
19920616,5846.75
19920617,5846.06
19920618,5796.10
19920619,5787.60
19920622,5819.94
19920623,5897.86
19920624,5965.21
19920625,6078.69
19920626,6113.10
19920629,6057.90
19920630,6103.92
19920701,6134.75
19920702,6073.74
19920703,6061.85
19920706,6024.77
19920707,5911.92
19920708,5981.91
19920709,5925.52
19920710,5981.36
19920713,6085.85
19920714,6097.19
19920715,6125.46
19920716,6162.53
19920717,6128.06
19920720,5986.49
19920721,6010.44
19920723,5917.16
19920724,5772.76
19920727,5664.39
19920728,5782.63
19920729,5857.29
19920730,5829.83
19920731,5881.13
19920803,5910.73
19920804,5859.78
19920805,5841.24
19920806,5865.27
19920807,5850.93
19920810,5867.94
19920811,5886.75
19920812,5879.19
19920813,5857.11
19920814,5822.59
19920817,5667.85
19920818,5675.16
19920819,5620.44
19920820,5481.61
19920821,5509.39
19920824,5390.93
19920825,5291.49
19920826,5478.81
19920827,5460.72
19920828,5628.60
19920901,5711.57
19920902,5734.45
19920903,5722.46
19920904,5707.51
19920907,5664.41
19920908,5700.59
19920909,5726.99
19920910,5631.55
19920911,5537.29
19920914,5607.15
19920915,5653.84
19920916,5633.13
19920917,5637.90
19920918,5689.32
19920921,5741.53
19920922,5740.18
19920923,5712.64
19920924,5658.73
19920925,5686.16
19920928,5597.20
19920929,5581.92
19920930,5505.44
19921001,5528.84
19921002,5595.44
19921006,5553.12
19921007,5589.03
19921008,5555.53
19921009,5596.71
19921012,5725.57
19921013,5756.10
19921014,5806.77
19921015,5913.64
19921016,5985.33
19921019,6089.91
19921020,6088.51
19921021,6200.85
19921022,6329.12
19921023,6262.54
19921026,6062.47
19921027,6218.01
19921028,6126.98
19921029,6117.50
19921030,6190.69
19921102,6231.17
19921103,6197.44
19921104,6325.37
19921105,6347.77
19921106,6315.01
19921109,6267.91
19921110,6273.08
19921111,6422.03
19921112,6447.11
19921113,6366.56
19921116,6294.83
19921117,6088.52
19921118,5848.33
19921119,5855.41
19921120,5878.18
19921123,5894.97
19921124,5972.52
19921125,5918.54
19921126,5913.18
19921127,5986.67
19921130,5810.63
19921201,5501.71
19921202,5411.65
19921203,4978.21
19921204,5268.10
19921207,5191.75
19921208,5202.36
19921209,5339.25
19921210,5273.79
19921211,5253.18
19921214,5267.73
19921215,5315.81
19921216,5415.96
19921217,5329.46
19921218,5192.66
19921221,5242.48
19921222,5297.74
19921223,5317.99
19921224,5442.01
19921228,5531.65
19921229,5444.13
19921230,5467.89
19921231,5512.39
19930104,5437.80
19930105,5548.03
19930106,5586.67
19930107,5547.32
19930108,5529.56
19930111,5673.10
19930112,5671.26
19930113,5778.74
19930114,5890.16
19930115,5871.80
19930118,5882.02
19930119,5897.90
19930120,5877.02
19930121,5914.39
19930126,5923.73
19930127,5939.89
19930128,5804.50
19930129,5751.40
19930201,5697.78
19930202,5662.53
19930203,5710.80
19930204,5778.01
19930205,5747.21
19930208,5786.65
19930209,5789.52
19930210,5835.55
19930211,5857.00
19930212,5858.15
19930215,6049.44
19930216,6065.62
19930217,6087.46
19930218,6186.94
19930219,6170.09
19930222,6231.88
19930223,6149.19
19930224,6177.69
19930225,6203.88
19930226,6351.99
19930301,6398.82
19930302,6344.23
19930303,6436.64
19930304,6467.80
19930305,6502.81
19930308,6482.16
19930309,6508.00
19930310,6488.46
19930311,6371.84
19930312,6170.40
19930315,5854.61
19930316,5980.04
19930317,5958.33
19930318,6051.26
19930319,6090.68
19930322,6060.04
19930323,6117.95
19930324,6212.19
19930325,6246.97
19930326,6341.25
19930329,6322.90
19930330,6406.49
19930331,6388.86
19930401,6408.88
19930402,6404.44
19930406,6340.83
19930407,6281.70
19930408,6285.67
19930413,6418.21
19930414,6789.74
19930415,6732.04
19930416,6697.15
19930419,6680.15
19930420,6638.54
19930421,6768.39
19930422,6759.24
19930423,6750.94
19930426,6845.75
19930427,6836.88
19930428,6894.90
19930429,6884.05
19930430,6830.51
19930503,6790.11
19930504,6827.29
19930505,6829.33
19930506,6795.52
19930507,6798.34
19930510,6739.23
19930511,6841.97
19930512,7002.60
19930513,7108.76
19930514,7005.29
19930517,7124.12
19930518,7149.30
19930519,7093.88
19930520,7118.96
19930521,7169.96
19930524,7276.39
19930525,7368.18
19930526,7349.72
19930527,7447.24
19930528,7397.91
19930531,7372.19
19930601,7375.81
19930602,7322.23
19930603,7155.29
19930604,7157.49
19930607,7124.73
19930608,7259.74
19930609,7339.08
19930610,7260.58
19930611,7266.74
19930615,7283.46
19930616,7304.83
19930617,7189.10
19930618,7200.75
19930621,7003.58
19930622,7046.73
19930623,7062.64
19930625,7014.08
19930628,7148.10
19930629,7107.47
19930630,7099.28
19930701,7205.38
19930702,7217.93
19930705,7205.41
19930706,7168.34
19930707,7141.11
19930708,7122.39
19930709,7070.61
19930712,6952.59
19930713,6956.10
19930714,6955.50
19930715,6978.54
19930716,6925.22
19930719,6813.72
19930720,6846.81
19930721,6839.98
19930722,6760.02
19930723,6750.33
19930726,6858.08
19930727,6865.97
19930728,6903.21
19930729,6899.93
19930730,6988.96
19930802,7029.03
19930803,7211.83
19930804,7164.20
19930805,7307.54
19930806,7396.77
19930809,7382.22
19930810,7329.81
19930811,7357.63
19930812,7339.55
19930813,7392.25
19930816,7489.49
19930817,7528.79
19930818,7560.97
19930819,7605.26
19930820,7545.36
19930823,7388.42
19930824,7327.68
19930825,7265.58
19930826,7449.08
19930827,7422.98
19930831,7549.73
19930901,7542.19
19930902,7493.45
19930903,7512.13
19930906,7519.66
19930907,7546.71
19930908,7607.13
19930909,7586.76
19930910,7593.45
19930913,7475.97
19930914,7473.85
19930915,7488.77
19930916,7418.11
19930920,7390.60
19930921,7495.31
19930922,7478.90
19930923,7581.00
19930924,7525.05
19930927,7452.09
19930928,7470.50
19930929,7551.10
19930930,7676.22
19931004,7744.32
19931005,7869.48
19931006,8041.57
19931007,8066.79
19931008,8005.56
19931011,8192.18
19931012,8253.45
19931013,8292.96
19931014,8412.40
19931015,8763.98
19931018,9031.13
19931019,8861.41
19931020,8902.80
19931021,8882.68
19931022,8719.32
19931025,8767.50
19931026,8790.90
19931027,8903.20
19931028,9010.27
19931029,9329.09
19931101,9635.21
19931102,9638.86
19931103,9342.45
19931104,9204.88
19931105,8996.93
19931108,9177.95
19931109,9088.47
19931110,9325.44
19931111,9674.83
19931112,9701.25
19931115,9733.34
19931116,9689.10
19931117,9506.98
19931118,9335.43
19931119,9263.94
19931122,9170.64
19931123,9036.02
19931124,9238.06
19931125,9286.31
19931126,9274.42
19931129,9012.77
19931130,9125.21
19931201,9254.03
19931202,9238.20
19931203,9294.35
19931206,9609.69
19931207,9736.57
19931208,9750.23
19931209,9990.26
19931210,10228.11
19931213,10248.59
19931214,10021.48
19931215,9945.26
19931216,10339.66
19931217,10568.86
19931220,10814.78
19931221,10524.28
19931222,10707.96
19931223,10881.20
19931224,11039.84
19931228,11570.22
19931229,11449.77
19931230,11877.39
19931231,11888.39
19940103,12086.49
19940104,12201.09
19940105,12167.93
19940106,11384.20
19940107,11001.48
19940110,11366.94
19940111,11155.81
19940112,10712.73
19940113,10176.51
19940114,10774.25
19940117,10792.92
19940118,11017.69
19940119,11363.77
19940120,11264.84
19940121,11459.37
19940124,11600.09
19940125,11490.94
19940126,11239.57
19940127,11470.42
19940128,11377.83
19940131,11487.02
19940201,11826.89
19940202,11785.83
19940203,11851.13
19940204,12157.57
19940207,11414.27
19940208,11454.16
19940209,11504.03
19940214,10988.81
19940215,11012.33
19940216,10634.14
19940217,10786.58
19940218,10825.88
19940221,10456.45
19940222,10674.01
19940223,10763.23
19940224,10432.02
19940225,10100.25
19940228,10410.23
19940301,10148.36
19940302,9877.43
19940303,9802.03
19940304,9918.19
19940307,10061.55
19940308,10294.58
19940309,10224.38
19940310,10129.05
19940311,9905.66
19940314,9980.07
19940315,9863.56
19940316,9720.61
19940317,9513.13
19940318,9132.31
19940321,8667.03
19940322,9012.17
19940323,9465.53
19940324,9320.75
19940325,9234.21
19940328,9197.03
19940329,9480.14
19940330,9232.21
19940331,9029.91
19940406,9234.31
19940407,9285.92
19940408,9298.22
19940411,9476.77
19940412,9738.09
19940413,9753.76
19940414,9600.63
19940415,9536.06
19940418,9506.84
19940419,9303.91
19940420,9221.01
19940421,8934.59
19940422,9156.85
19940425,9136.11
19940426,9328.64
19940427,9113.25
19940428,9163.09
19940429,8966.07
19940502,8799.70
19940503,8679.13
19940504,8369.44
19940505,8412.88
19940506,8620.27
19940509,8421.70
19940510,8540.09
19940511,8906.16
19940512,8878.86
19940513,9134.72
19940516,9253.41
19940517,9044.70
19940518,9476.64
19940519,9354.98
19940520,9631.63
19940523,9589.78
19940524,9490.11
19940525,9521.37
19940526,9481.71
19940527,9470.13
19940530,9523.63
19940531,9553.56
19940601,9512.07
19940602,9222.34
19940603,9234.27
19940606,9383.03
19940607,9247.88
19940608,9291.18
19940609,9190.64
19940610,9111.16
19940615,9149.52
19940616,9022.92
19940617,9113.96
19940620,8998.18
19940621,8857.78
19940622,8876.84
19940623,8966.79
19940624,8881.00
19940627,8647.48
19940628,8673.49
19940629,8640.31
19940630,8758.41
19940701,8634.37
19940704,8628.28
19940705,8623.19
19940706,8454.92
19940707,8490.86
19940708,8432.96
19940711,8394.94
19940712,8591.45
19940713,8828.91
19940714,8808.28
19940715,9117.02
19940718,9193.83
19940719,9145.01
19940720,9188.82
19940721,9117.66
19940722,9152.99
19940725,9174.62
19940726,9194.36
19940727,9402.18
19940728,9402.66
19940729,9482.81
19940801,9683.68
19940802,9695.03
19940803,9585.89
19940804,9642.85
19940805,9602.21
19940808,9537.87
19940809,9446.43
19940810,9618.08
19940811,9524.54
19940812,9464.56
19940815,9486.13
19940816,9366.62
19940817,9537.98
19940818,9518.89
19940819,9404.44
19940822,9457.33
19940823,9234.06
19940824,9238.69
19940825,9336.11
19940826,9399.08
19940830,9686.56
19940831,9929.39
19940901,9890.90
19940902,9901.56
19940905,9962.04
19940906,10035.97
19940907,10165.87
19940908,10150.98
19940909,10145.02
19940912,9890.37
19940913,9937.01
19940914,9846.40
19940915,9862.64
19940916,9968.52
19940919,9801.43
19940920,9824.75
19940922,9668.14
19940923,9632.47
19940926,9643.63
19940927,9610.24
19940928,9693.49
19940929,9700.21
19940930,9521.24
19941003,9492.49
19941004,9504.12
19941005,9298.36
19941006,9276.25
19941007,9284.88
19941010,9248.40
19941011,9362.32
19941012,9532.35
19941014,9550.93
19941017,9455.94
19941018,9418.57
19941019,9320.06
19941020,9388.78
19941021,9338.59
19941024,9364.29
19941025,9246.50
19941026,9252.44
19941027,9304.58
19941028,9379.47
19941031,9646.25
19941101,9573.40
19941102,9451.76
19941103,9491.96
19941104,9530.40
19941107,9434.31
19941108,9416.09
19941109,9405.48
19941110,9390.76
19941111,9367.85
19941114,9378.92
19941115,9565.66
19941116,9592.24
19941117,9518.28
19941118,9427.44
19941121,9303.24
19941122,8948.43
19941123,8576.03
19941124,8647.86
19941125,8658.83
19941128,8662.37
19941129,8658.26
19941130,8466.26
19941201,8430.80
19941202,8221.57
19941205,8302.53
19941206,8332.65
19941207,8268.50
19941208,8068.31
19941209,7789.07
19941212,7707.78
19941213,7849.75
19941214,7997.35
19941215,8259.56
19941216,8166.39
19941219,8178.34
19941220,8267.33
19941221,8331.56
19941222,8412.66
19941223,8311.88
19941228,8268.22
19941229,8196.02
19941230,8191.04
19950103,7844.14
19950104,7887.01
19950105,7918.38
19950106,7683.25
19950109,7528.88
19950110,7541.72
19950111,7392.75
19950112,7418.05
19950113,7252.34
19950116,7504.24
19950117,7606.51
19950118,7630.20
19950119,7422.00
19950120,7278.10
19950123,6967.93
19950124,7022.90
19950125,7240.72
19950126,7310.53
19950127,7297.12
19950130,7342.65
19950203,7478.92
19950206,7897.80
19950207,8004.01
19950208,7934.83
19950209,8054.88
19950210,8012.82
19950213,7974.82
19950214,7862.67
19950215,8103.14
19950216,8133.34
19950217,8043.01
19950220,7906.74
19950221,8082.29
19950222,7909.27
19950223,7976.41
19950224,8218.95
19950227,8126.65
19950228,8327.52
19950301,8296.96
19950302,8253.33
19950303,8185.15
19950306,8093.91
19950307,8138.66
19950308,7929.99
19950309,8076.79
19950310,7949.39
19950313,8111.27
19950314,8094.58
19950315,8365.21
19950316,8347.75
19950317,8534.71
19950320,8594.43
19950321,8580.31
19950322,8509.11
19950323,8467.67
19950324,8484.66
19950327,8687.54
19950328,8827.93
19950329,8732.75
19950330,8670.73
19950331,8587.72
19950403,8400.44
19950404,8491.93
19950406,8418.18
19950407,8470.28
19950410,8469.78
19950411,8514.60
19950412,8509.69
19950413,8661.99
19950418,8644.97
19950419,8583.91
19950420,8631.37
19950421,8645.39
19950424,8625.55
19950425,8505.60
19950426,8285.69
19950427,8312.29
19950428,8361.03
19950501,8226.04
19950502,8212.11
19950503,8299.67
19950504,8319.75
19950505,8332.17
19950508,8488.36
19950509,8574.08
19950510,8797.87
19950511,9025.66
19950512,9217.83
19950515,9189.79
19950516,9162.32
19950517,9170.24
19950518,9115.72
19950519,9013.32
19950522,9058.74
19950523,9302.86
19950524,9258.18
19950525,9390.60
19950526,9329.18
19950529,9316.17
19950530,9245.30
19950531,9407.38
19950601,9559.74
19950605,9570.37
19950606,9497.83
19950607,9382.58
19950608,9292.78
19950609,9267.62
19950612,9121.45
19950613,9103.17
19950614,9364.77
19950615,9262.00
19950616,9313.95
19950620,9278.69
19950621,9243.65
19950622,9158.95
19950623,9224.36
19950626,9201.25
19950627,9199.54
19950628,9151.37
19950629,9200.13
19950630,9206.54
19950703,9138.21
19950704,9182.47
19950705,9407.27
19950706,9376.87
19950707,9632.25
19950710,9727.54
19950711,9669.97
19950712,9639.62
19950713,9742.44
19950714,9727.96
19950717,9633.98
19950718,9616.98
19950719,9418.91
19950720,9423.20
19950721,9410.23
19950724,9288.04
19950725,9359.10
19950726,9354.95
19950727,9361.33
19950728,9451.69
19950731,9453.42
19950801,9385.27
19950802,9410.14
19950803,9379.72
19950804,9362.83
19950807,9318.40
19950808,9303.82
19950809,9301.65
19950810,9142.55
19950811,9006.93
19950814,8924.27
19950815,8931.31
19950816,8985.05
19950817,8896.66
19950818,8895.82
19950821,8900.48
19950822,8947.19
19950823,9132.64
19950824,9058.34
19950825,9080.39
19950829,9152.89
19950830,9197.21
19950831,9179.86
19950901,9196.47
19950904,9252.95
19950905,9222.91
19950906,9194.68
19950907,9278.99
19950908,9393.21
19950911,9438.95
19950912,9434.81
19950913,9581.36
19950914,9680.10
19950915,9797.40
19950918,9770.05
19950919,9646.14
19950920,9630.96
19950921,9536.27
19950922,9541.87
19950925,9497.88
19950926,9583.34
19950927,9650.60
19950928,9600.56
19950929,9646.34
19951002,9724.98
19951003,9805.46
19951004,9939.95
19951005,9888.04
19951006,9873.90
19951009,9863.44
19951010,9730.92
19951011,9635.06
19951012,9685.14
19951013,9883.78
19951016,10009.28
19951017,10032.93
19951018,9973.70
19951019,9981.61
19951020,9895.24
19951023,9880.53
19951024,9775.66
19951025,9841.06
19951026,9774.48
19951027,9680.75
19951030,9672.39
19951031,9782.39
19951102,9749.36
19951103,9855.80
19951106,9736.10
19951107,9732.41
19951108,9562.45
19951109,9497.83
19951110,9411.85
19951113,9385.22
19951114,9407.37
19951115,9431.38
19951116,9367.65
19951117,9287.90
19951120,9373.91
19951121,9452.09
19951122,9501.61
19951123,9505.67
19951124,9488.75
19951127,9523.87
19951128,9623.79
19951129,9617.32
19951130,9813.34
19951201,9862.55
19951204,9940.63
19951205,9975.37
19951206,9898.89
19951207,9863.98
19951208,9863.61
19951211,9835.17
19951212,9927.79
19951213,9920.88
19951214,9912.84
19951215,9858.65
19951218,9806.58
19951219,9705.86
19951220,9877.86
19951221,9907.61
19951222,9932.20
19951227,9985.23
19951228,9998.17
19951229,10073.39
19960102,10204.87
19960103,10397.44
19960104,10573.90
19960105,10529.90
19960108,10466.67
19960109,10427.20
19960110,10304.63
19960111,10429.82
19960112,10540.01
19960115,10634.50
19960116,10671.15
19960117,10593.82
19960118,10536.49
19960119,10764.09
19960122,10955.33
19960123,10957.22
19960124,10960.21
19960125,11103.08
19960126,11111.87
19960129,11058.97
19960130,11201.46
19960131,11359.70
19960201,11362.80
19960202,11469.40
19960205,11484.12
19960206,11391.38
19960207,11388.59
19960208,11331.77
19960209,11310.28
19960212,11256.59
19960213,11200.19
19960214,11364.46
19960215,11471.81
19960216,11594.99
19960222,11338.45
19960223,11390.41
19960226,11210.42
19960227,11197.02
19960228,11264.65
19960229,11125.68
19960301,11194.94
19960304,11254.05
19960305,11454.08
19960306,11378.73
19960307,11194.48
19960308,11217.79
19960311,10397.45
19960312,10602.45
19960313,10249.48
19960314,10451.75
19960315,10557.58
19960318,10601.28
19960319,10880.50
19960320,10836.53
19960321,11027.96
19960322,11026.73
19960325,11111.76
19960326,10984.47
19960327,11066.57
19960328,11030.58
19960329,10957.20
19960401,10926.84
19960402,11144.64
19960403,11139.88
19960409,11107.37
19960410,11077.55
19960411,10892.57
19960412,10849.80
19960415,10949.57
19960416,11032.98
19960417,10962.69
19960418,10909.29
19960419,10818.49
19960422,10909.98
19960423,10889.05
19960424,10898.69
19960425,10753.38
19960426,10732.79
19960429,10835.75
19960430,10964.53
19960501,10907.01
19960502,10929.90
19960503,10734.24
19960506,10697.54
19960507,10702.17
19960508,10617.32
19960509,10573.00
19960510,10597.73
19960513,10746.00
19960514,10817.88
19960515,10863.83
19960516,10833.41
19960517,10816.85
19960520,10987.59
19960521,11088.77
19960522,11082.79
19960523,11030.84
19960524,11019.16
19960527,11081.69
19960528,11107.02
19960529,11200.56
19960530,11157.07
19960531,11264.73
19960603,11059.81
19960604,11086.91
19960605,11092.51
19960606,11225.83
19960607,11196.55
19960610,11143.24
19960611,10993.55
19960612,10958.67
19960613,10866.02
19960614,10864.99
19960618,10952.78
19960619,10904.47
19960621,10855.29
19960624,10959.72
19960625,10982.77
19960626,11059.92
19960627,11002.45
19960628,11020.90
19960701,11002.61
19960702,11084.43
19960703,11063.28
19960704,11181.82
19960705,11177.13
19960708,10890.05
19960709,10929.63
19960710,10911.76
19960711,10921.35
19960712,10802.68
19960715,10800.13
19960716,10627.98
19960717,10609.10
19960718,10711.24
19960719,10845.30
19960722,10798.29
19960723,10865.31
19960724,10699.86
19960725,10706.97
19960726,10705.57
19960729,10651.80
19960730,10585.86
19960731,10681.42
19960801,10789.87
19960802,10961.97
19960805,11071.43
19960806,11134.60
19960807,11127.54
19960808,11164.36
19960809,11104.03
19960812,11181.88
19960813,11165.67
19960814,11166.77
19960815,11158.39
19960816,11175.98
19960819,11213.48
19960820,11312.51
19960821,11436.50
19960822,11478.77
19960823,11424.64
19960827,11338.93
19960828,11379.49
19960829,11328.21
19960830,11159.02
19960902,11106.57
19960903,10957.18
19960904,11076.95
19960905,11040.51
19960906,11025.59
19960909,11212.60
19960910,11223.62
19960911,11236.36
19960912,11251.72
19960913,11369.04
19960916,11567.90
19960917,11621.61
19960918,11594.03
19960919,11586.68
19960920,11592.36
19960923,11622.13
19960924,11546.70
19960925,11603.53
19960926,11636.13
19960927,11759.39
19960930,11902.43
19961001,11921.22
19961002,11951.88
19961003,12014.56
19961004,11905.51
19961007,12133.07
19961008,12106.76
19961009,12250.57
19961010,12242.47
19961011,12218.40
19961014,12330.35
19961015,12490.70
19961016,12396.18
19961017,12436.80
19961018,12510.05
19961022,12444.66
19961023,12492.37
19961024,12473.56
19961025,12388.38
19961028,12262.77
19961029,12192.17
19961030,12405.47
19961031,12477.56
19961101,12529.27
19961104,12559.40
19961105,12502.70
19961106,12775.47
19961107,12735.26
19961108,12751.16
19961111,12771.86
19961112,12806.31
19961113,12943.69
19961114,13004.80
19961115,12889.37
19961118,13042.80
19961119,13056.93
19961120,13167.16
19961121,13099.56
19961122,13116.79
19961125,13239.39
19961126,13485.33
19961127,13530.95
19961128,13310.76
19961129,13393.93
19961202,13517.56
19961203,13456.26
19961204,13434.24
19961205,13491.56
19961206,13102.73
19961209,13144.23
19961210,13342.46
19961211,13189.60
19961212,13053.28
19961213,12784.07
19961216,12937.48
19961217,12815.37
19961218,12766.02
19961219,12846.56
19961220,13131.41
19961223,13331.48
19961224,13341.61
19961227,13404.14
19961230,13480.75
19961231,13451.45
19970102,13203.44
19970103,13222.79
19970106,13443.93
19970107,13420.16
19970108,13454.93
19970109,13198.11
19970110,13191.50
19970113,13289.21
19970114,13293.87
19970115,13766.65
19970116,13830.68
19970117,13856.40
19970120,13868.24
19970121,13732.79
19970122,13692.79
19970123,13610.33
19970124,13379.55
19970127,13294.90
19970128,13403.29
19970129,13285.43
19970130,13288.40
19970131,13321.79
19970203,13451.07
19970204,13548.43
19970205,13660.50
19970210,13643.54
19970211,13454.21
19970212,13462.61
19970213,13239.95
19970214,13113.26
19970217,13144.62
19970218,13102.94
19970219,13106.32
19970220,13411.33
19970221,13444.85
19970224,13375.69
19970225,13520.26
19970226,13541.83
19970227,13546.60
19970228,13398.72
19970303,13507.28
19970304,13450.08
19970305,13410.76
19970306,13416.36
19970307,13337.35
19970310,13268.76
19970311,13252.20
19970312,13119.13
19970313,12917.09
19970314,12736.53
19970317,12838.53
19970318,12748.91
19970319,12651.42
19970320,12472.33
19970321,12489.30
19970324,12749.14
19970325,12832.53
19970326,12776.39
19970327,12534.32
19970401,12074.19
19970402,12136.32
19970403,12055.17
19970404,12204.59
19970407,12287.84
19970408,12398.57
19970409,12426.68
19970410,12358.70
19970411,12516.60
19970414,12295.97
19970415,12342.02
19970416,12581.31
19970417,12516.23
19970418,12541.18
19970421,12626.04
19970422,12580.85
19970423,12707.04
19970424,12726.83
19970425,12645.76
19970428,12610.17
19970429,12600.42
19970430,12903.30
19970501,13020.78
19970502,13081.70
19970505,13399.34
19970506,13579.34
19970507,13605.91
19970508,13740.30
19970509,13930.80
19970512,13987.80
19970513,13906.46
19970514,14153.58
19970515,14041.90
19970516,14062.37
19970519,14108.82
19970520,14236.20
19970521,14235.52
19970522,14212.00
19970523,14331.68
19970526,14574.64
19970527,14540.16
19970528,14556.48
19970529,14416.57
19970530,14757.81
19970602,14990.90
19970603,14760.17
19970604,14831.58
19970605,14795.52
19970606,14655.13
19970610,14439.71
19970611,14421.52
19970612,13924.34
19970613,14112.55
19970616,14394.60
19970617,14307.15
19970618,14203.89
19970619,14506.49
19970620,15154.36
19970623,15021.23
19970624,14890.96
19970625,15065.02
19970626,15128.02
19970627,15196.79
19970703,15055.74
19970704,14822.97
19970707,14858.58
19970708,14792.17
19970709,14703.73
19970710,14839.23
19970711,15225.29
19970714,15370.94
19970715,15487.24
19970716,15446.02
19970717,15706.29
19970718,15570.40
19970721,15536.30
19970722,15446.78
19970723,15738.81
19970724,15709.23
19970725,15658.12
19970728,15666.59
19970729,15772.06
19970730,15983.18
19970731,16365.71
19970801,16379.22
19970804,16259.59
19970805,16371.52
19970806,16541.60
19970807,16673.27
19970808,16647.54
19970811,16460.47
19970812,16383.41
19970813,16482.93
19970814,16497.71
19970815,16096.88
19970819,15477.26
19970820,15855.67
19970821,15654.03
19970822,15429.75
19970825,15598.88
19970826,15547.22
19970827,15533.95
19970828,14876.10
19970829,14135.25
19970901,13425.65
19970902,13735.33
19970903,14713.99
19970904,14199.17
19970905,14563.55
19970908,14806.49
19970909,14996.66
19970910,14805.44
19970911,14308.30
19970912,14470.46
19970915,14630.65
19970916,14411.19
19970918,14419.45
19970919,14384.13
19970922,14108.08
19970923,14094.38
19970924,14205.44
19970925,14636.59
19970926,14710.87
19970929,14864.37
19970930,15049.30
19971003,15128.02
19971006,14776.78
19971007,14810.76
19971008,14838.52
19971009,14273.12
19971013,14072.90
19971014,13836.56
19971015,13384.24
19971016,13567.26
19971017,13601.01
19971020,12970.88
19971021,12403.10
19971022,11637.77
19971023,10426.30
19971024,11144.34
19971027,10498.20
19971028,9059.89
19971029,10765.30
19971030,10362.86
19971031,10623.78
19971103,11255.11
19971104,10780.78
19971105,10681.75
19971106,10412.56
19971107,10104.50
19971110,9992.84
19971111,10004.12
19971112,9607.91
19971113,9720.78
19971114,9957.33
19971117,10419.75
19971118,10245.17
19971119,10154.36
19971120,10050.67
19971121,10548.20
19971124,10586.36
19971125,10325.55
19971126,10590.11
19971127,10583.09
19971128,10526.91
19971201,10750.87
19971202,11216.34
19971203,11207.58
19971204,11474.94
19971205,11527.59
19971208,11722.94
19971209,11490.66
19971210,11022.41
19971211,10420.21
19971212,10614.66
19971215,10435.15
19971216,10346.37
19971217,10692.70
19971218,10754.11
19971219,10405.80
19971222,10172.46
19971223,10368.09
19971224,10342.44
19971229,10502.99
19971230,10755.21
19971231,10722.75
19980102,10680.57
19980105,10303.54
19980106,10135.50
19980107,9538.61
19980108,9254.53
19980109,8894.63
19980112,8121.06
19980113,8720.00
19980114,9226.54
19980115,8578.98
19980116,8900.04
19980119,9400.41
19980120,9433.70
19980121,9246.79
19980122,8883.73
19980123,8920.20
19980126,8973.86
19980127,9252.36
19980202,10578.59
19980203,10525.50
19980204,10302.61
19980205,10442.12
19980206,10485.86
19980209,10873.15
19980210,10859.66
19980211,10793.41
19980212,10620.03
19980213,10274.59
19980216,10124.03
19980217,10232.03
19980218,10670.95
19980219,10581.26
19980220,10599.79
19980223,10685.21
19980224,10683.33
19980225,10886.74
19980226,11224.78
19980227,11480.69
19980302,11318.83
19980303,11425.46
19980304,11350.80
19980305,10803.67
19980306,10919.53
19980309,10994.08
19980310,10898.57
19980311,11118.84
19980312,10902.46
19980313,11057.03
19980316,11181.54
19980317,11255.54
19980318,11121.65
19980319,11445.04
19980320,11564.23
19980323,11594.33
19980324,11645.42
19980325,11810.62
19980326,11757.87
19980327,11735.50
19980330,11503.75
19980331,11518.67
19980401,11331.41
19980402,11189.71
19980403,11052.67
19980407,11049.42
19980408,11314.46
19980409,11342.01
19980414,11420.33
19980415,11371.05
19980416,11187.78
19980417,11001.32
19980420,11151.62
19980421,10968.25
19980422,10977.46
19980423,10918.94
19980424,10879.92
19980427,10593.71
19980428,10678.61
19980429,10471.15
19980430,10383.67
19980501,10563.67
19980504,10439.41
19980505,10153.66
19980506,10109.13
19980507,9971.92
19980508,10060.37
19980511,10096.37
19980512,9841.50
19980513,9469.29
19980514,9591.95
19980515,9538.38
19980518,9411.96
19980519,9449.11
19980520,9549.17
19980521,9670.45
19980522,9555.98
19980525,9544.53
19980526,9482.21
19980527,8983.42
19980528,8877.94
19980529,8934.55
19980601,8612.00
19980602,8598.16
19980603,8819.21
19980604,8558.42
19980605,8569.46
19980608,8586.62
19980609,8391.46
19980610,7979.37
19980611,7886.06
19980612,7915.43
19980615,7462.50
19980616,7526.45
19980617,8004.35
19980618,8515.96
19980619,8591.91
19980622,8204.21
19980623,8219.66
19980624,8296.76
19980625,8665.83
19980626,8607.86
19980629,8460.71
19980630,8543.09
19980702,8866.16
19980703,8639.30
19980706,8484.12
19980707,8444.17
19980708,8629.17
19980709,8433.78
19980710,8205.76
19980713,8099.20
19980714,8178.93
19980715,8456.21
19980716,8586.57
19980717,8628.92
19980720,8493.25
19980721,8564.54
19980722,8420.71
19980723,8176.25
19980724,8257.46
19980727,7984.43
19980728,7926.10
19980729,7808.83
19980730,7906.16
19980731,7936.20
19980803,7552.77
19980804,7580.79
19980805,7466.43
19980806,7254.35
19980807,7018.41
19980810,7034.62
19980811,6779.95
19980812,6859.48
19980813,6660.41
19980814,7224.68
19980818,7210.91
19980819,7622.58
19980820,7742.52
19980821,7527.60
19980824,7845.48
19980825,7890.08
19980826,7834.39
19980827,7922.97
19980828,7829.74
19980831,7275.04
19980901,7062.47
19980902,7355.66
19980903,7318.58
19980904,7488.47
19980907,8076.75
19980908,8189.25
19980909,7905.45
19980910,7849.96
19980911,7578.48
19980914,7661.85
19980915,7733.47
19980916,7860.68
19980917,7576.56
19980918,7445.96
19980921,7170.23
19980922,7373.50
19980923,7504.39
19980924,7834.60
19980925,7701.60
19980928,7946.04
19980929,7837.60
19980930,7883.46
19981005,7564.54
19981007,7744.72
19981008,7939.50
19981009,8506.79
19981012,8990.26
19981013,9008.83
19981014,8840.00
19981015,8970.41
19981016,9777.00
19981019,9599.04
19981020,9642.75
19981021,9662.12
19981022,9658.58
19981023,9817.75
19981026,9778.91
19981027,9927.04
19981029,9931.46
19981030,10154.94
19981102,10170.08
19981103,10358.51
19981104,10508.25
19981105,10221.98
19981106,10139.75
19981109,9851.92
19981110,9721.33
19981111,10137.32
19981112,9948.17
19981113,9997.99
19981116,10298.08
19981117,10148.69
19981118,10213.41
19981119,10313.29
19981120,10233.36
19981123,10514.53
19981124,10851.71
19981125,10720.99
19981126,10778.91
19981127,10742.11
19981130,10402.32
19981201,9975.84
19981202,10055.78
19981203,10046.15
19981204,9963.13
19981207,10428.82
19981208,10351.08
19981209,10361.29
19981210,10315.44
19981211,9952.00
19981214,9825.21
19981215,9952.83
19981216,9939.38
19981217,10083.30
19981218,10226.23
19981221,10396.00
19981222,10322.55
19981223,10158.75
19981224,10292.20
19981228,10170.13
19981229,10225.96
19981230,10121.44
19981231,10048.58
19990104,9809.16
19990105,9891.05
19990106,10233.79
19990107,10693.57
19990108,10722.70
19990111,10634.26
19990112,10711.55
19990113,10273.76
19990114,10183.12
19990115,10147.40
19990118,10402.54
19990119,10290.11
19990120,10314.91
19990121,10048.57
19990122,9738.51
19990125,9499.50
19990126,9509.83
19990127,9719.66
19990128,9360.96
19990129,9506.90
19990201,9599.54
19990202,9502.71
19990203,9419.84
19990204,9438.65
19990205,9190.20
19990208,9139.59
19990209,9244.49
19990210,9076.33
19990211,9146.79
19990212,9425.41
19990215,9402.38
19990219,9254.12
19990222,9229.33
19990223,9433.99
19990224,9677.57
19990225,9658.07
19990226,9858.49
19990301,10020.46
19990302,9913.58
19990303,9922.40
19990304,9912.75
19990305,10241.12
19990308,10263.99
19990309,10532.95
19990310,10749.00
19990311,10662.80
19990312,10801.75
19990315,10836.86
19990316,10911.25
19990317,10940.07
19990318,10659.32
19990319,11082.91
19990322,11107.24
19990323,11041.00
19990324,10711.33
19990325,10826.12
19990326,10803.30
19990329,10688.46
19990330,10940.21
19990331,10942.20
19990401,11072.98
19990407,11614.87
19990408,11727.83
19990409,11914.09
19990412,11744.74
19990413,11899.69
19990414,11834.12
19990415,11962.23
19990416,12490.29
19990419,12766.44
19990420,12409.78
19990421,12543.75
19990422,12933.54
19990423,12905.29
19990426,13127.01
19990427,13364.79
19990428,13133.38
19990429,13179.70
19990430,13333.20
19990503,13337.07
19990504,13559.69
19990505,13586.21
19990506,13570.24
19990507,12997.42
19990510,13163.20
19990511,12874.37
19990512,13012.96
19990513,13053.66
19990514,12855.51
19990517,12588.59
19990518,12627.09
19990519,12403.13
19990520,12375.41
19990521,12272.13
19990524,12436.86
19990525,12346.91
19990526,12409.16
19990527,12308.53
19990528,12059.25
19990531,12147.12
19990601,12363.55
19990602,12458.63
19990603,12471.61
19990604,12415.54
19990607,12837.38
19990608,12864.86
19990609,12874.41
19990610,12839.21
19990611,12992.75
19990614,13007.57
19990615,12935.41
19990616,13155.12
19990617,13408.26
19990621,13994.23
19990622,14004.87
19990623,13976.04
19990624,13780.12
19990625,13784.50
19990628,13840.29
19990629,13765.49
19990630,13532.13
19990702,14184.58
19990705,14506.74
19990706,14372.61
19990707,14257.44
19990708,14226.29
19990709,14222.57
19990712,14061.83
19990713,13980.92
19990714,13575.57
19990715,13758.88
19990716,13545.24
19990719,13447.12
19990720,13600.40
19990721,13419.66
19990722,13369.05
19990723,13093.70
19990726,12866.51
19990727,13075.08
19990728,13140.41
19990729,13117.83
19990730,13186.86
19990802,13435.42
19990803,13473.83
19990804,13591.01
19990805,13254.33
19990806,13167.05
19990809,12945.46
19990810,12596.71
19990811,12437.79
19990812,12779.75
19990813,12608.17
19990816,12894.78
19990817,12783.16
19990818,12993.09
19990819,13403.58
19990820,13566.74
19990823,13573.66
19990824,13633.87
19990825,13479.12
19990826,13608.37
19990827,13383.12
19990830,13688.66
19990831,13482.76
19990901,13544.19
19990902,13367.55
19990903,13178.30
19990906,13385.16
19990907,13396.08
19990908,13356.62
19990909,13854.87
19990910,13855.92
19990913,13860.84
19990914,13804.03
19990915,13430.59
19990917,13484.83
19990920,13472.37
19990921,13420.46
19990922,13187.62
19990923,13214.44
19990924,13032.07
19990927,12760.46
19990928,12844.92
19990929,12834.88
19990930,12733.24
19991004,12875.86
19991005,12998.88
19991006,13017.98
19991007,13113.20
19991008,13112.41
19991011,12992.71
19991012,12759.34
19991013,12475.87
19991014,12486.82
19991015,12299.08
19991019,12134.12
19991020,12498.55
19991021,12523.00
19991022,12863.08
19991025,13034.17
19991026,12797.37
19991027,12709.07
19991028,12758.87
19991029,13256.95
19991101,13322.11
19991102,13335.83
19991103,13257.33
19991104,13651.50
19991105,13610.26
19991108,13521.11
19991109,13669.70
19991110,13975.54
19991111,14105.71
19991112,14189.66
19991115,14562.21
19991116,14689.46
19991117,14704.48
19991118,14721.74
19991119,15073.09
19991122,15285.03
19991123,15393.20
19991124,15307.28
19991125,14998.76
19991126,15274.53
19991129,15461.11
19991130,15377.19
19991201,15422.51
19991202,15603.04
19991203,15840.41
19991206,16168.62
19991207,16073.08
19991208,15989.37
19991209,16370.95
19991210,16380.21
19991213,16442.10
19991214,16282.70
19991215,15825.30
19991216,15571.36
19991217,15986.34
19991220,16212.38
19991221,16248.74
19991222,16192.40
19991223,16296.08
19991224,16833.27
19991228,16928.28
19991229,16660.82
19991230,16962.09
20000103,17369.63
20000104,17072.82
20000105,15846.71
20000106,15153.23
20000107,15405.62
20000110,15848.15
20000111,15862.09
20000112,15714.20
20000113,15633.96
20000114,15542.23
20000117,15574.55
20000118,15789.20
20000119,15275.33
20000120,15215.30
20000121,15108.41
20000124,15167.54
20000125,15103.04
20000126,15427.71
20000127,15917.80
20000128,16185.94
20000131,15532.33
20000201,15653.86
20000202,15789.82
20000203,15968.12
20000208,16228.73
20000209,16819.46
20000210,16845.16
20000211,17380.30
20000214,17188.96
20000215,16688.16
20000216,17043.39
20000217,16981.23
20000218,16599.16
20000221,16322.37
20000222,16255.16
20000223,16376.79
20000224,17058.66
20000225,17200.98
20000228,16984.43
20000229,17169.43
20000301,16843.58
20000302,16936.81
20000303,17285.24
20000306,17758.75
20000307,17865.35
20000308,17951.42
20000309,17637.02
20000310,17831.85
20000313,17096.67
20000314,16929.16
20000315,16747.19
20000316,16359.00
20000317,17082.99
20000320,17234.46
20000321,17199.98
20000322,17547.03
20000323,17710.58
20000324,17784.57
20000327,18292.85
20000328,18301.68
20000329,18096.36
20000330,17467.15
20000331,17406.53
20000403,16892.92
20000405,16318.44
20000406,16491.39
20000407,16941.67
20000410,16850.74
20000411,16487.66
20000412,16577.08
20000413,16352.55
20000414,16142.75
20000417,14762.37
20000418,15278.32
20000419,15427.20
20000420,15367.13
20000425,15380.00
20000426,15227.38
20000427,15192.87
20000428,15519.29
20000502,15817.75
20000503,15577.46
20000504,15314.07
20000505,15268.63
20000508,14901.00
20000509,14776.90
20000510,14492.91
20000512,15111.94
20000515,14881.29
20000516,15160.29
20000517,14827.80
20000518,14322.59
20000519,14478.25
20000522,14140.73
20000523,14257.17
20000524,13933.98
20000525,13921.05
20000526,13722.70
20000529,13975.07
20000530,13990.90
20000531,14713.86
20000601,14941.19
20000602,15284.09
20000605,15861.67
20000607,15900.05
20000608,15876.92
20000609,16120.25
20000612,16055.04
20000613,15692.94
20000614,15857.07
20000615,16080.33
20000616,16434.38
20000619,16267.46
20000620,16086.74
20000621,16238.13
20000622,15952.36
20000623,15738.08
20000626,15978.91
20000627,16155.76
20000628,16438.41
20000629,16286.79
20000630,16155.78
20000703,16124.96
20000704,16235.75
20000705,16474.26
20000706,16489.58
20000707,16829.96
20000710,17238.66
20000711,17359.66
20000712,17552.25
20000713,17449.50
20000714,17586.16
20000717,17834.77
20000718,17440.83
20000719,17710.07
20000720,17758.50
20000721,17920.85
20000724,17659.68
20000725,17375.33
20000726,17620.23
20000727,17450.08
20000728,17183.92
20000731,16840.98
20000801,16897.44
20000802,17277.39
20000803,17274.27
20000804,17425.69
20000807,17727.25
20000808,17211.83
20000809,17181.99
20000810,17333.21
20000811,17214.41
20000814,16998.06
20000815,17463.52
20000816,17734.15
20000817,17622.00
20000818,17440.00
20000821,17501.48
20000822,17668.27
20000823,17427.40
20000824,17439.69
20000825,17236.74
20000828,17019.75
20000829,17240.10
20000830,17095.88
20000831,17097.50
20000901,17333.60
20000904,17726.16
20000905,17595.22
20000906,17605.23
20000907,17431.94
20000908,17275.44
20000911,17007.98
20000912,16629.77
20000914,16395.42
20000915,16249.53
20000918,15560.16
20000919,15677.20
20000920,15665.62
20000921,15164.45
20000922,14612.87
20000925,15428.95
20000926,15290.84
20000927,15444.12
20000928,15415.75
20000929,15648.98
20001003,15725.96
20001004,15878.88
20001005,16184.67
20001009,15693.50
20001010,15554.11
20001011,15127.00
20001012,15074.79
20001013,14680.50
20001016,14973.40
20001017,14873.42
20001018,14458.51
20001019,14422.51
20001020,15044.53
20001023,15102.36
20001024,14925.92
20001025,15061.13
20001026,14996.24
20001027,14902.46
20001030,14799.90
20001031,14895.33
20001101,15349.00
20001102,15291.54
20001103,15594.12
20001106,15671.15
20001107,15820.79
20001108,15654.12
20001109,15504.79
20001110,15389.38
20001113,14815.69
20001114,15177.51
20001115,15127.40
20001116,15298.34
20001117,15180.84
20001120,15346.66
20001121,15188.29
20001122,14772.50
20001123,14563.50
20001124,14376.90
20001127,14602.75
20001128,14566.21
20001129,14169.05
20001130,13984.38
20001201,14441.42
20001204,14559.24
20001205,14573.21
20001206,15098.95
20001207,15011.51
20001208,15189.33
20001211,15408.54
20001212,15329.59
20001213,15621.73
20001214,15496.99
20001215,14975.53
20001218,15024.53
20001219,15188.04
20001220,14930.71
20001221,14659.32
20001222,14738.21
20001227,14748.36
20001228,14796.54
20001229,15095.53
20010102,14869.94
20010103,14589.58
20010104,15235.03
20010105,15447.61
20010108,15436.53
20010109,15500.58
20010110,15435.79
20010111,15090.76
20010112,15295.41
20010115,15293.75
20010116,15363.15
20010117,15261.48
20010118,15528.75
20010119,15933.54
20010122,16099.26
20010123,16044.21
20010129,16099.82
20010130,15893.07
20010131,16102.34
20010201,16163.99
20010202,16071.29
20010205,15830.83
20010206,15913.24
20010207,16049.46
20010208,15909.40
20010209,15873.28
20010212,15693.11
20010213,15842.71
20010214,15860.41
20010215,15756.37
20010216,15630.30
20010219,15490.96
20010220,15527.36
20010221,15351.50
20010222,15098.63
20010223,15280.55
20010226,15230.21
20010227,14834.73
20010228,14787.87
20010301,14360.55
20010302,13966.42
20010305,14135.25
20010306,14321.04
20010307,14177.36
20010308,14208.95
20010309,14194.34
20010312,13776.71
20010313,13493.03
20010314,13330.83
20010315,13504.16
20010316,13522.04
20010319,13457.69
20010320,13223.86
20010321,13154.44
20010322,12621.84
20010323,12583.36
20010326,12950.49
20010327,12707.90
20010328,12851.41
20010329,12677.88
20010330,12760.63
20010402,12727.29
20010403,12584.21
20010404,12063.71
20010406,12386.61
20010409,12202.09
20010410,12213.66
20010411,12706.42
20010412,12989.46
20010417,12606.45
20010418,12972.79
20010419,13548.95
20010420,13448.12
20010423,13311.50
20010424,13275.00
20010425,13249.55
20010426,13293.11
20010427,13386.04
20010502,13814.24
20010503,13718.14
20010504,13390.99
20010507,13600.78
20010508,13540.81
20010509,13585.14
20010510,13604.80
20010511,13636.61
20010514,13259.17
20010515,13250.09
20010516,13335.95
20010517,13637.87
20010518,13459.18
20010521,13721.27
20010522,13877.95
20010523,13839.10
20010524,13810.60
20010525,13753.99
20010528,13739.07
20010529,13629.61
20010530,13420.13
20010531,13174.41
20010601,13141.38
20010604,13207.49
20010605,13451.87
20010606,13576.01
20010607,13703.43
20010608,13808.89
20010611,13675.49
20010612,13526.68
20010613,13523.31
20010614,13248.89
20010615,13102.50
20010618,12948.78
20010619,13133.66
20010620,12918.71
20010621,13187.45
20010622,13174.02
20010626,12961.97
20010627,13004.21
20010628,12827.82
20010629,13042.53
20010703,13184.75
20010704,13207.53
20010705,12999.48
20010709,12690.68
20010710,12713.90
20010711,12527.90
20010712,12660.20
20010713,12612.79
20010716,12624.53
20010717,12495.25
20010718,12427.19
20010719,12279.82
20010720,12301.68
20010723,12236.45
20010724,12214.10
20010726,12039.82
20010727,12182.17
20010730,12086.66
20010731,12316.69
20010801,12478.74
20010802,12466.37
20010803,12269.08
20010806,12148.81
20010807,12007.19
20010808,11958.01
20010809,11716.77
20010810,11765.81
20010813,11694.29
20010814,11991.01
20010815,12141.63
20010816,11827.02
20010817,11754.81
20010820,11458.70
20010821,11440.35
20010822,11188.57
20010823,11345.38
20010824,11110.30
20010827,11234.72
20010828,11300.53
20010829,11242.41
20010830,11315.63
20010831,11090.48
20010903,10902.64
20010904,11136.86
20010905,10943.14
20010906,10664.32
20010907,10384.20
20010910,10366.32
20010911,10417.36
20010912,9493.62
20010913,9569.21
20010914,9655.45
20010917,9319.35
20010918,9307.90
20010919,9558.15
20010920,9317.98
20010921,8934.20
20010924,9284.50
20010925,9210.06
20010926,9371.75
20010927,9600.79
20010928,9950.70
20011003,9897.14
20011004,10286.39
20011005,10277.38
20011008,9967.83
20011009,10358.93
20011010,10298.24
20011011,10522.61
20011012,10274.13
20011015,10130.59
20011016,10148.49
20011017,10260.81
20011018,9880.61
20011019,9825.84
20011022,9797.54
20011023,10219.84
20011024,10243.46
20011026,10404.74
20011029,10178.09
20011030,10076.43
20011031,10073.97
20011101,10158.85
20011102,10186.06
20011105,10430.72
20011106,10356.05
20011107,10269.79
20011108,10538.62
20011109,10609.25
20011112,10592.45
20011113,10662.84
20011114,10950.04
20011115,11239.39
20011116,11287.37
20011119,11360.26
20011120,11225.79
20011121,11173.92
20011122,11253.30
20011123,11322.36
20011126,11391.96
20011127,11261.54
20011128,11066.19
20011129,11090.74
20011130,11279.25
20011203,11155.15
20011204,11427.28
20011205,11678.44
20011206,11745.84
20011207,11832.18
20011210,11784.92
20011211,11693.05
20011212,11847.06
20011213,11529.54
20011214,11466.11
20011217,11465.78
20011218,11486.93
20011219,11565.23
20011220,11601.14
20011221,11158.10
20011224,11209.78
20011227,11359.50
20011228,11431.59
20011231,11397.21
20020102,11350.85
20020103,11423.52
20020104,11702.15
20020107,11892.64
20020108,11713.71
20020109,11440.72
20020110,11256.07
20020111,11166.46
20020114,11209.43
20020115,11013.59
20020116,10964.09
20020117,11013.84
20020118,10972.96
20020121,11000.25
20020122,10797.69
20020123,10762.14
20020124,10741.46
20020125,10772.96
20020128,10767.46
20020129,11014.24
20020130,10756.96
20020131,10725.30
20020201,10691.25
20020204,10721.32
20020205,10609.19
20020206,10592.39
20020207,10409.68
20020208,10518.99
20020211,10832.74
20020215,10961.88
20020218,11002.81
20020219,10840.49
20020220,10749.06
20020221,10788.90
20020222,10664.94
20020225,10496.02
20020226,10547.13
20020227,10648.71
20020228,10482.55
20020301,10425.31
20020304,10704.12
20020305,10985.84
20020306,11003.00
20020307,11188.07
20020308,11233.23
20020311,11318.87
20020312,11273.86
20020313,11217.50
20020314,11303.70
20020315,11210.25
20020318,11230.64
20020319,11222.83
20020320,11036.60
20020321,10829.73
20020322,10863.07
20020325,10836.64
20020326,10786.92
20020327,10987.88
20020402,10878.04
20020403,10833.96
20020408,10723.68
20020409,10733.69
20020410,10643.14
20020411,10744.91
20020412,10710.48
20020415,10727.98
20020416,10788.53
20020417,11090.58
20020418,11217.15
20020419,11252.18
20020422,11139.42
20020423,11345.18
20020424,11396.57
20020425,11409.29
20020426,11385.08
20020429,11361.49
20020430,11497.58
20020502,11780.11
20020503,11797.22
20020506,11736.20
20020507,11795.98
20020508,11768.31
20020509,11700.76
20020510,11645.90
20020513,11733.43
20020514,11690.31
20020515,11838.36
20020516,11832.77
20020517,11974.61
20020521,11753.29
20020522,11795.20
20020523,11624.75
20020524,11626.78
20020527,11564.73
20020528,11581.58
20020529,11430.66
20020530,11380.61
20020531,11301.94
20020603,11359.80
20020604,11312.55
20020605,11402.38
20020606,11380.77
20020607,11284.71
20020610,11288.84
20020611,11215.02
20020612,11147.97
20020613,11119.33
20020614,10955.52
20020617,10832.26
20020618,10852.04
20020619,10673.11
20020620,10754.41
20020621,10591.86
20020624,10657.34
20020625,10608.98
20020626,10355.92
20020627,10518.09
20020628,10598.55
20020702,10491.76
20020703,10579.19
20020704,10765.58
20020705,10806.16
20020708,10803.45
20020709,10843.15
20020710,10787.54
20020711,10558.81
20020712,10648.30
20020715,10581.66
20020716,10421.49
20020717,10335.12
20020718,10452.55
20020719,10325.46
20020722,10110.25
20020723,10313.89
20020724,9971.99
20020725,9884.78
20020726,9773.12
20020729,9975.99
20020730,10155.25
20020731,10267.36
20020801,10180.02
20020802,9991.72
20020805,9862.33
20020806,9700.69
20020807,9977.74
20020808,9962.24
20020809,10014.06
20020812,9959.92
20020813,10100.06
20020814,9961.35
20020815,10219.71
20020816,10265.04
20020819,10246.96
20020820,10408.01
20020821,10402.26
20020822,10424.00
20020823,10245.69
20020826,10226.33
20020827,10185.52
20020828,10130.25
20020829,10061.15
20020830,10043.87
20020902,9896.98
20020903,9790.68
20020904,9820.33
20020905,9726.03
20020906,9720.86
20020909,9723.67
20020910,9885.77
20020911,9882.35
20020912,9896.33
20020913,9650.97
20020916,9505.13
20020917,9707.25
20020918,9474.07
20020919,9427.79
20020920,9328.22
20020923,9314.87
20020924,9197.68
20020925,9124.91
20020926,9270.71
20020927,9294.46
20020930,9072.21
20021002,9109.35
20021003,8984.32
20021004,9051.37
20021007,8931.40
20021008,8977.41
20021009,8977.35
20021010,8858.69
20021011,8965.73
20021015,9336.39
20021016,9459.14
20021017,9576.15
20021018,9613.07
20021021,9570.36
20021022,9548.94
20021023,9804.65
20021024,9787.49
20021025,9722.54
20021028,9853.74
20021029,9634.67
20021030,9560.46
20021031,9441.25
20021101,9407.68
20021104,9720.83
20021105,9655.36
20021106,9773.98
20021107,9844.38
20021108,9770.68
20021111,9580.88
20021112,9613.84
20021113,9616.62
20021114,9740.84
20021115,9865.65
20021118,9920.09
20021119,9965.03
20021120,9971.15
20021121,10003.54
20021122,10065.32
20021125,10100.77
20021126,9995.52
20021127,9944.59
20021128,10147.84
20021129,10069.87
20021202,10205.16
20021203,10227.01
20021204,9995.73
20021205,10009.88
20021206,9973.75
20021209,9868.48
20021210,9857.99
20021211,9784.57
20021212,9813.78
20021213,9728.43
20021216,9656.46
20021217,9715.74
20021218,9548.65
20021219,9557.86
20021220,9628.69
20021223,9570.93
20021224,9561.63
20021227,9445.26
20021230,9272.33
20021231,9321.29
20030102,9365.52
20030103,9583.85
20030106,9665.96
20030107,9652.40
20030108,9688.21
20030109,9675.41
20030110,9721.50
20030113,9834.08
20030114,9796.31
20030115,9873.49
20030116,9743.23
20030117,9614.59
20030120,9552.02
20030121,9568.47
20030122,9560.29
20030123,9584.70
20030124,9460.60
20030127,9298.67
20030128,9325.60
20030129,9240.79
20030130,9258.95
20030204,9252.71
20030205,9180.47
20030206,9126.15
20030207,9150.95
20030210,9232.14
20030211,9194.91
20030212,9314.90
20030213,9173.43
20030214,9201.76
20030217,9383.68
20030218,9397.05
20030219,9427.63
20030220,9390.48
20030221,9250.86
20030224,9239.47
20030225,9148.48
20030226,9116.28
20030227,9134.24
20030228,9122.66
20030303,9268.77
20030304,9181.89
20030305,9109.18
20030306,8962.26
20030307,8907.10
20030310,8861.87
20030311,8859.93
20030312,8874.99
20030313,8787.45
20030314,8956.17
20030317,8804.16
20030318,9041.51
20030319,9158.59
20030320,9194.56
20030321,9179.19
20030324,9108.45
20030325,9062.15
20030326,9047.09
20030327,8872.32
20030328,8863.36
20030331,8634.45
20030401,8596.89
20030402,8706.19
20030403,8648.16
20030404,8822.45
20030407,8962.21
20030408,8806.66
20030409,8636.85
20030410,8625.72
20030411,8645.65
20030414,8533.55
20030415,8632.10
20030416,8675.14
20030417,8579.14
20030422,8571.91
20030423,8519.60
20030424,8442.11
20030425,8409.01
20030428,8435.04
20030429,8744.22
20030430,8717.22
20030502,8808.18
20030505,8916.49
20030506,8889.22
20030507,8901.05
20030509,9084.16
20030512,9155.57
20030513,9119.04
20030514,9103.69
20030515,9126.07
20030516,9093.18
20030519,9087.37
20030520,9050.40
20030521,9059.80
20030522,9131.49
20030523,9303.73
20030526,9492.71
20030527,9420.81
20030528,9510.62
20030529,9508.55
20030530,9487.38
20030602,9637.53
20030603,9662.82
20030605,9639.01
20030606,9694.63
20030609,9733.51
20030610,9703.72
20030611,9662.06
20030612,9736.84
20030613,9855.64
20030616,9862.28
20030617,10030.37
20030618,9970.30
20030619,9980.11
20030620,9930.31
20030623,9734.29
20030624,9629.35
20030625,9628.99
20030626,9606.11
20030627,9657.21
20030630,9577.12
20030702,9602.62
20030703,9646.10
20030704,9636.81
20030707,9892.40
20030708,9992.87
20030709,10027.41
20030710,9983.31
20030711,9911.50
20030714,10122.40
20030715,10135.55
20030716,10207.17
20030717,10096.72
20030718,10140.84
20030721,10102.86
20030722,10008.71
20030723,9900.56
20030724,9923.14
20030725,9939.20
20030728,10134.88
20030729,10198.60
20030730,10121.22
20030731,10134.83
20030801,10248.60
20030804,10183.14
20030805,10177.38
20030806,9987.54
20030807,9958.05
20030808,9945.22
20030811,10093.54
20030812,10184.17
20030813,10301.47
20030814,10374.02
20030815,10424.56
20030818,10525.04
20030819,10509.29
20030820,10475.33
20030821,10643.63
20030822,10760.73
20030825,10764.22
20030826,10753.93
20030827,10678.55
20030828,10760.12
20030829,10908.99
20030901,10903.40
20030902,10939.94
20030903,11102.36
20030904,11138.62
20030905,11170.61
20030908,11165.28
20030909,11046.82
20030910,10810.31
20030911,10883.52
20030915,10992.73
20030916,11071.38
20030917,11140.05
20030918,11069.22
20030919,10968.42
20030922,10873.27
20030923,10944.36
20030924,11295.89
20030925,11286.52
20030926,11290.15
20030929,11141.28
20030930,11229.87
20031002,11546.12
20031003,11608.72
20031006,11734.48
20031007,11723.92
20031008,11720.80
20031009,11800.37
20031010,11935.83
20031013,11961.97
20031014,11856.02
20031015,12056.18
20031016,12027.57
20031017,12044.49
20031020,12147.89
20031021,12250.69
20031022,12238.63
20031023,11737.18
20031024,11736.37
20031027,11749.72
20031028,12091.88
20031029,12130.51
20031030,12143.35
20031031,12190.10
20031103,12386.81
20031104,12440.72
20031105,12438.92
20031106,12150.09
20031107,12215.17
20031110,12156.68
20031111,12003.62
20031112,11971.48
20031113,12227.57
20031114,12203.53
20031117,11997.02
20031118,12027.26
20031119,11872.99
20031120,11845.41
20031121,11839.80
20031124,11848.56
20031125,12008.07
20031126,12086.67
20031127,12075.99
20031128,12317.47
20031201,12456.99
20031202,12412.23
20031203,12361.18
20031204,12342.65
20031205,12314.73
20031208,12177.44
20031209,12393.64
20031210,12398.38
20031211,12554.58
20031212,12594.42
20031215,12520.17
20031216,12260.33
20031217,12193.12
20031218,12240.25
20031219,12371.75
20031222,12487.99
20031223,12420.51
20031224,12456.70
20031229,12464.29
20031230,12526.74
20031231,12575.94
20040102,12801.48
20040105,13005.33
20040106,13036.32
20040107,13157.68
20040108,13203.59
20040109,13385.80
20040112,13352.22
20040113,13396.65
20040114,13320.88
20040115,13249.81
20040116,13167.76
20040119,13253.31
20040120,13570.43
20040121,13750.58
20040126,13727.27
20040127,13761.88
20040128,13431.78
20040129,13334.01
20040130,13289.37
20040202,12999.98
20040203,13090.01
20040204,13086.73
20040205,13030.94
20040206,13309.60
20040209,13576.68
20040210,13515.66
20040211,13524.76
20040212,13625.13
20040213,13739.80
20040216,13831.53
20040217,13815.44
20040218,13928.38
20040219,13867.22
20040220,13868.37
20040223,13765.07
20040224,13756.41
20040225,13599.47
20040226,13674.64
20040227,13907.03
20040301,13918.65
20040302,13731.35
20040303,13454.09
20040304,13451.56
20040305,13454.76
20040308,13573.54
20040309,13397.25
20040310,13214.20
20040311,13024.06
20040312,12932.23
20040315,12919.41
20040316,12932.62
20040317,12975.72
20040318,12816.19
20040319,12790.58
20040322,12550.91
20040323,12588.36
20040324,12678.13
20040325,12520.21
20040326,12483.24
20040329,12427.34
20040330,12641.39
20040331,12681.67
20040401,12676.25
20040402,12731.76
20040406,12886.97
20040407,12920.05
20040408,12909.37
20040413,13031.81
20040414,12669.86
20040415,12479.26
20040416,12458.38
20040419,12450.00
20040420,12394.37
20040421,12227.30
20040422,12167.70
20040423,12383.94
20040426,12132.68
20040427,12154.91
20040428,12165.31
20040429,12005.58
20040430,11942.96
20040503,11950.62
20040504,12098.30
20040505,11950.46
20040506,12010.31
20040507,11910.76
20040510,11485.50
20040511,11508.09
20040512,11528.18
20040513,11396.94
20040514,11276.86
20040517,10967.65
20040518,11072.39
20040519,11469.41
20040520,11339.62
20040521,11576.01
20040524,11662.97
20040525,11692.56
20040527,11983.90
20040528,12116.87
20040531,12198.24
20040601,12105.55
20040602,12201.75
20040603,11929.93
20040604,12022.64
20040607,12326.85
20040608,12344.16
20040609,12339.94
20040610,12422.87
20040611,12396.39
20040614,12076.57
20040615,12050.69
20040616,12161.78
20040617,12082.86
20040618,11855.55
20040621,11845.59
20040623,11849.77
20040624,12163.68
20040625,12185.52
20040628,12194.60
20040629,12116.30
20040630,12285.75
20040702,12220.13
20040705,12252.11
20040706,12284.08
20040707,12320.26
20040708,12119.75
20040709,12202.26
20040712,12191.01
20040713,12078.33
20040714,11932.83
20040715,11939.41
20040716,12059.20
20040719,12166.95
20040720,12123.63
20040721,12395.11
20040722,12320.21
20040723,12352.99
20040726,12319.83
20040727,12301.32
20040728,12320.27
20040729,12183.10
20040730,12238.03
20040802,12201.39
20040803,12357.12
20040804,12280.26
20040805,12491.92
20040806,12478.68
20040809,12467.41
20040810,12408.04
20040811,12343.13
20040812,12413.43
20040813,12359.83
20040816,12219.75
20040817,12256.12
20040818,12228.54
20040819,12396.67
20040820,12376.90
20040823,12431.77
20040824,12646.49
20040825,12793.03
20040826,12784.39
20040827,12818.42
20040830,12877.78
20040831,12850.28
20040901,13023.87
20040902,12999.07
20040903,12948.10
20040906,13104.34
20040907,13136.04
20040908,13049.96
20040909,12942.20
20040910,13003.99
20040913,13139.57
20040914,13148.06
20040915,13084.40
20040916,13209.84
20040917,13224.93
20040920,13221.33
20040921,13304.48
20040922,13272.23
20040923,13280.43
20040924,13066.84
20040927,13021.90
20040928,12950.80
20040930,13120.03
20041004,13359.25
20041005,13331.10
20041006,13271.57
20041007,13321.73
20041008,13241.46
20041011,13305.13
20041012,13251.59
20041013,13171.58
20041014,13035.38
20041015,13059.43
20041018,13034.74
20041019,13154.55
20041020,12999.13
20041021,13015.20
20041025,12818.10
20041026,12852.35
20041027,12838.71
20041028,13113.15
20041029,13054.66
20041101,13094.25
20041102,13308.74
20041103,13397.67
20041104,13369.09
20041105,13494.95
20041108,13561.49
20041109,13516.67
20041110,13672.37
20041111,13624.51
20041112,13784.46
20041115,13932.22
20041116,13746.08
20041117,13824.98
20041118,13799.82
20041119,13787.68
20041122,13800.60
20041123,14023.29
20041124,13997.02
20041125,13926.61
20041126,13895.03
20041129,14066.91
20041130,14060.05
20041201,14162.80
20041202,14261.79
20041203,14211.84
20041206,14256.86
20041207,14235.78
20041208,14022.32
20041209,14008.82
20041210,13901.81
20041213,13886.16
20041214,14043.52
20041215,14078.54
20041216,14024.63
20041217,13992.44
20041220,14214.04
20041221,14180.79
20041222,14151.08
20041223,14235.30
20041224,14194.90
20041228,14196.95
20041229,14266.38
20041230,14163.55
20041231,14230.14
20050103,14237.42
20050104,14045.90
20050105,13764.36
20050106,13712.04
20050107,13574.86
20050110,13531.39
20050111,13509.25
20050112,13565.31
20050113,13573.28
20050114,13494.78
20050117,13621.65
20050118,13604.22
20050119,13678.63
20050120,13543.59
20050121,13481.02
20050124,13386.99
20050125,13584.06
20050126,13623.68
20050127,13628.91
20050128,13650.06
20050131,13721.69
20050201,13578.26
20050202,13555.80
20050203,13515.33
20050204,13585.17
20050207,13795.00
20050208,13845.63
20050214,14017.23
20050215,13995.83
20050216,14015.49
20050217,13967.82
20050218,14087.87
20050221,14111.65
20050222,14090.52
20050223,13957.94
20050224,14060.91
20050225,14157.09
20050228,14195.35
20050301,14061.15
20050302,13850.78
20050303,13892.37
20050304,13730.78
20050307,13771.95
20050308,13881.71
20050309,13941.47
20050310,13856.02
20050311,13890.93
20050314,13906.85
20050315,13816.75
20050316,13832.52
20050317,13817.99
20050318,13828.37
20050321,13834.35
20050322,13776.47
20050323,13603.61
20050324,13597.10
20050329,13411.88
20050330,13425.75
20050331,13516.88
20050401,13491.35
20050404,13513.41
20050406,13562.26
20050407,13602.35
20050408,13666.72
20050411,13659.93
20050412,13658.05
20050413,13799.62
20050414,13772.40
20050415,13638.75
20050418,13355.23
20050419,13444.09
20050420,13501.63
20050421,13597.31
20050422,13693.55
20050425,13750.23
20050426,13859.58
20050427,13839.64
20050428,13909.42
20050429,13908.97
20050503,13893.98
20050504,13945.05
20050505,14061.70
20050506,14033.96
20050509,14085.09
20050510,14018.38
20050511,13939.80
20050512,13968.28
20050513,13866.81
20050517,13667.03
20050518,13627.01
20050519,13698.93
20050520,13717.42
20050523,13699.13
20050524,13719.32
20050525,13562.06
20050526,13569.99
20050527,13714.78
20050530,13845.10
20050531,13867.07
20050601,13873.07
20050602,13814.58
20050603,13818.45
20050606,13860.55
20050607,13837.29
20050608,13898.55
20050609,13898.31
20050610,13934.76
20050613,13952.02
20050614,13904.81
20050615,13914.30
20050616,13833.53
20050617,13912.03
20050620,13945.77
20050621,13979.35
20050622,14161.02
20050623,14190.44
20050624,14230.29
20050627,14176.04
20050628,14287.44
20050629,14277.28
20050630,14201.06
20050704,14177.87
20050705,14124.80
20050706,14149.93
20050707,14030.81
20050708,13964.47
20050711,14157.24
20050712,14146.95
20050713,14307.30
20050714,14491.54
20050715,14504.29
20050718,14567.00
20050719,14567.74
20050720,14602.70
20050721,14620.14
20050722,14786.46
20050725,14794.03
20050726,14769.93
20050727,14801.86
20050728,14813.32
20050729,14880.98
20050801,14978.88
20050802,15137.08
20050803,15118.50
20050804,15111.54
20050805,15051.32
20050808,15108.94
20050809,15047.84
20050810,15346.41
20050811,15445.20
20050812,15450.95
20050815,15466.06
20050816,15443.62
20050817,15449.58
20050818,15148.09
20050819,15038.61
20050822,15218.63
20050823,14973.89
20050824,14873.85
20050825,14889.10
20050826,14982.89
20050829,14836.97
20050830,14922.22
20050831,14903.55
20050901,15143.75
20050902,15221.89
20050905,15227.83
20050906,15160.78
20050907,15224.57
20050908,15166.17
20050909,15165.77
20050912,15199.79
20050913,15070.56
20050914,15086.62
20050915,15041.02
20050916,14983.20
20050920,15241.86
20050921,15223.62
20050922,15179.95
20050923,15143.97
20050926,15274.31
20050927,15189.88
20050928,15221.46
20050929,15431.25
20050930,15428.52
20051003,15394.39
20051004,15382.21
20051005,15161.03
20051006,14839.30
20051007,14847.79
20051010,14898.77
20051012,14575.02
20051013,14621.83
20051014,14485.88
20051017,14541.35
20051018,14597.40
20051019,14372.76
20051020,14408.94
20051021,14487.85
20051024,14402.35
20051025,14424.88
20051026,14458.14
20051027,14381.06
20051028,14215.83
20051031,14386.37
20051101,14572.26
20051102,14597.48
20051103,14601.59
20051104,14585.79
20051107,14365.79
20051108,14403.20
20051109,14597.55
20051110,14633.33
20051111,14740.60
20051114,14629.49
20051115,14627.41
20051116,14650.54
20051117,14787.98
20051118,14883.32
20051121,14885.57
20051122,14885.65
20051123,15062.35
20051124,15084.39
20051125,15081.47
20051128,15100.00
20051129,15028.76
20051130,14937.14
20051201,15068.03
20051202,15200.38
20051205,15158.82
20051206,14990.61
20051207,15134.95
20051208,14879.16
20051209,14910.51
20051212,14984.40
20051213,14942.62
20051214,14976.26
20051215,15059.02
20051216,15029.81
20051219,15182.89
20051220,15169.17
20051221,15221.42
20051222,15182.53
20051223,15183.58
20051228,15101.54
20051229,15045.59
20051230,14876.43
20060103,14944.77
20060104,15200.06
20060105,15271.13
20060106,15344.44
20060109,15547.43
20060110,15569.91
20060111,15650.88
20060112,15719.37
20060113,15787.97
20060116,15777.72
20060117,15576.20
20060118,15481.21
20060119,15670.42
20060120,15662.08
20060123,15464.77
20060124,15530.57
20060125,15520.39
20060126,15520.07
20060127,15753.14
20060201,15742.30
20060202,15691.69
20060203,15429.73
20060206,15548.06
20060207,15517.01
20060208,15373.44
20060209,15413.43
20060210,15425.95
20060213,15312.09
20060214,15420.32
20060215,15423.26
20060216,15450.88
20060217,15475.69
20060220,15598.67
20060221,15627.24
20060222,15635.72
20060223,15812.53
20060224,15856.05
20060227,15949.89
20060228,15918.48
20060301,15818.09
20060302,15882.45
20060303,15802.00
20060306,15811.83
20060307,15602.36
20060308,15493.09
20060309,15510.13
20060310,15445.05
20060313,15542.07
20060314,15519.76
20060315,15720.36
20060316,15729.04
20060317,15801.66
20060320,15929.95
20060321,15922.75
20060322,15642.81
20060323,15771.17
20060324,15716.46
20060327,15815.87
20060328,15856.58
20060329,15745.11
20060330,15880.69
20060331,15805.04
20060403,16063.75
20060404,16100.09
20060406,16411.13
20060407,16471.78
20060410,16521.59
20060411,16475.81
20060412,16310.76
20060413,16429.45
20060418,16637.53
20060419,16830.44
20060420,16944.34
20060421,16912.15
20060424,16705.67
20060425,16577.77
20060426,16672.66
20060427,16742.85
20060428,16661.30
20060502,16868.04
20060503,17026.98
20060504,17013.93
20060508,17301.79
20060509,17133.99
20060510,17080.59
20060511,17140.78
20060512,16901.85
20060515,16494.84
20060516,16393.11
20060517,16615.55
20060518,16266.52
20060519,16313.36
20060522,15805.52
20060523,15864.56
20060524,15822.64
20060525,15696.89
20060526,15895.10
20060529,15963.77
20060530,15857.89
20060601,15645.27
20060602,15912.71
20060605,16016.23
20060606,15973.11
20060607,15816.55
20060608,15450.11
20060609,15628.69
20060612,15621.44
20060613,15234.42
20060614,15247.92
20060615,15435.08
20060616,15842.65
20060619,15768.86
20060620,15608.97
20060621,15659.36
20060622,15826.70
20060623,15808.81
20060626,15804.81
20060627,15774.70
20060628,15742.66
20060629,15865.22
20060630,16267.62
20060703,16326.66
20060704,16368.98
20060705,16267.18
20060706,16440.99
20060707,16459.78
20060710,16603.81
20060711,16490.13
20060712,16522.21
20060713,16305.48
20060714,16135.71
20060717,16064.82
20060718,16043.94
20060719,16097.54
20060720,16472.62
20060721,16464.18
20060724,16480.59
20060725,16583.86
20060726,16617.24
20060727,16916.77
20060728,16955.04
20060731,16971.34
20060801,16911.37
20060802,17032.75
20060803,17048.42
20060804,16887.80
20060807,16953.55
20060808,17048.20
20060809,17346.58
20060810,17222.14
20060811,17249.95
20060814,17290.01
20060815,17274.07
20060816,17451.03
20060817,17373.05
20060818,17330.70
20060821,17007.88
20060822,17149.75
20060823,17088.39
20060824,16883.04
20060825,16955.45
20060828,16922.29
20060829,17083.28
20060830,17284.71
20060831,17392.27
20060901,17423.72
20060904,17513.88
20060905,17438.80
20060906,17258.51
20060907,17096.44
20060908,17145.76
20060911,16948.59
20060912,17075.40
20060913,17210.04
20060914,17183.45
20060915,17237.65
20060918,17387.21
20060919,17346.70
20060920,17512.96
20060921,17619.97
20060922,17600.65
20060925,17546.04
20060926,17308.08
20060927,17521.51
20060928,17530.57
20060929,17543.05
20061003,17606.53
20061004,17629.21
20061005,17907.67
20061006,17903.39
20061009,17675.24
20061010,17823.70
20061011,17862.79
20061012,17873.09
20061013,17988.86
20061016,18010.20
20061017,18014.84
20061018,18048.09
20061019,17986.97
20061020,18113.55
20061023,18089.85
20061024,18153.41
20061025,18157.94
20061026,18353.74
20061027,18297.55
20061031,18324.35
20061101,18453.65
20061102,18714.78
20061103,18749.69
20061106,18936.55
20061107,18939.31
20061108,18811.24
20061109,18952.86
20061110,18891.14
20061113,18868.54
20061114,18878.42
20061115,19093.00
20061116,19154.07
20061117,19182.71
20061120,18954.63
20061121,19008.30
20061122,19250.79
20061123,19265.32
20061124,19260.30
20061127,19204.01
20061128,18639.53
20061129,18780.93
20061130,18960.48
20061201,18690.82
20061204,18702.73
20061205,18944.19
20061206,19026.36
20061207,18842.99
20061208,18739.99
20061211,18924.66
20061212,18907.17
20061213,18718.19
20061214,18919.40
20061215,19110.65
20061218,19192.91
20061219,18964.55
20061220,19240.12
20061221,19222.84
20061222,19320.52
20061227,19725.73
20061228,20001.91
20061229,19964.72
20070102,20310.18
20070103,20413.39
20070104,20025.58
20070105,20211.28
20070108,20029.66
20070109,19898.08
20070110,19568.34
20070111,19385.37
20070112,19613.41
20070115,20068.56
20070116,20027.95
20070117,20064.57
20070118,20277.51
20070119,20327.72
20070122,20772.22
20070123,20769.70
20070124,20821.05
20070125,20669.83
20070126,20281.13
20070129,20236.68
20070130,20460.46
20070131,20106.42
20070201,20430.16
20070202,20563.68
20070205,20455.62
20070206,20655.20
20070207,20679.69
20070208,20735.05
20070209,20677.66
20070212,20593.41
20070213,20132.25
20070214,20209.91
20070215,20538.42
20070216,20567.91
20070221,20651.42
20070222,20809.23
20070223,20711.65
20070226,20507.95
20070227,20147.87
20070228,19651.51
20070301,19346.60
20070302,19442.01
20070305,18664.88
20070306,19058.56
20070307,18918.64
20070308,19175.17
20070309,19134.88
20070312,19442.42
20070313,19333.14
20070314,18836.93
20070315,18969.44
20070316,18953.50
20070319,19266.74
20070320,19356.90
20070321,19516.41
20070322,19690.25
20070323,19692.64
20070326,19765.85
20070327,19706.79
20070328,19553.87
20070329,19821.78
20070330,19800.93
20070402,19809.70
20070403,20002.70
20070404,20209.71
20070410,20347.87
20070411,20449.43
20070412,20380.21
20070413,20340.97
20070416,20757.53
20070417,20788.61
20070418,20777.09
20070419,20299.71
20070420,20566.59
20070423,20556.57
20070424,20572.80
20070425,20536.78
20070426,20667.29
20070427,20526.50
20070430,20318.98
20070502,20388.49
20070503,20681.58
20070504,20841.08
20070507,20896.64
20070508,20706.35
20070509,20844.78
20070510,20746.27
20070511,20468.21
20070514,20979.24
20070515,20868.15
20070516,20937.26
20070517,20994.61
20070518,20904.84
20070521,20927.75
20070522,20843.92
20070523,20798.97
20070525,20520.66
20070528,20529.76
20070529,20469.59
20070530,20293.76
20070531,20634.47
20070601,20602.87
20070604,20729.59
20070605,20842.15
20070606,20818.61
20070607,20800.16
20070608,20509.15
20070611,20615.49
20070612,20636.39
20070613,20578.75
20070614,20867.26
20070615,21017.05
20070618,21582.89
20070620,21684.67
20070621,21954.67
20070622,21999.91
20070625,21822.35
20070626,21803.57
20070627,21705.56
20070628,21938.22
20070629,21772.73
20070703,22151.14
20070704,22218.55
20070705,22252.99
20070706,22531.74
20070709,22817.43
20070710,22885.84
20070711,22607.02
20070712,22809.02
20070713,23099.29
20070716,22953.94
20070717,23057.30
20070718,22841.92
20070719,23016.20
20070720,23291.90
20070723,23365.56
20070724,23472.88
20070725,23362.18
20070726,23211.69
20070727,22570.41
20070730,22739.90
20070731,23184.94
20070801,22455.36
20070802,22443.25
20070803,22538.44
20070806,21936.73
20070807,21907.99
20070808,22536.67
20070809,22439.36
20070810,21792.71
20070813,21891.10
20070814,22007.32
20070815,21375.72
20070816,20672.39
20070817,20387.13
20070820,21595.63
20070821,21729.35
20070822,22346.88
20070823,22966.97
20070824,22921.89
20070827,23577.73
20070828,23363.76
20070829,23020.60
20070830,23484.54
20070831,23984.14
20070903,23904.09
20070904,23886.07
20070905,24069.17
20070906,24050.40
20070907,23982.61
20070910,23999.70
20070911,23952.24
20070912,24310.14
20070913,24537.02
20070914,24898.11
20070917,24599.34
20070918,24576.85
20070919,25554.64
20070920,25701.13
20070921,25843.78
20070924,26551.94
20070925,26430.29
20070927,27065.15
20070928,27142.47
20071002,28199.75
20071003,27479.94
20071004,26973.98
20071005,27831.52
20071008,27770.29
20071009,28228.04
20071010,28569.33
20071011,29133.02
20071012,28838.37
20071015,29540.78
20071016,28954.55
20071017,29298.71
20071018,29465.05
20071022,28373.63
20071023,29376.86
20071024,29333.53
20071025,29854.49
20071026,30405.22
20071029,31586.90
20071030,31638.22
20071031,31352.58
20071101,31492.88
20071102,30468.34
20071105,28942.32
20071106,29438.13
20071107,29708.93
20071108,28760.22
20071109,28783.41
20071112,27665.73
20071113,27803.35
20071114,29166.01
20071115,28751.21
20071116,27614.43
20071119,27460.17
20071120,27771.21
20071121,26618.19
20071122,26004.92
20071123,26541.09
20071126,27626.62
20071127,27210.21
20071128,27371.24
20071129,28482.54
20071130,28643.61
20071203,28658.42
20071204,28879.59
20071205,29345.45
20071206,29558.92
20071207,28842.47
20071210,28501.10
20071211,29226.84
20071212,28521.06
20071213,27744.45
20071214,27563.64
20071217,26596.58
20071218,26732.87
20071219,27029.26
20071220,27017.09
20071221,27626.92
20071224,28128.80
20071227,27842.93
20071228,27370.60
20071231,27812.65
20080102,27560.52
20080103,26887.28
20080104,27519.69
20080107,27179.49
20080108,27112.90
20080109,27615.85
20080110,27230.86
20080111,26867.01
20080114,26468.13
20080115,25837.78
20080116,24450.85
20080117,25114.98
20080118,25201.87
20080121,23818.86
20080122,21757.63
20080123,24090.17
20080124,23539.27
20080125,25122.37
20080128,24053.61
20080129,24291.80
20080130,23653.69
20080131,23455.74
20080201,24123.58
20080204,25032.08
20080205,24808.70
20080206,23469.46
20080211,22616.11
20080212,22921.67
20080213,23169.55
20080214,24021.68
20080215,24148.43
20080218,23759.25
20080219,24123.17
20080220,23590.58
20080221,23623.00
20080222,23305.04
20080225,23269.14
20080226,23714.75
20080227,24483.84
20080228,24591.69
20080229,24331.67
20080303,23584.97
20080304,23119.87
20080305,23114.34
20080306,23342.73
20080307,22501.33
20080310,22705.05
20080311,22995.35
20080312,23422.76
20080313,22301.64
20080314,22237.11
20080317,21084.61
20080318,21384.61
20080319,21866.94
20080320,21108.22
20080325,22464.52
20080326,22617.01
20080327,22664.22
20080328,23285.95
20080331,22849.20
20080401,23137.46
20080402,23872.43
20080403,24264.63
20080407,24578.76
20080408,24311.69
20080409,23984.57
20080410,24187.10
20080411,24667.79
20080414,23811.20
20080415,23901.33
20080416,23878.35
20080417,24258.96
20080418,24197.78
20080421,24721.67
20080422,24939.15
20080423,25289.24
20080424,25680.78
20080425,25516.78
20080428,25666.29
20080429,25914.15
20080430,25755.35
20080502,26241.02
20080505,26183.95
20080506,26262.13
20080507,25610.21
20080508,25449.79
20080509,25063.17
20080513,25552.77
20080514,25533.48
20080515,25513.71
20080516,25618.86
20080519,25742.23
20080520,25169.46
20080521,25460.29
20080522,25043.12
20080523,24714.07
20080526,24127.31
20080527,24282.04
20080528,24249.51
20080529,24383.99
20080530,24533.12
20080602,24831.36
20080603,24375.76
20080604,24123.25
20080605,24255.29
20080606,24402.18
20080610,23375.52
20080611,23327.60
20080612,23023.86
20080613,22592.30
20080616,23029.69
20080617,23057.99
20080618,23325.80
20080619,22797.61
20080620,22745.60
20080623,22714.96
20080624,22456.02
20080625,22635.16
20080626,22455.67
20080627,22042.35
20080630,22102.01
20080702,21704.45
20080703,21242.78
20080704,21423.82
20080707,21913.06
20080708,21220.81
20080709,21805.81
20080710,21821.78
20080711,22184.55
20080714,22014.46
20080715,21174.77
20080716,21223.50
20080717,21734.72
20080718,21874.19
20080721,22532.90
20080722,22527.48
20080723,23134.55
20080724,23087.72
20080725,22740.71
20080728,22687.21
20080729,22258.00
20080730,22690.60
20080731,22731.10
20080801,22862.60
20080804,22514.92
20080805,21949.75
20080807,22104.20
20080808,21885.21
20080811,21859.34
20080812,21640.89
20080813,21293.32
20080814,21392.71
20080815,21160.58
20080818,20930.67
20080819,20484.37
20080820,20931.26
20080821,20392.06
20080825,21104.79
20080826,21056.66
20080827,21464.72
20080828,20972.29
20080829,21261.89
20080901,20906.31
20080902,21042.46
20080903,20585.06
20080904,20389.48
20080905,19933.28
20080908,20794.27
20080909,20491.11
20080910,19999.78
20080911,19388.72
20080912,19352.90
20080916,18300.61
20080917,17637.19
20080918,17632.46
20080919,19327.73
20080922,19632.20
20080923,18872.85
20080924,18961.99
20080925,18934.43
20080926,18682.09
20080929,17880.68
20080930,18016.21
20081002,18211.11
20081003,17682.40
20081006,16803.76
20081008,15431.73
20081009,15943.24
20081010,14796.87
20081013,16312.16
20081014,16832.88
20081015,15998.30
20081016,15230.52
20081017,14554.21
20081020,15323.01
20081021,15041.17
20081022,14266.60
20081023,13760.49
20081024,12618.38
20081027,11015.84
20081028,12596.29
20081029,12702.07
20081030,14329.85
20081031,13968.67
20081103,14344.37
20081104,14384.34
20081105,14840.16
20081106,13790.04
20081107,14243.43
20081110,14744.63
20081111,14040.90
20081112,13939.09
20081113,13221.35
20081114,13542.66
20081117,13529.53
20081118,12915.89
20081119,12815.80
20081120,12298.56
20081121,12659.20
20081124,12457.94
20081125,12878.60
20081126,13369.45
20081127,13552.06
20081128,13888.24
20081201,14108.84
20081202,13405.85
20081203,13588.66
20081204,13509.78
20081205,13846.09
20081208,15044.87
20081209,14753.22
20081210,15577.74
20081211,15613.90
20081212,14758.39
20081215,15046.95
20081216,15130.21
20081217,15460.52
20081218,15497.81
20081219,15127.51
20081222,14622.39
20081223,14220.79
20081224,14184.14
20081229,14328.48
20081230,14235.50
20081231,14387.48
20090102,15042.81
20090105,15563.31
20090106,15509.51
20090107,14987.46
20090108,14415.91
20090109,14377.44
20090112,13971.00
20090113,13668.05
20090114,13704.61
20090115,13242.96
20090116,13255.51
20090119,13339.99
20090120,12959.77
20090121,12583.63
20090122,12657.99
20090123,12578.60
20090129,13154.43
20090130,13278.21
20090202,12861.49
20090203,12776.89
20090204,13063.89
20090205,13178.90
20090206,13655.04
20090209,13769.06
20090210,13880.64
20090211,13539.21
20090212,13228.30
20090213,13554.67
20090216,13455.88
20090217,12945.40
20090218,13016.00
20090219,13023.36
20090220,12699.17
20090223,13175.10
20090224,12798.52
20090225,13005.08
20090226,12894.94
20090227,12811.57
20090302,12317.46
20090303,12033.88
20090304,12331.15
20090305,12211.24
20090306,11921.52
20090309,11344.58
20090310,11694.05
20090311,11930.66
20090312,12001.53
20090313,12525.80
20090316,12976.71
20090317,12878.09
20090318,13117.17
20090319,13130.92
20090320,12833.51
20090323,13447.42
20090324,13910.34
20090325,13622.11
20090326,14108.98
20090327,14119.50
20090330,13456.33
20090331,13576.02
20090401,13519.54
20090402,14521.97
20090403,14545.69
20090406,14998.04
20090407,14928.97
20090408,14474.86
20090409,14901.41
20090414,15580.16
20090415,15669.62
20090416,15582.99
20090417,15601.27
20090420,15750.91
20090421,15285.89
20090422,14878.45
20090423,15214.46
20090424,15258.85
20090427,14840.42
20090428,14555.11
20090429,14956.95
20090430,15520.99
20090504,16381.05
20090505,16430.08
20090506,16834.57
20090507,17217.89
20090508,17389.87
20090511,17087.95
20090512,17153.64
20090513,17059.62
20090514,16541.69
20090515,16790.70
20090518,17022.91
20090519,17544.03
20090520,17475.84
20090521,17199.49
20090522,17062.52
20090525,17121.82
20090526,16991.56
20090527,17885.27
20090529,18171.00
20090601,18888.59
20090602,18389.08
20090603,18576.47
20090604,18502.77
20090605,18679.53
20090608,18253.39
20090609,18058.49
20090610,18785.66
20090611,18791.03
20090612,18889.68
20090615,18498.96
20090616,18165.50
20090617,18084.60
20090618,17776.66
20090619,17920.93
20090622,18059.55
20090623,17538.37
20090624,17892.15
20090625,18275.03
20090626,18600.26
20090629,18528.51
20090630,18378.73
20090702,18178.05
20090703,18203.40
20090706,17979.41
20090707,17862.27
20090708,17721.07
20090709,17790.59
20090710,17708.42
20090713,17254.63
20090714,17885.73
20090715,18258.66
20090716,18361.87
20090717,18805.66
20090720,19502.37
20090721,19501.73
20090722,19248.17
20090723,19817.70
20090724,19982.79
20090727,20251.62
20090728,20624.54
20090729,20135.50
20090730,20234.08
20090731,20573.33
20090803,20807.26
20090804,20796.43
20090805,20494.77
20090806,20899.24
20090807,20375.37
20090810,20929.52
20090811,21074.21
20090812,20435.24
20090813,20861.30
20090814,20893.33
20090817,20137.65
20090818,20306.27
20090819,19954.23
20090820,20328.86
20090821,20199.02
20090824,20535.94
20090825,20435.24
20090826,20456.32
20090827,20242.75
20090828,20098.62
20090831,19724.19
20090901,19872.30
20090902,19522.00
20090903,19761.68
20090904,20318.62
20090907,20629.31
20090908,21069.81
20090909,20851.04
20090910,21069.56
20090911,21161.42
20090914,20932.20
20090915,20866.37
20090916,21402.92
20090917,21768.51
20090918,21623.45
20090921,21472.85
20090922,21701.14
20090923,21595.52
20090924,21050.73
20090925,21024.40
20090928,20588.41
20090929,21013.17
20090930,20955.25
20091002,20375.49
20091005,20429.07
20091006,20811.53
20091007,21241.59
20091008,21492.90
20091009,21499.44
20091012,21299.35
20091013,21467.36
20091014,21886.48
20091015,21999.08
20091016,21929.90
20091019,22200.46
20091020,22384.96
20091021,22318.11
20091022,22210.52
20091023,22589.73
20091027,22169.59
20091028,21761.58
20091029,21264.99
20091030,21752.87
20091102,21620.19
20091103,21240.06
20091104,21614.77
20091105,21479.08
20091106,21829.72
20091109,22207.55
20091110,22268.16
20091111,22627.21
20091112,22397.57
20091113,22553.63
20091116,22943.98
20091117,22914.15
20091118,22840.33
20091119,22643.16
20091120,22455.84
20091123,22771.39
20091124,22423.14
20091125,22611.80
20091126,22210.41
20091127,21134.50
20091130,21821.50
20091201,22113.15
20091202,22289.57
20091203,22553.87
20091204,22498.15
20091207,22324.96
20091208,22060.52
20091209,21741.76
20091210,21700.04
20091211,21902.11
20091214,22085.75
20091215,21813.92
20091216,21611.74
20091217,21347.63
20091218,21175.88
20091221,20948.10
20091222,21092.04
20091223,21328.74
20091224,21517.00
20091228,21480.22
20091229,21499.44
20091230,21496.62
20091231,21872.50
20100104,21823.28
20100105,22279.58
20100106,22416.67
20100107,22269.45
20100108,22296.75
20100111,22411.52
20100112,22326.64
20100113,21748.60
20100114,21716.95
20100115,21654.16
20100118,21460.01
20100119,21677.98
20100120,21286.17
20100121,20862.67
20100122,20726.18
20100125,20598.55
20100126,20109.33
20100127,20033.07
20100128,20356.37
20100129,20121.99
20100201,20243.75
20100202,20272.18
20100203,20722.08
20100204,20341.64
20100205,19665.08
20100208,19550.89
20100209,19790.28
20100210,19922.22
20100211,20290.69
20100212,20268.69
20100217,20534.01
20100218,20422.15
20100219,19894.02
20100222,20377.27
20100223,20623.00
20100224,20467.74
20100225,20399.57
20100226,20608.70
20100301,21056.93
20100302,20906.11
20100303,20876.79
20100304,20575.78
20100305,20787.97
20100308,21196.87
20100309,21207.55
20100310,21208.29
20100311,21228.20
20100312,21209.74
20100315,21079.10
20100316,21022.93
20100317,21384.49
20100318,21330.67
20100319,21370.82
20100322,20933.25
20100323,20987.78
20100324,21008.62
20100325,20778.55
20100326,21053.11
20100329,21237.43
20100330,21374.79
20100331,21239.35
20100401,21537.00
20100407,21928.77
20100408,21867.04
20100409,22208.50
20100412,22138.17
20100413,22103.53
20100414,22121.43
20100415,22157.82
20100416,21865.26
20100419,21405.17
20100420,21623.38
20100421,21510.93
20100422,21454.94
20100423,21244.49
20100426,21587.06
20100427,21261.79
20100428,20949.40
20100429,20778.92
20100430,21108.59
20100503,20811.36
20100504,20763.05
20100505,20327.54
20100506,20133.41
20100507,19920.29
20100510,20426.64
20100511,20146.51
20100512,20212.49
20100513,20422.46
20100514,20145.43
20100517,19715.20
20100518,19944.94
20100519,19578.98
20100520,19545.83
20100524,19667.76
20100525,18985.50
20100526,19196.45
20100527,19431.37
20100528,19766.71
20100531,19765.19
20100601,19496.95
20100602,19471.80
20100603,19786.71
20100604,19780.07
20100607,19378.15
20100608,19487.48
20100609,19621.24
20100610,19632.70
20100611,19872.38
20100614,20051.91
20100615,20062.15
20100617,20138.40
20100618,20286.71
20100621,20912.18
20100622,20819.08
20100623,20856.61
20100624,20733.49
20100625,20690.79
20100628,20726.68
20100629,20248.90
20100630,20128.99
20100702,19905.32
20100705,19842.20
20100706,20084.12
20100707,19857.07
20100708,20050.56
20100709,20378.66
20100712,20467.43
20100713,20431.06
20100714,20560.81
20100715,20255.62
20100716,20250.16
20100719,20090.95
20100720,20264.59
20100721,20487.23
20100722,20589.70
20100723,20815.33
20100726,20839.91
20100727,20973.39
20100728,21091.18
20100729,21093.82
20100730,21029.81
20100802,21412.79
20100803,21457.66
20100804,21549.88
20100805,21551.72
20100806,21678.80
20100809,21801.59
20100810,21473.60
20100811,21294.54
20100812,21105.71
20100813,21071.57
20100816,21112.12
20100817,21137.43
20100818,21022.73
20100819,21072.46
20100820,20981.82
20100823,20889.01
20100824,20658.71
20100825,20634.98
20100826,20612.06
20100827,20597.35
20100830,20737.22
20100831,20536.49
20100901,20623.83
20100902,20868.92
20100903,20971.50
20100906,21355.77
20100907,21401.79
20100908,21088.86
20100909,21167.27
20100910,21257.39
20100913,21658.35
20100914,21696.04
20100915,21725.64
20100916,21691.45
20100917,21970.86
20100920,21977.34
20100921,22002.59
20100922,22047.71
20100924,22119.43
20100927,22340.84
20100928,22109.95
20100929,22378.67
20100930,22358.17
20101004,22618.66
20101005,22639.14
20101006,22880.41
20101007,22884.32
20101008,22944.18
20101011,23207.31
20101012,23121.70
20101013,23457.69
20101014,23852.17
20101015,23757.63
20101018,23469.38
20101019,23763.73
20101020,23556.50
20101021,23649.48
20101022,23517.54
20101025,23627.91
20101026,23601.24
20101027,23164.58
20101028,23210.86
20101029,23096.32
20101101,23652.94
20101102,23671.42
20101103,24144.67
20101104,24535.63
20101105,24876.82
20101108,24964.37
20101109,24710.60
20101110,24500.61
20101111,24700.30
20101112,24222.58
20101115,24027.18
20101116,23693.02
20101117,23214.46
20101118,23637.39
20101119,23605.71
20101122,23524.02
20101123,22896.14
20101124,23023.86
20101125,23054.68
20101126,22877.25
20101129,23166.22
20101130,23007.99
20101201,23249.80
20101202,23448.78
20101203,23320.52
20101206,23237.69
20101207,23428.15
20101208,23092.52
20101209,23171.80
20101210,23162.91
20101213,23317.61
20101214,23431.19
20101215,22975.35
20101216,22668.78
20101217,22714.85
20101220,22639.08
20101221,22993.86
20101222,23045.19
20101223,22902.97
20101224,22833.80
20101228,22621.73
20101229,22969.30
20101230,22999.34
20101231,23035.45
20110103,23436.05
20110104,23668.48
20110105,23757.82
20110106,23786.30
20110107,23686.63
20110110,23527.26
20110111,23760.34
20110112,24125.61
20110113,24238.98
20110114,24283.23
20110117,24156.97
20110118,24153.98
20110119,24419.62
20110120,24003.70
20110121,23876.86
20110124,23801.78
20110125,23788.83
20110126,23843.24
20110127,23779.62
20110128,23617.02
20110131,23447.34
20110201,23482.95
20110202,23908.96
20110207,23553.59
20110208,23484.30
20110209,23164.03
20110210,22708.62
20110211,22828.92
20110214,23121.06
20110215,22899.78
20110216,23156.97
20110217,23301.84
20110218,23595.24
20110221,23485.42
20110222,22990.81
20110223,22906.90
20110224,22601.04
20110225,23012.37
20110228,23338.02
20110301,23396.42
20110302,23048.66
20110303,23122.42
20110304,23408.86
20110307,23313.19
20110308,23711.70
20110309,23810.11
20110310,23614.89
20110311,23249.78
20110314,23345.88
20110315,22678.25
20110316,22700.88
20110317,22284.43
20110318,22300.23
20110321,22685.22
20110322,22857.90
20110323,22825.40
20110324,22915.28
20110325,23158.67
20110328,23068.19
20110329,23060.36
20110330,23451.43
20110331,23527.52
20110401,23801.90
20110404,24150.58
20110406,24285.05
20110407,24281.80
20110408,24396.07
20110411,24303.07
20110412,23976.37
20110413,24135.03
20110414,24014.00
20110415,24008.07
20110418,23830.31
20110419,23520.62
20110420,23896.10
20110421,24138.31
20110426,24007.38
20110427,23892.84
20110428,23805.63
20110429,23720.81
20110503,23633.25
20110504,23315.24
20110505,23261.61
20110506,23159.14
20110509,23336.00
20110511,23291.80
20110512,23073.76
20110513,23276.27
20110516,22960.63
20110517,22901.08
20110518,23011.14
20110519,23163.38
20110520,23199.39
20110523,22711.02
20110524,22730.78
20110525,22747.28
20110526,22900.79
20110527,23118.07
20110530,23184.32
20110531,23684.13
20110601,23626.43
20110602,23253.84
20110603,22949.56
20110607,22868.67
20110608,22661.63
20110609,22609.83
20110610,22420.37
20110613,22508.08
20110614,22496.00
20110615,22343.77
20110616,21953.11
20110617,21695.26
20110620,21599.51
20110621,21850.59
20110622,21859.97
20110623,21759.14
20110624,22171.95
20110627,22041.77
20110628,22061.78
20110629,22061.18
20110630,22398.10
20110704,22770.47
20110705,22747.95
20110706,22517.55
20110707,22530.18
20110708,22726.43
20110711,22347.23
20110712,21663.16
20110713,21926.88
20110714,21940.20
20110715,21875.38
20110718,21804.75
20110719,21902.40
20110720,22003.69
20110721,21987.29
20110722,22444.80
20110725,22293.29
20110726,22572.08
20110727,22541.69
20110728,22570.74
20110729,22440.25
20110801,22663.37
20110802,22421.46
20110803,21992.72
20110804,21884.74
20110805,20946.14
20110808,20490.57
20110809,19330.70
20110810,19783.67
20110811,19595.14
20110812,19620.01
20110815,20260.10
20110816,20212.08
20110817,20289.03
20110818,20016.27
20110819,19399.92
20110822,19486.87
20110823,19875.53
20110824,19466.79
20110825,19752.48
20110826,19582.88
20110829,19865.11
20110830,20204.17
20110831,20534.85
20110901,20585.33
20110902,20212.91
20110905,19616.40
20110906,19710.50
20110907,20048.00
20110908,19912.82
20110909,19866.63
20110912,19030.54
20110914,19045.44
20110915,19181.50
20110916,19455.31
20110919,18917.95
20110920,19014.80
20110921,18824.17
20110922,17911.95
20110923,17668.83
20110926,17407.80
20110927,18130.55
20110928,18011.06
20110930,17592.41
20111003,16822.15
20111004,16250.27
20111006,17172.28
20111007,17707.01
20111010,17711.06
20111011,18141.59
20111012,18329.46
20111013,18757.81
20111014,18501.79
20111017,18873.99
20111018,18076.46
20111019,18309.22
20111020,17983.10
20111021,18025.72
20111024,18771.82
20111025,18968.20
20111026,19066.54
20111027,19688.70
20111028,20019.24
20111031,19864.87
20111101,19369.96
20111102,19733.71
20111103,19242.50
20111104,19842.79
20111107,19677.89
20111108,19678.47
20111109,20014.43
20111110,18963.89
20111111,19137.17
20111114,19508.18
20111115,19348.44
20111116,18960.90
20111117,18817.47
20111118,18491.23
20111121,18225.85
20111122,18251.59
20111123,17864.43
20111124,17935.10
20111125,17689.48
20111128,18037.81
20111129,18256.20
20111130,17989.35
20111201,18002.25
20111202,19040.39
20111205,19179.69
20111206,18942.23
20111207,19240.58
20111208,19107.81
20111209,18586.23
20111212,18575.66
20111213,18447.17
20111214,18354.43
20111215,18026.84
20111216,18285.39
20111219,18070.21
20111220,18080.20
20111221,18416.45
20111222,18378.23
20111223,18629.17
20111228,18518.67
20111229,18397.92
20111230,18434.39
20120103,18877.41
20120104,18727.31
20120105,18813.41
20120106,18593.06
20120109,18865.72
20120110,19004.28
20120111,19151.94
20120112,19095.38
20120113,19204.42
20120116,19012.20
20120117,19627.75
20120118,19686.92
20120119,19942.95
20120120,20110.37
20120126,20439.14
20120127,20501.67
20120130,20160.41
20120131,20390.49
20120201,20333.37
20120202,20739.45
20120203,20756.98
20120206,20709.94
20120207,20699.19
20120208,21018.46
20120209,21010.01
20120210,20783.86
20120213,20887.40
20120214,20917.83
20120215,21365.23
20120216,21277.28
20120217,21491.62
20120220,21424.79
20120221,21478.72
20120222,21549.28
20120223,21380.99
20120224,21406.86
20120227,21217.86
20120228,21568.73
20120229,21680.08
20120301,21387.96
20120302,21562.26
20120305,21265.31
20120306,20806.25
20120307,20627.78
20120308,20900.73
20120309,21086.00
20120312,21134.18
20120313,21339.70
20120314,21307.89
20120315,21353.53
20120316,21317.85
20120319,21115.29
20120320,20888.24
20120321,20856.63
20120322,20901.56
20120323,20668.80
20120326,20668.86
20120327,21046.91
20120328,20885.42
20120329,20609.39
20120330,20555.58
20120403,20790.98
20120405,20593.00
20120410,20356.24
20120411,20140.67
20120412,20327.32
20120413,20701.04
20120416,20610.64
20120417,20562.31
20120418,20780.73
20120419,20995.01
20120420,21010.64
20120423,20624.39
20120424,20677.16
20120425,20646.29
20120426,20809.71
20120427,20741.45
20120430,21094.21
20120502,21309.08
20120503,21249.53
20120504,21086.00
20120507,20536.65
20120508,20484.75
20120509,20330.64
20120510,20227.28
20120511,19964.63
20120514,19735.04
20120515,19894.31
20120516,19259.83
20120517,19200.93
20120518,18951.85
20120521,18922.32
20120522,19039.15
20120523,18786.19
20120524,18666.40
20120525,18713.41
20120528,18800.99
20120529,19055.46
20120530,18690.22
20120531,18629.52
20120601,18558.34
20120604,18185.59
20120605,18259.03
20120606,18520.53
20120607,18678.29
20120608,18502.34
20120611,18953.63
20120612,18872.56
20120613,19026.52
20120614,18808.40
20120615,19233.94
20120618,19427.81
20120619,19416.67
20120620,19518.85
20120621,19265.07
20120622,18995.13
20120625,18897.45
20120626,18981.84
20120627,19176.95
20120628,19025.27
20120629,19441.46
20120703,19735.53
20120704,19709.75
20120705,19809.13
20120706,19800.64
20120709,19428.09
20120710,19396.36
20120711,19419.87
20120712,19025.11
20120713,19092.63
20120716,19121.34
20120717,19455.33
20120718,19239.88
20120719,19559.05
20120720,19640.80
20120723,19053.47
20120724,18903.20
20120725,18877.33
20120726,18892.79
20120727,19274.96
20120730,19585.40
20120731,19796.81
20120801,19820.38
20120802,19690.20
20120803,19666.18
20120806,19998.72
20120807,20072.55
20120808,20065.52
20120809,20269.47
20120810,20136.12
20120813,20081.36
20120814,20291.68
20120815,20052.29
20120816,19962.95
20120817,20116.07
20120820,20104.27
20120821,20100.09
20120822,19887.78
20120823,20132.24
20120824,19880.03
20120827,19798.67
20120828,19811.80
20120829,19788.51
20120830,19552.91
20120831,19482.57
20120903,19559.21
20120904,19429.91
20120905,19145.07
20120906,19209.30
20120907,19802.16
20120910,19827.17
20120911,19857.88
20120912,20075.39
20120913,20047.63
20120914,20629.78
20120917,20658.11
20120918,20601.93
20120919,20841.91
20120920,20590.92
20120921,20734.94
20120924,20694.70
20120925,20698.68
20120926,20527.73
20120927,20762.29
20120928,20840.38
20121003,20888.28
20121004,20907.95
20121005,21012.38
20121008,20824.56
20121009,20937.28
20121010,20919.60
20121011,20999.05
20121012,21136.43
20121015,21148.25
20121016,21207.07
20121017,21416.64
20121018,21518.71
20121019,21551.76
20121022,21697.55
20121024,21763.78
20121025,21810.23
20121026,21545.57
20121029,21511.05
20121030,21428.58
20121031,21641.82
20121101,21821.87
20121102,22111.33
20121105,22006.40
20121106,21944.43
20121107,22099.85
20121108,21566.91
20121109,21384.38
20121112,21430.30
20121113,21188.65
20121114,21441.99
20121115,21108.93
20121116,21159.01
20121119,21262.06
20121120,21228.28
20121121,21524.36
20121122,21743.20
20121123,21913.98
20121126,21861.81
20121127,21844.03
20121128,21708.98
20121129,21922.89
20121130,22030.39
20121203,21767.85
20121204,21799.97
20121205,22270.91
20121206,22249.81
20121207,22191.17
20121210,22276.72
20121211,22323.94
20121212,22503.35
20121213,22445.58
20121214,22605.98
20121217,22513.61
20121218,22494.73
20121219,22623.37
20121220,22659.78
20121221,22506.29
20121224,22541.18
20121227,22619.78
20121228,22666.59
20121231,22656.92
20130102,23311.98
20130103,23398.60
20130104,23331.09
20130107,23329.75
20130108,23111.19
20130109,23218.47
20130110,23354.31
20130111,23264.07
20130114,23413.26
20130115,23381.51
20130116,23356.99
20130117,23339.76
20130118,23601.78
20130121,23590.91
20130122,23658.99
20130123,23635.10
20130124,23598.90
20130125,23580.43
20130128,23671.88
20130129,23655.17
20130130,23822.06
20130131,23729.53
20130201,23721.84
20130204,23685.01
20130205,23148.53
20130206,23256.93
20130207,23177.00
20130208,23215.16
20130214,23413.25
20130215,23444.56
20130218,23381.94
20130219,23143.91
20130220,23307.41
20130221,22906.67
20130222,22782.44
20130225,22820.08
20130226,22519.69
20130227,22577.01
20130228,23020.27
20130301,22880.22
20130304,22537.81
20130305,22560.50
20130306,22777.84
20130307,22771.44
20130308,23091.95
20130311,23090.82
20130312,22890.60
20130313,22556.65
20130314,22619.18
20130315,22533.11
20130318,22083.36
20130319,22041.86
20130320,22256.44
20130321,22225.88
20130322,22115.30
20130325,22251.15
20130326,22311.08
20130327,22464.82
20130328,22299.63
20130402,22367.82
20130403,22337.49
20130405,21726.90
20130408,21718.05
20130409,21870.34
20130410,22034.56
20130411,22101.27
20130412,22089.05
20130415,21772.67
20130416,21672.03
20130417,21569.67
20130418,21512.52
20130419,22013.57
20130422,22044.37
20130423,21806.61
20130424,22183.05
20130425,22401.24
20130426,22547.71
20130429,22580.77
20130430,22737.01
20130502,22668.30
20130503,22689.96
20130506,22915.09
20130507,23047.09
20130508,23244.35
20130509,23211.48
20130510,23321.22
20130513,22989.81
20130514,22930.28
20130515,23044.24
20130516,23082.68
20130520,23493.03
20130521,23366.37
20130522,23261.08
20130523,22669.68
20130524,22618.67
20130527,22686.05
20130528,22924.25
20130529,22554.93
20130530,22484.31
20130531,22392.16
20130603,22282.19
20130604,22285.52
20130605,22069.24
20130606,21838.43
20130607,21575.26
20130610,21615.09
20130611,21354.66
20130613,20887.04
20130614,20969.14
20130617,21225.90
20130618,21225.88
20130619,20986.89
20130620,20382.87
20130621,20263.31
20130624,19813.98
20130625,19855.72
20130626,20338.55
20130627,20440.08
20130628,20803.29
20130702,20658.65
20130703,20147.31
20130704,20468.67
20130705,20854.67
20130708,20582.19
20130709,20683.01
20130710,20904.56
20130711,21437.49
20130712,21277.28
20130715,21303.31
20130716,21312.38
20130717,21371.87
20130718,21345.22
20130719,21362.42
20130722,21416.50
20130723,21915.42
20130724,21968.93
20130725,21900.96
20130726,21968.95
20130729,21850.15
20130730,21953.96
20130731,21883.66
20130801,22088.79
20130802,22190.97
20130805,22222.01
20130806,21923.70
20130807,21588.84
20130808,21655.88
20130809,21807.56
20130812,22271.28
20130813,22541.13
20130815,22539.25
20130816,22517.81
20130819,22463.70
20130820,21970.29
20130821,21817.73
20130822,21895.40
20130823,21863.51
20130826,22005.32
20130827,21874.77
20130828,21524.65
20130829,21704.78
20130830,21731.37
20130902,22175.34
20130903,22394.58
20130904,22326.22
20130905,22597.97
20130906,22621.22
20130909,22750.65
20130910,22976.65
20130911,22937.14
20130912,22953.72
20130913,22915.28
20130916,23252.41
20130917,23180.52
20130918,23117.45
20130919,23502.51
20130923,23371.54
20130924,23179.04
20130925,23209.63
20130926,23125.03
20130927,23207.04
20130930,22859.86
20131002,22984.48
20131003,23214.40
20131004,23138.54
20131007,22973.95
20131008,23178.85
20131009,23033.97
20131010,22951.30
20131011,23218.32
20131015,23336.52
20131016,23228.33
20131017,23094.88
20131018,23340.10
20131021,23438.15
20131022,23315.99
20131023,22999.95
20131024,22835.82
20131025,22698.34
20131028,22806.58
20131029,22846.54
20131030,23304.02
20131031,23206.37
20131101,23249.79
20131104,23189.62
20131105,23038.95
20131106,23036.94
20131107,22881.03
20131108,22744.39
20131111,23069.85
20131112,22901.41
20131113,22463.83
20131114,22649.15
20131115,23032.15
20131118,23660.06
20131119,23657.81
20131120,23700.86
20131121,23580.29
20131122,23696.28
20131125,23684.45
20131126,23681.28
20131127,23806.35
20131128,23789.09
20131129,23881.29
20131202,24038.55
20131203,23910.47
20131204,23728.70
20131205,23712.57
20131206,23743.10
20131209,23811.17
20131210,23744.19
20131211,23338.24
20131212,23218.12
20131213,23245.96
20131216,23114.66
20131217,23069.23
20131218,23143.82
20131219,22888.75
20131220,22812.18
20131223,22921.56
20131224,23179.55
20131227,23243.24
20131230,23244.87
20131231,23306.39
20140102,23340.05
20140103,22817.28
20140106,22684.15
20140107,22712.78
20140108,22996.59
20140109,22787.33
20140110,22846.25
20140113,22888.76
20140114,22791.28
20140115,22902.00
20140116,22986.41
20140117,23133.35
20140120,22928.95
20140121,23033.12
20140122,23082.25
20140123,22733.90
20140124,22450.06
20140127,21976.10
20140128,21960.64
20140129,22141.61
20140130,22035.42
20140204,21397.77
20140205,21269.38
20140206,21423.13
20140207,21636.85
20140210,21579.26
20140211,21962.98
20140212,22285.79
20140213,22165.53
20140214,22298.41
20140217,22535.94
20140218,22587.72
20140219,22664.52
20140220,22394.08
20140221,22568.24
20140224,22388.56
20140225,22317.20
20140226,22437.44
20140227,22828.18
20140228,22836.96
20140303,22500.67
20140304,22657.63
20140305,22579.78
20140306,22702.97
20140307,22660.49
20140310,22264.93
20140311,22269.61
20140312,21901.95
20140313,21756.08
20140314,21539.49
20140317,21473.95
20140318,21583.50
20140319,21568.69
20140320,21182.16
20140321,21436.70
20140324,21846.45
20140325,21732.32
20140326,21887.75
20140327,21834.45
20140328,22065.53
20140331,22151.06
20140401,22448.54
20140402,22523.94
20140403,22565.08
20140404,22510.08
20140407,22377.15
20140408,22596.97
20140409,22843.17
20140410,23186.96
20140411,23003.64
20140414,23038.80
20140415,22671.26
20140416,22696.01
20140417,22760.24
20140422,22730.68
20140423,22509.64
20140424,22562.80
20140425,22223.53
20140428,22132.53
20140429,22453.89
20140430,22133.97
20140502,22260.67
20140505,21976.33
20140507,21746.26
20140508,21837.12
20140509,21862.99
20140512,22261.61
20140513,22352.38
20140514,22582.77
20140515,22730.86
20140516,22712.91
20140519,22704.50
20140520,22834.68
20140521,22836.52
20140522,22953.76
20140523,22965.86
20140526,22963.18
20140527,22944.30
20140528,23080.03
20140529,23010.14
20140530,23081.65
20140603,23291.04
20140604,23151.71
20140605,23109.66
20140606,22951.00
20140609,23117.47
20140610,23315.74
20140611,23257.29
20140612,23175.02
20140613,23319.17
20140616,23300.67
20140617,23203.59
20140618,23181.72
20140619,23167.73
20140620,23194.06
20140623,22804.81
20140624,22880.64
20140625,22866.70
20140626,23197.83
20140627,23221.52
20140630,23190.72
20140702,23549.62
20140703,23531.44
20140704,23546.36
20140707,23540.92
20140708,23541.38
20140709,23176.07
20140710,23238.99
20140711,23233.45
20140714,23346.67
20140715,23459.96
20140716,23523.28
20140717,23520.87
20140718,23454.79
20140721,23387.14
20140722,23782.11
20140723,23971.87
20140724,24141.50
20140725,24216.01
20140728,24428.63
20140729,24640.53
20140730,24732.21
20140731,24756.85
20140801,24532.43
20140804,24600.08
20140805,24648.26
20140806,24584.13
20140807,24387.56
20140808,24331.41
20140811,24646.02
20140812,24689.41
20140813,24890.34
20140814,24801.36
20140815,24954.94
20140818,24955.46
20140819,25122.95
20140820,25159.76
20140821,24994.10
20140822,25112.23
20140825,25166.91
20140826,25074.50
20140827,24918.75
20140828,24741.00
20140829,24742.06
20140901,24752.09
20140902,24749.02
20140903,25317.95
20140904,25297.92
20140905,25240.15
20140908,25190.45
20140910,24705.36
20140911,24662.64
20140912,24595.32
20140915,24356.99
20140916,24136.01
20140917,24376.41
20140918,24168.72
20140919,24306.16
20140922,23955.49
20140923,23837.07
20140924,23921.61
20140925,23768.13
20140926,23678.41
20140929,23229.21
20140930,22932.98
20141003,23064.56
20141006,23315.04
20141007,23422.52
20141008,23263.33
20141009,23534.53
20141010,23088.54
20141013,23143.38
20141014,23047.97
20141015,23140.05
20141016,22900.94
20141017,23023.21
20141020,23070.26
20141021,23088.58
20141022,23403.97
20141023,23333.18
20141024,23302.20
20141027,23143.23
20141028,23520.36
20141029,23819.87
20141030,23702.04
20141031,23998.06
20141103,23915.97
20141104,23845.66
20141105,23695.62
20141106,23649.31
20141107,23550.24
20141110,23744.70
20141111,23808.28
20141112,23938.18
20141113,24019.94
20141114,24087.38
20141117,23797.08
20141118,23529.17
20141119,23373.31
20141120,23349.64
20141121,23437.12
20141124,23893.14
20141125,23843.91
20141126,24111.98
20141127,24004.28
20141128,23987.45
20141201,23367.45
20141202,23654.30
20141203,23428.62
20141204,23832.56
20141205,24002.64
20141208,24047.67
20141209,23485.83
20141210,23524.52
20141211,23312.54
20141212,23249.20
20141215,23027.85
20141216,22670.50
20141217,22585.84
20141218,22832.21
20141219,23116.63
20141222,23408.57
20141223,23333.69
20141224,23349.34
20141229,23773.18
20141230,23501.10
20141231,23605.04
20150102,23857.82
20150105,23721.32
20150106,23485.41
20150107,23681.26
20150108,23835.53
20150109,23919.95
20150112,24026.46
20150113,24215.97
20150114,24112.60
20150115,24350.91
20150116,24103.52
20150119,23738.49
20150120,23951.16
20150121,24352.58
20150122,24522.63
20150123,24850.45
20150126,24909.90
20150127,24807.28
20150128,24861.81
20150129,24595.85
20150130,24507.05
20150202,24484.74
20150203,24554.78
20150204,24679.76
20150205,24765.49
20150206,24679.39
20150209,24521.00
20150210,24528.10
20150211,24315.02
20150212,24422.15
20150213,24682.54
20150216,24726.53
20150217,24784.88
20150218,24832.08
20150223,24836.76
20150224,24750.07
20150225,24778.28
20150226,24902.06
20150227,24823.29
20150302,24887.44
20150303,24702.78
20150304,24465.38
20150305,24193.04
20150306,24164.00
20150309,24123.05
20150310,23896.98
20150311,23717.97
20150312,23797.96
20150313,23823.21
20150316,23949.55
20150317,23901.49
20150318,24120.08
20150319,24468.89
20150320,24375.24
20150323,24494.51
20150324,24399.60
20150325,24528.23
20150326,24497.08
20150327,24486.20
20150330,24855.12
20150331,24900.89
20150401,25082.75
20150402,25275.64
20150408,26236.86
20150409,26944.39
20150410,27272.39
20150413,28016.34
20150414,27561.49
20150415,27618.82
20150416,27739.71
20150417,27653.12
20150420,27094.93
20150421,27850.49
20150422,27933.85
20150423,27827.70
20150424,28060.98
20150427,28433.59
20150428,28442.75
20150429,28400.34
20150430,28133.00
20150504,28123.82
20150505,27755.54
20150506,27640.91
20150507,27289.97
20150508,27577.34
20150511,27718.20
20150512,27407.18
20150513,27249.28
20150514,27286.55
20150515,27822.28
20150518,27591.25
20150519,27693.54
20150520,27585.05
20150521,27523.72
20150522,27992.83
20150526,28249.86
20150527,28081.21
20150528,27454.31
20150529,27424.19
20150601,27597.16
20150602,27466.72
20150603,27657.47
20150604,27551.89
20150605,27260.16
20150608,27316.28
20150609,26989.52
20150610,26687.64
20150611,26907.85
20150612,27280.54
20150615,26861.81
20150616,26566.70
20150617,26753.79
20150618,26694.66
20150619,26760.53
20150622,27080.85
20150623,27333.46
20150624,27404.97
20150625,27145.75
20150626,26663.87
20150629,25966.98
20150630,26250.03
20150702,26282.32
20150703,26064.11
20150706,25236.28
20150707,24975.31
20150708,23516.56
20150709,24392.79
20150710,24901.28
20150713,25224.01
20150714,25120.91
20150715,25055.76
20150716,25162.78
20150717,25415.27
20150720,25404.81
20150721,25536.43
20150722,25282.62
20150723,25398.85
20150724,25128.51
20150727,24351.96
20150728,24503.94
20150729,24619.45
20150730,24497.98
20150731,24636.28
20150803,24411.42
20150804,24406.12
20150805,24514.16
20150806,24375.28
20150807,24552.47
20150810,24521.12
20150811,24498.21
20150812,23916.02
20150813,24018.80
20150814,23991.03
20150817,23814.65
20150818,23474.97
20150819,23167.85
20150820,22757.47
20150821,22409.62
20150824,21251.57
20150825,21404.96
20150826,21080.39
20150827,21838.54
20150828,21612.39
20150831,21670.58
20150901,21185.43
20150902,20934.94
20150904,20840.61
20150907,20583.52
20150908,21259.04
20150909,22131.31
20150910,21562.50
20150911,21504.37
20150914,21561.90
20150915,21455.23
20150916,21966.66
20150917,21854.63
20150918,21920.83
20150921,21756.93
20150922,21796.58
20150923,21302.91
20150924,21095.98
20150925,21186.32
20150929,20556.60
20150930,20846.30
20151002,21506.09
20151005,21854.50
20151006,21831.62
20151007,22515.76
20151008,22354.91
20151009,22458.80
20151012,22730.93
20151013,22600.46
20151014,22439.91
20151015,22888.17
20151016,23067.37
20151019,23075.61
20151020,22989.22
20151022,22845.37
20151023,23151.94
20151026,23116.25
20151027,23142.73
20151028,22956.57
20151029,22819.94
20151030,22640.04
20151102,22370.04
20151103,22568.43
20151104,23053.57
20151105,23051.04
20151106,22867.33
20151109,22726.77
20151110,22401.70
20151111,22352.17
20151112,22888.92
20151113,22396.14
20151116,22010.82
20151117,22264.25
20151118,22188.26
20151119,22500.22
20151120,22754.72
20151123,22665.90
20151124,22587.63
20151125,22498.00
20151126,22488.94
20151127,22068.32
20151130,21996.42
20151201,22381.35
20151202,22479.69
20151203,22417.01
20151204,22235.89
20151207,22203.22
20151208,21905.13
20151209,21803.76
20151210,21704.61
20151211,21464.05
20151214,21309.85
20151215,21274.37
20151216,21701.21
20151217,21872.06
20151218,21755.56
20151221,21791.68
20151222,21830.02
20151223,22040.59
20151224,22140.47
20151228,21919.62
20151229,21999.62
20151230,21882.15
20151231,21914.40
20160104,21327.12
20160105,21188.72
20160106,20980.81
20160107,20333.34
20160108,20453.71
20160111,19888.50
20160112,19711.76
20160113,19934.88
20160114,19817.41
20160115,19520.77
20160118,19237.45
20160119,19635.81
20160120,18886.30
20160121,18542.15
20160122,19080.51
20160125,19340.14
20160126,18860.80
20160127,19052.45
20160128,19195.83
20160129,19683.11
20160201,19595.50
20160202,19446.84
20160203,18991.59
20160204,19183.09
20160205,19288.17
20160211,18545.80
20160212,18319.58
20160215,18918.14
20160216,19122.08
20160217,18924.57
20160218,19363.08
20160219,19285.50
20160222,19464.09
20160223,19414.78
20160224,19192.45
20160225,18888.75
20160226,19364.15
20160229,19111.93
20160301,19407.46
20160302,20003.49
20160303,19941.76
20160304,20176.70
20160307,20159.72
20160308,20011.58
20160309,19996.26
20160310,19984.42
20160311,20199.60
20160314,20435.34
20160315,20288.77
20160316,20257.70
20160317,20503.81
20160318,20671.63
20160321,20684.15
20160322,20666.75
20160323,20615.23
20160324,20345.61
20160329,20366.30
20160330,20803.39
20160331,20776.70
20160401,20498.92
20160405,20177.00
20160406,20206.67
20160407,20266.05
20160408,20370.40
20160411,20440.81
20160412,20504.44
20160413,21158.71
20160414,21337.81
20160415,21316.47
20160418,21161.50
20160419,21436.21
20160420,21236.31
20160421,21622.25
20160422,21467.04
20160425,21304.44
20160426,21407.27
20160427,21361.60
20160428,21388.03
20160429,21067.05
20160503,20676.94
20160504,20525.83
20160505,20449.82
20160506,20109.87
20160509,20156.81
20160510,20242.68
20160511,20055.29
20160512,19915.46
20160513,19719.29
20160516,19883.95
20160517,20118.80
20160518,19826.41
20160519,19694.33
20160520,19852.20
20160523,19809.03
20160524,19830.43
20160525,20368.05
20160526,20397.11
20160527,20576.77
20160530,20629.39
20160531,20815.09
20160601,20760.98
20160602,20859.22
20160603,20947.24
20160606,21030.22
20160607,21328.24
20160608,21297.88
20160610,21042.64
20160613,20512.99
20160614,20387.53
20160615,20467.52
20160616,20038.42
20160617,20169.98
20160620,20510.20
20160621,20668.44
20160622,20795.12
20160623,20868.34
20160624,20259.13
20160627,20227.30
20160628,20172.46
20160629,20436.12
20160630,20794.37
20160704,21059.20
20160705,20750.72
20160706,20495.29
20160707,20706.92
20160708,20564.17
20160711,20880.50
20160712,21224.74
20160713,21322.37
20160714,21561.06
20160715,21659.25
20160718,21803.18
20160719,21673.20
20160720,21882.48
20160721,22000.49
20160722,21964.27
20160725,21993.44
20160726,22129.73
20160727,22218.99
20160728,22174.34
20160729,21891.37
20160801,22129.14
20160803,21739.12
20160804,21832.23
20160805,22146.09
20160808,22494.76
20160809,22465.61
20160810,22492.43
20160811,22580.55
20160812,22766.91
20160815,22932.51
20160816,22910.84
20160817,22799.78
20160818,23023.16
20160819,22937.22
20160822,22997.91
20160823,22998.93
20160824,22820.78
20160825,22814.95
20160826,22909.54
20160829,22821.34
20160830,23016.11
20160831,22976.88
20160901,23162.34
20160902,23266.70
20160905,23649.55
20160906,23787.68
20160907,23741.81
20160908,23919.34
20160909,24099.70
20160912,23290.60
20160913,23215.76
20160914,23190.64
20160915,23335.59
20160919,23550.45
20160920,23530.86
20160921,23669.90
20160922,23759.80
20160923,23686.48
20160926,23317.92
20160927,23571.90
20160928,23619.65
20160929,23739.47
20160930,23297.15
20161003,23584.43
20161004,23689.44
20161005,23788.31
20161006,23952.50
20161007,23851.82
20161011,23549.52
20161012,23407.05
20161013,23031.30
20161014,23233.31
20161017,23037.54
20161018,23394.39
20161019,23304.97
20161020,23374.40
20161024,23604.08
20161025,23565.11
20161026,23325.43
20161027,23132.35
20161028,22954.81
20161031,22934.54
20161101,23147.07
20161102,22810.50
20161103,22683.51
20161104,22642.62
20161107,22801.40
20161108,22909.47
20161109,22415.19
20161110,22839.11
20161111,22531.09
20161114,22222.22
20161115,22323.91
20161116,22280.53
20161117,22262.88
20161118,22344.21
20161121,22357.78
20161122,22678.07
20161123,22676.69
20161124,22608.49
20161125,22723.45
20161128,22830.57
20161129,22737.07
20161130,22789.77
20161201,22878.23
20161202,22564.82
20161205,22505.55
20161206,22675.15
20161207,22800.92
20161208,22861.84
20161209,22760.98
20161212,22433.02
20161213,22446.70
20161214,22456.62
20161215,22059.40
20161216,22020.75
20161219,21832.68
20161220,21729.06
20161221,21809.80
20161222,21636.20
20161223,21574.76
20161228,21754.74
20161229,21790.91
20161230,22000.56
20170103,22150.40
20170104,22134.47
20170105,22456.69
20170106,22503.01
20170109,22558.69
20170110,22744.85
20170111,22935.35
20170112,22829.02
20170113,22937.38
20170116,22718.15
20170117,22840.97
20170118,23098.26
20170119,23049.96
20170120,22885.91
20170123,22898.52
20170124,22949.86
20170125,23049.12
20170126,23374.17
20170127,23360.78
20170201,23318.39
20170202,23184.52
20170203,23129.21
20170206,23348.24
20170207,23331.57
20170208,23485.13
20170209,23525.14
20170210,23574.98
20170213,23710.98
20170214,23703.01
20170215,23994.87
20170216,24107.70
20170217,24033.74
20170220,24146.08
20170221,23963.63
20170222,24201.96
20170223,24114.86
20170224,23965.70
20170227,23925.05
20170228,23740.73
20170301,23776.49
20170302,23728.07
20170303,23552.72
20170306,23596.28
20170307,23681.07
20170308,23782.27
20170309,23501.56
20170310,23568.67
20170313,23829.67
20170314,23827.95
20170315,23792.85
20170316,24288.28
20170317,24309.93
20170320,24501.99
20170321,24593.12
20170322,24320.41
20170323,24327.70
20170324,24358.27
20170327,24193.70
20170328,24345.87
20170329,24392.05
20170330,24301.09
20170331,24111.59
20170403,24261.48
20170405,24400.80
20170406,24273.72
20170407,24267.30
20170410,24262.18
20170411,24088.46
20170412,24313.50
20170413,24261.66
20170418,23924.54
20170419,23825.88
20170420,24056.98
20170421,24042.02
20170424,24139.48
20170425,24455.94
20170426,24578.43
20170427,24698.48
20170428,24615.13
20170502,24696.13
20170504,24683.88
20170505,24476.35
20170508,24577.91
20170509,24889.03
20170510,25015.42
20170511,25125.55
20170512,25156.34
20170515,25371.59
20170516,25335.94
20170517,25293.63
20170518,25136.52
20170519,25174.87
20170522,25391.34
20170523,25403.15
20170524,25428.50
20170525,25630.78
20170526,25639.27
20170529,25701.63
20170531,25660.65
20170601,25809.22
20170602,25924.05
20170605,25862.99
20170606,25997.14
20170607,25974.16
20170608,26063.06
20170609,26030.29
20170612,25708.04
20170613,25852.10
20170614,25875.90
20170615,25565.34
20170616,25626.49
20170619,25924.55
20170620,25843.04
20170621,25694.58
20170622,25674.53
20170623,25670.05
20170626,25871.89
20170627,25839.99
20170628,25683.50
20170629,25965.42
20170630,25764.58
20170703,25784.17
20170704,25389.01
20170705,25521.97
20170706,25465.22
20170707,25340.85
20170710,25500.06
20170711,25877.64
20170712,26043.64
20170713,26346.17
20170714,26389.23
20170717,26470.58
20170718,26524.94
20170719,26672.16
20170720,26740.21
20170721,26706.09
20170724,26846.83
20170725,26852.05
20170726,26941.02
20170727,27131.17
20170728,26979.39
20170731,27323.99
20170801,27540.23
20170802,27607.38
20170803,27531.01
20170804,27562.68
20170807,27690.36
20170808,27854.91
20170809,27757.09
20170810,27444.00
20170811,26883.51
20170814,27250.23
20170815,27174.96
20170816,27409.07
20170817,27344.22
20170818,27047.57
20170821,27154.68
20170822,27401.67
20170824,27518.60
20170825,27848.16
20170828,27863.29
20170829,27765.01
20170830,28094.61
20170831,27970.30
20170901,27953.16
20170904,27740.26
20170905,27741.35
20170906,27613.76
20170907,27522.92
20170908,27668.47
20170911,27955.13
20170912,27972.24
20170913,27894.08
20170914,27777.20
20170915,27807.59
20170918,28159.77
20170919,28051.41
20170920,28127.80
20170921,28110.33
20170922,27880.53
20170925,27500.34
20170926,27513.01
20170927,27642.43
20170928,27421.60
20170929,27554.30
20171003,28173.21
20171004,28379.18
20171006,28458.04
20171009,28326.59
20171010,28490.83
20171011,28389.57
20171012,28459.03
20171013,28476.43
20171016,28692.80
20171017,28697.49
20171018,28711.76
20171019,28159.09
20171020,28487.24
20171023,28305.88
20171024,28154.97
20171025,28302.89
20171026,28202.38
20171027,28438.85
20171030,28336.19
20171031,28245.54
20171101,28594.06
20171102,28518.64
20171103,28603.61
20171106,28596.80
20171107,28994.34
20171108,28907.60
20171109,29136.57
20171110,29120.92
20171113,29182.18
20171114,29152.12
20171115,28851.69
20171116,29018.76
20171117,29199.04
20171120,29260.31
20171121,29818.07
20171122,30003.49
20171123,29707.94
20171124,29866.32
20171127,29686.19
20171128,29680.85
20171129,29623.83
20171130,29177.35
20171201,29074.24
20171204,29138.28
20171205,28842.80
20171206,28224.80
20171207,28303.19
20171208,28639.85
20171211,28965.29
20171212,28793.88
20171213,29222.10
20171214,29166.38
20171215,28848.11
20171218,29050.41
20171219,29253.66
20171220,29234.09
20171221,29367.06
20171222,29578.01
20171227,29597.66
20171228,29863.71
20171229,29919.15
20180102,30515.31
20180103,30560.95
20180104,30736.48
20180105,30814.64
20180108,30899.53
20180109,31011.41
20180110,31073.72
20180111,31120.39
20180112,31412.54
20180115,31338.87
20180116,31904.75
20180117,31983.41
20180118,32121.94
20180119,32254.89
20180122,32393.41
20180123,32930.70
20180124,32958.69
20180125,32654.45
20180126,33154.12
20180129,32966.89
20180130,32607.29
20180131,32887.27
20180201,32642.09
20180202,32601.78
20180205,32245.22
20180206,30595.42
20180207,30323.20
20180208,30451.27
20180209,29507.42
20180212,29459.63
20180213,29839.53
20180214,30515.60
20180215,31115.43
20180220,30873.63
20180221,31431.89
20180222,30965.68
20180223,31267.17
20180226,31498.60
20180227,31268.66
20180228,30844.72
20180301,31044.25
20180302,30583.45
20180305,29886.39
20180306,30510.73
20180307,30196.92
20180308,30654.52
20180309,30996.21
20180312,31594.33
20180313,31601.45
20180314,31435.01
20180315,31541.10
20180316,31501.97
20180319,31513.76
20180320,31549.93
20180321,31414.52
20180322,31071.05
20180323,30309.29
20180326,30548.77
20180327,30790.83
20180328,30022.53
20180329,30093.38
20180403,30180.10
20180404,29518.69
20180406,29844.94
20180409,30229.58
20180410,30728.74
20180411,30897.71
20180412,30831.28
20180413,30808.38
20180416,30315.59
20180417,30062.75
20180418,30284.25
20180419,30708.44
20180420,30418.33
20180423,30254.40
20180424,30636.24
20180425,30328.15
20180426,30007.68
20180427,30280.67
20180430,30808.45
20180502,30723.88
20180503,30313.37
20180504,29926.50
20180507,29994.26
20180508,30402.81
20180509,30536.14
20180510,30809.22
20180511,31122.06
20180514,31541.08
20180515,31152.03
20180516,31110.20
20180517,30942.15
20180518,31047.91
20180521,31234.35
20180523,30665.64
20180524,30760.41
20180525,30588.04
20180528,30792.26
20180529,30484.58
20180530,30056.79
20180531,30468.56
20180601,30492.91
20180604,30997.98
20180605,31093.45
20180606,31259.10
20180607,31512.63
20180608,30958.21
20180611,31063.70
20180612,31103.06
20180613,30725.15
20180614,30440.17
20180615,30309.49
20180619,29468.15
20180620,29696.17
20180621,29296.05
20180622,29338.70
20180625,28961.39
20180626,28881.40
20180627,28356.26
20180628,28497.32
20180629,28955.11
20180703,28545.57
20180704,28241.67
20180705,28182.09
20180706,28315.62
20180709,28688.50
20180710,28682.25
20180711,28311.69
20180712,28480.83
20180713,28525.44
20180716,28539.66
20180717,28181.68
20180718,28117.42
20180719,28010.86
20180720,28224.48
20180723,28256.12
20180724,28662.57
20180725,28920.90
20180726,28781.14
20180727,28804.28
20180730,28733.13
20180731,28583.01
20180801,28340.74
20180802,27714.56
20180803,27676.32
20180806,27819.56
20180807,28248.88
20180808,28359.14
20180809,28607.30
20180810,28366.62
20180813,27936.57
20180814,27752.93
20180815,27323.59
20180816,27100.06
20180817,27213.41
20180820,27598.02
20180821,27752.79
20180822,27927.58
20180823,27790.46
20180824,27671.87
20180827,28271.27
20180828,28351.62
20180829,28416.44
20180830,28164.05
20180831,27888.55
20180903,27712.54
20180904,27973.34
20180905,27243.85
20180906,26974.82
20180907,26973.47
20180910,26613.42
20180911,26422.55
20180912,26345.04
20180913,27014.49
20180914,27286.41
20180917,26932.85
20180918,27084.66
20180919,27407.37
20180920,27477.67
20180921,27953.58
20180924,27499.39
20180926,27816.87
20180927,27715.67
20180928,27788.52
20181002,27126.38
20181003,27091.26
20181004,26623.87
20181005,26572.57
20181008,26202.57
20181009,26172.91
20181010,26193.07
20181011,25266.37
20181012,25801.49
20181015,25445.06
20181016,25462.26
20181018,25454.55
20181019,25561.40
20181022,26153.15
20181023,25346.55
20181024,25249.78
20181025,24994.46
20181026,24717.63
20181029,24812.04
20181030,24585.53
20181031,24979.69
20181101,25416.00
20181102,26486.35
20181105,25934.39
20181106,26120.96
20181107,26147.69
20181108,26227.72
20181109,25601.92
20181112,25633.18
20181113,25792.87
20181114,25654.43
20181115,26103.34
20181116,26183.53
20181119,26372.00
20181120,25840.34
20181121,25971.47
20181122,26019.41
20181123,25927.68
20181126,26376.18
20181127,26331.96
20181128,26682.56
20181129,26451.03
20181130,26506.75
20181203,27182.04
20181204,27260.44
20181205,26819.68
20181206,26156.38
20181207,26063.76
20181210,25752.38
20181211,25771.67
20181212,26186.71
20181213,26524.35
20181214,26094.79
20181217,26087.98
20181218,25814.25
20181219,25865.39
20181220,25623.53
20181221,25753.42
20181224,25651.38
20181227,25478.88
20181228,25504.20
20181231,25845.70
20190102,25130.35
20190103,25064.36
20190104,25626.03
20190107,25835.70
20190108,25875.45
20190109,26462.32
20190110,26521.43
20190111,26667.27
20190114,26298.33
20190115,26830.29
20190116,26902.10
20190117,26755.63
20190118,27090.81
20190121,27196.54
20190122,27005.45
20190123,27008.20
20190124,27120.98
20190125,27569.19
20190128,27576.96
20190129,27531.68
20190130,27642.85
20190131,27942.47
20190201,27930.74
20190204,27990.21
20190208,27946.32
20190211,28143.84
20190212,28171.33
20190213,28497.59
20190214,28432.05
20190215,27900.84
20190218,28347.01
20190219,28228.13
20190220,28514.05
20190221,28629.92
20190222,28816.30
20190225,28959.30
20190226,28772.06
20190227,28757.44
20190228,28633.18
20190301,28812.17
20190304,28959.59
20190305,28961.60
20190306,29037.60
20190307,28779.45
20190308,28228.42
20190311,28503.30
20190312,28920.87
20190313,28807.45
20190314,28851.39
20190315,29012.26
20190318,29409.01
20190319,29466.28
20190320,29320.97
20190321,29071.56
20190322,29113.36
20190325,28523.35
20190326,28566.91
20190327,28728.25
20190328,28775.21
20190329,29051.36
20190401,29562.02
20190402,29624.67
20190403,29986.39
20190404,29936.32
20190408,30077.15
20190409,30157.49
20190410,30119.56
20190411,29839.45
20190412,29909.76
20190415,29810.72
20190416,30129.87
20190417,30124.68
20190418,29963.26
20190423,29963.24
20190424,29805.83
20190425,29549.80
20190426,29605.01
20190429,29892.81
20190430,29699.11
20190502,29944.18
20190503,30081.55
20190506,29209.82
20190507,29363.02
20190508,29003.20
20190509,28311.07
20190510,28550.24
20190514,28122.02
20190515,28268.71
20190516,28275.07
20190517,27946.46
20190520,27787.61
20190521,27657.24
20190522,27705.94
20190523,27267.13
20190524,27353.93
20190527,27288.09
20190528,27390.81
20190529,27235.71
20190530,27114.88
20190531,26901.09
20190603,26893.86
20190604,26761.52
20190605,26895.44
20190606,26965.28
20190610,27578.64
20190611,27789.34
20190612,27308.46
20190613,27294.71
20190614,27118.35
20190617,27227.16
20190618,27498.77
20190619,28202.14
20190620,28550.43
20190621,28473.71
20190624,28513.00
20190625,28185.98
20190626,28221.98
20190627,28621.42
20190628,28542.62
20190702,28875.56
20190703,28855.14
20190704,28795.77
20190705,28774.83
20190708,28331.69
20190709,28116.28
20190710,28204.69
20190711,28431.80
20190712,28471.62
20190715,28554.88
20190716,28619.62
20190717,28593.17
20190718,28461.66
20190719,28765.40
20190722,28371.26
20190723,28466.48
20190724,28524.04
20190725,28594.30
20190726,28397.74
20190729,28106.41
20190730,28146.50
20190731,27777.75
20190801,27565.70
20190802,26918.58
20190805,26151.32
20190806,25976.24
20190807,25997.03
20190808,26120.77
20190809,25939.30
20190812,25824.72
20190813,25281.30
20190814,25302.28
20190815,25495.46
20190816,25734.22
20190819,26291.84
20190820,26231.54
20190821,26270.04
20190822,26048.72
20190823,26179.33
20190826,25680.33
20190827,25664.07
20190828,25615.48
20190829,25703.50
20190830,25724.73
20190902,25626.55
20190903,25527.85
20190904,26523.23
20190905,26515.53
20190906,26690.76
20190909,26681.40
20190910,26683.68
20190911,27159.06
20190912,27087.63
20190913,27352.69
20190916,27124.55
20190917,26790.24
20190918,26754.12
20190919,26468.95
20190920,26435.67
20190923,26222.40
20190924,26281.00
20190925,25945.35
20190926,26041.93
20190927,25954.81
20190930,26092.27
20191002,26042.69
20191003,26110.31
20191004,25821.03
20191008,25893.40
20191009,25682.81
20191010,25707.93
20191011,26308.44
20191014,26521.85
20191015,26503.93
20191016,26664.28
20191017,26848.49
20191018,26719.58
20191021,26725.68
20191022,26786.20
20191023,26566.73
20191024,26797.95
20191025,26667.39
20191028,26891.26
20191029,26786.76
20191030,26667.71
20191031,26906.72
20191101,27100.76
20191104,27547.30
20191105,27683.40
20191106,27688.64
20191107,27847.23
20191108,27651.14
20191111,26926.55
20191112,27065.28
20191113,26571.46
20191114,26323.69
20191115,26326.66
20191118,26681.09
20191119,27093.80
20191120,26889.61
20191121,26466.88
20191122,26595.08
20191125,26993.04
20191126,26913.92
20191127,26954.00
20191128,26893.73
20191129,26346.49
20191202,26444.72
20191203,26391.30
20191204,26062.56
20191205,26217.04
20191206,26498.37
20191209,26494.73
20191210,26436.62
20191211,26645.43
20191212,26994.14
20191213,27687.76
20191216,27508.09
20191217,27843.71
20191218,27884.21
20191219,27800.49
20191220,27871.35
20191223,27906.41
20191224,27864.21
20191227,28225.42
20191230,28319.39
20191231,28189.75
20200102,28543.52
20200103,28451.50
20200106,28226.19
20200107,28322.06
20200108,28087.92
20200109,28561.00
20200110,28638.20
20200113,28954.94
20200114,28885.14
20200115,28773.59
20200116,28883.04
20200117,29056.42
20200120,28795.91
20200121,27985.33
20200122,28341.04
20200123,27909.12
20200124,27949.64
20200129,27160.63
20200130,26449.13
20200131,26312.63
20200203,26356.98
20200204,26675.98
20200205,26786.74
20200206,27493.70
20200207,27404.27
20200210,27241.34
20200211,27583.88
20200212,27823.66
20200213,27730.00
20200214,27815.60
20200217,27959.60
20200218,27530.20
20200219,27655.81
20200220,27609.16
20200221,27308.81
20200224,26820.88
20200225,26893.23
20200226,26696.49
20200227,26778.62
20200228,26129.93
20200302,26291.68
20200303,26284.82
20200304,26222.07
20200305,26767.87
20200306,26146.67
20200309,25040.46
20200310,25392.51
20200311,25231.61
20200312,24309.07
20200313,24032.91
20200316,23063.57
20200317,23263.73
20200318,22291.82
20200319,21709.13
20200320,22805.07
20200323,21696.13
20200324,22663.49
20200325,23527.19
20200326,23352.34
20200327,23484.28
20200330,23175.11
20200331,23603.48
20200401,23085.79
20200402,23280.06
20200403,23236.11
20200406,23749.12
20200407,24253.29
20200408,23970.37
20200409,24300.33
20200414,24435.40
20200415,24145.34
20200416,24006.45
20200417,24380.00
20200420,24330.02
20200421,23793.55
20200422,23893.36
20200423,23977.32
20200424,23831.33
20200427,24280.14
20200428,24575.96
20200429,24643.59
20200504,23613.80
20200505,23868.66
20200506,24137.48
20200507,23980.63
20200508,24230.17
20200511,24602.06
20200512,24245.68
20200513,24180.30
20200514,23829.74
20200515,23797.47
20200518,23934.77
20200519,24388.13
20200520,24399.95
20200521,24280.03
20200522,22930.14
20200525,22952.24
20200526,23384.66
20200527,23301.36
20200528,23132.76
20200529,22961.47
20200601,23732.52
20200602,23995.94
20200603,24325.62
20200604,24366.30
20200605,24770.41
20200608,24776.77
20200609,25057.22
20200610,25049.73
20200611,24480.15
20200612,24301.38
20200615,23776.95
20200616,24344.09
20200617,24481.41
20200618,24464.94
20200619,24643.89
20200622,24511.34
20200623,24907.34
20200624,24781.58
20200626,24549.99
20200629,24301.28
20200630,24427.19
20200702,25124.19
20200703,25373.12
20200706,26339.16
20200707,25975.66
20200708,26129.18
20200709,26210.16
20200710,25727.41
20200713,25772.12
20200714,25477.89
20200715,25481.58
20200716,24970.69
20200717,25089.17
20200720,25057.99
20200721,25635.66
20200722,25057.94
20200723,25263.00
20200724,24705.33
20200727,24603.26
20200728,24772.76
20200729,24883.14
20200730,24710.59
20200731,24595.35
20200803,24458.13
20200804,24946.63
20200805,25102.54
20200806,24930.58
20200807,24531.62
20200810,24377.43
20200811,24890.68
20200812,25244.02
20200813,25230.67
20200814,25183.01
20200817,25347.34
20200818,25367.38
20200819,25178.91
20200820,24791.39
20200821,25113.84
20200824,25551.58
20200825,25486.22
20200826,25491.79
20200827,25281.15
20200828,25422.06
20200831,25177.05
20200901,25184.85
20200902,25120.09
20200903,25007.60
20200904,24695.45
20200907,24589.65
20200908,24624.34
20200909,24468.93
20200910,24313.54
20200911,24503.31
20200914,24640.28
20200915,24732.76
20200916,24725.63
20200917,24340.85
20200918,24455.41
20200921,23950.69
20200922,23716.85
20200923,23742.51
20200924,23311.07
20200925,23235.42
20200928,23476.05
20200929,23275.53
20200930,23459.05
20201005,23767.78
20201006,23980.65
20201007,24242.86
20201008,24193.35
20201009,24119.13
20201012,24649.68
20201014,24667.09
20201015,24158.54
20201016,24386.79
20201019,24542.26
20201020,24569.54
20201021,24754.42
20201022,24786.13
20201023,24918.78
20201027,24787.19
20201028,24708.80
20201029,24586.60
20201030,24107.42
20201102,24460.01
20201103,24939.73
20201104,24886.14
20201105,25695.92
20201106,25712.97
20201109,26016.17
20201110,26301.48
20201111,26226.98
20201112,26169.38
20201113,26156.86
20201116,26381.67
20201117,26415.09
20201118,26544.29
20201119,26356.97
20201120,26451.54
20201123,26486.20
20201124,26588.20
20201125,26669.75
20201126,26819.45
20201127,26894.68
20201130,26341.49
20201201,26567.68
20201202,26532.58
20201203,26728.50
20201204,26835.92
20201207,26506.85
20201208,26304.56
20201209,26502.84
20201210,26410.59
20201211,26505.87
20201214,26389.52
20201215,26207.29
20201216,26460.29
20201217,26678.38
20201218,26498.60
20201221,26306.68
20201222,26119.25
20201223,26343.10
20201224,26386.56
20201228,26314.63
20201229,26568.49
20201230,27147.11
20201231,27231.13
20210104,27472.81
20210105,27649.86
20210106,27692.30
20210107,27548.52
20210108,27878.22
20210111,27908.22
20210112,28276.75
20210113,28235.60
20210114,28496.86
20210115,28573.86
20210118,28862.77
20210119,29642.28
20210120,29962.47
20210121,29927.76
20210122,29447.85
20210125,30159.01
20210126,29391.26
20210127,29297.53
20210128,28550.77
20210129,28283.71
20210201,28892.86
20210202,29248.70
20210203,29307.46
20210204,29113.50
20210205,29288.68
20210208,29319.47
20210209,29476.19
20210210,30038.72
20210211,30173.57
20210216,30746.66
20210217,31084.94
20210218,30595.27
20210219,30644.73
20210222,30319.83
20210223,30632.64
20210224,29718.24
20210225,30074.17
20210226,28980.21
20210301,29452.57
20210302,29095.86
20210303,29880.42
20210304,29236.79
20210305,29098.29
20210308,28540.83
20210309,28773.23
20210310,28907.52
20210311,29385.61
20210312,28739.72
20210315,28833.76
20210316,29027.69
20210317,29034.12
20210318,29405.72
20210319,28990.94
20210322,28885.34
20210323,28497.38
20210324,27918.14
20210325,27899.61
20210326,28336.43
20210329,28338.30
20210330,28577.50
20210331,28378.35
20210401,28938.74
20210407,28674.80
20210408,29008.07
20210409,28698.80
20210412,28453.28
20210413,28497.25
20210414,28900.83
20210415,28793.14
20210416,28969.71
20210419,29106.15
20210420,29135.73
20210421,28621.92
20210422,28755.34
20210423,29078.75
20210426,28952.83
20210427,28941.54
20210428,29071.34
20210429,29303.26
20210430,28724.88
20210503,28357.54
20210504,28557.14
20210505,28417.98
20210506,28637.46
20210507,28610.65
20210510,28595.66
20210511,28013.81
20210512,28231.04
20210513,27718.67
20210514,28027.57
20210517,28194.09
20210518,28593.81
20210520,28450.29
20210521,28458.44
20210524,28412.26
20210525,28910.86
20210526,29166.01
20210527,29113.20
20210528,29124.41
20210531,29151.80
20210601,29468.00
20210602,29297.62
20210603,28966.03
20210604,28918.10
20210607,28787.28
20210608,28781.38
20210609,28742.63
20210610,28738.88
20210611,28842.13
20210615,28638.53
20210616,28436.84
20210617,28558.59
20210618,28801.27
20210621,28489.00
20210622,28309.76
20210623,28817.07
20210624,28882.46
20210625,29288.22
20210628,29268.30
20210629,28994.10
20210630,28827.95
20210702,28310.42
20210705,28143.50
20210706,28072.86
20210707,27960.62
20210708,27153.13
20210709,27344.54
20210712,27515.24
20210713,27963.41
20210714,27787.46
20210715,27996.27
20210716,28004.68
20210719,27489.78
20210720,27259.25
20210721,27224.58
20210722,27723.84
20210723,27321.98
20210726,26192.32
20210727,25086.43
20210728,25473.88
20210729,26315.32
20210730,25961.03
20210802,26235.80
20210803,26194.82
20210804,26426.55
20210805,26204.69
20210806,26179.40
20210809,26283.40
20210810,26605.62
20210811,26660.16
20210812,26517.82
20210813,26391.62
20210816,26181.46
20210817,25745.87
20210818,25867.01
20210819,25316.33
20210820,24849.72
20210823,25109.59
20210824,25727.92
20210825,25693.95
20210826,25415.69
20210827,25407.89
20210830,25539.54
20210831,25878.99
20210901,26028.29
20210902,26090.43
20210903,25901.99
20210906,26163.63
20210907,26353.63
20210908,26320.93
20210909,25716.00
20210910,26205.91
20210913,25813.81
20210914,25502.23
20210915,25033.21
20210916,24667.85
20210917,24920.76
20210920,24099.14
20210921,24221.54
20210923,24510.98
20210924,24192.16
20210927,24208.78
20210928,24500.39
20210929,24663.50
20210930,24575.64
20211004,24036.37
20211005,24104.15
20211006,23966.49
20211007,24701.73
20211008,24837.85
20211011,25325.09
20211012,24962.59
20211015,25330.96
20211018,25409.75
20211019,25787.21
20211020,26136.02
20211021,26017.53
20211022,26126.93
20211025,26132.03
20211026,26038.27
20211027,25628.74
20211028,25555.73
20211029,25377.24
20211101,25154.32
20211102,25099.67
20211103,25024.75
20211104,25225.19
20211105,24870.51
20211108,24763.77
20211109,24813.13
20211110,24996.14
20211111,25247.99
20211112,25327.97
20211115,25390.91
20211116,25713.78
20211117,25650.08
20211118,25319.72
20211119,25049.97
20211122,24951.34
20211123,24651.58
20211124,24685.50
20211125,24740.16
20211126,24080.52
20211129,23852.24
20211130,23475.26
20211201,23658.92
20211202,23788.93
20211203,23766.69
20211206,23349.38
20211207,23983.66
20211208,23996.87
20211209,24254.86
20211210,23995.72
20211213,23954.58
20211214,23635.95
20211215,23420.76
20211216,23475.50
20211217,23192.63
20211220,22744.86
20211221,22971.33
20211222,23102.33
20211223,23193.64
20211224,23223.76
20211228,23280.56
20211229,23086.54
20211230,23112.01
20211231,23397.67
20220103,23274.75
20220104,23289.84
20220105,22907.25
20220106,23072.86
20220107,23493.38
20220110,23746.54
20220111,23739.06
20220112,24402.17
20220113,24429.77
20220114,24383.32
20220117,24218.03
20220118,24112.78
20220119,24127.85
20220120,24952.35
20220121,24965.55
20220124,24656.46
20220125,24243.61
20220126,24289.90
20220127,23807.00
20220128,23550.08
20220131,23802.26
20220204,24573.29
20220207,24579.55
20220208,24329.49
20220209,24829.99
20220210,24924.35
20220211,24906.66
20220214,24556.57
20220215,24355.71
20220216,24718.90
20220217,24792.77
20220218,24327.71
20220221,24170.07
20220222,23520.00
20220223,23660.28
20220224,22901.56
20220225,22767.18
20220228,22713.02
20220301,22761.71
20220302,22343.92
20220303,22467.34
20220304,21905.29
20220307,21057.63
20220308,20765.87
20220309,20627.71
20220310,20890.26
20220311,20553.79
20220314,19531.66
20220315,18415.08
20220316,20087.50
20220317,21501.23
20220318,21412.40
20220321,21221.34
20220322,21889.28
20220323,22154.08
20220324,21945.95
20220325,21404.88
20220328,21684.97
20220329,21927.63
20220330,22232.03
20220331,21996.85
20220401,22039.55
20220404,22502.31
20220406,22080.52
20220407,21808.98
20220408,21872.01
20220411,21208.30
20220412,21319.13
20220413,21374.37
20220414,21518.08
20220419,21027.76
20220420,20944.67
20220421,20682.22
20220422,20638.52
20220425,19869.34
20220426,19934.71
20220427,19946.36
20220428,20276.17
20220429,21089.39
20220503,21101.89
20220504,20869.52
20220505,20793.40
20220506,20001.96
20220510,19633.69
20220511,19824.57
20220512,19380.34
20220513,19898.77
20220516,19950.21
20220517,20602.52
20220518,20644.28
20220519,20120.68
20220520,20717.24
20220523,20470.06
20220524,20112.10
20220525,20171.27
20220526,20116.20
20220527,20697.36
20220530,21123.93
20220531,21415.20
20220601,21294.94
20220602,21082.13
20220606,21653.90
20220607,21531.67
20220608,22014.59
20220609,21869.05
20220610,21806.18
20220613,21067.58
20220614,21067.99
20220615,21308.21
20220616,20845.43
20220617,21075.00
20220620,21163.91
20220621,21559.59
20220622,21008.34
20220623,21273.87
20220624,21719.06
20220627,22229.52
20220628,22418.97
20220629,21996.89
20220630,21859.79
20220704,21830.35
20220705,21853.07
20220706,21586.66
20220707,21643.58
20220708,21725.78
20220711,21124.20
20220712,20844.74
20220713,20797.95
20220714,20751.21
20220715,20297.72
20220718,20846.18
20220719,20661.06
20220720,20890.22
20220721,20574.63
20220722,20609.14
20220725,20562.94
20220726,20905.88
20220727,20670.04
20220728,20622.68
20220729,20156.51
20220801,20165.84
20220802,19689.21
20220803,19767.09
20220804,20174.04
20220805,20201.94
20220808,20045.77
20220809,20003.44
20220810,19610.84
20220811,20082.43
20220812,20175.62
20220815,20040.86
20220816,19830.52
20220817,19922.45
20220818,19763.91
20220819,19773.03
20220822,19656.98
20220823,19503.25
20220824,19268.74
20220825,19968.38
20220826,20170.04
20220829,20023.22
20220830,19949.03
20220831,19954.39
20220901,19597.31
20220902,19452.09
20220905,19225.70
20220906,19202.73
20220907,19044.30
20220908,18854.62
20220909,19362.25
20220913,19326.86
20220914,18847.10
20220915,18930.38
20220916,18761.69
20220919,18565.97
20220920,18781.42
20220921,18444.62
20220922,18147.95
20220923,17933.27
20220926,17855.14
20220927,17860.31
20220928,17250.88
20220929,17165.87
20220930,17222.83
20221003,17079.51
20221005,18087.97
20221006,18012.15
20221007,17740.05
20221010,17216.66
20221011,16832.36
20221012,16701.03
20221013,16389.11
20221014,16587.69
20221017,16612.90
20221018,16914.58
20221019,16511.28
20221020,16280.22
20221021,16211.12
20221024,15180.69
20221025,15165.59
20221026,15317.67
20221027,15427.94
20221028,14863.06
20221031,14687.02
20221101,15455.27
20221102,15827.17
20221103,15339.49
20221104,16161.14
20221107,16595.91
20221108,16557.31
20221109,16358.52
20221110,16081.04
20221111,17325.66
20221114,17619.71
20221115,18343.12
20221116,18256.48
20221117,18045.66
20221118,17992.54
20221121,17655.91
20221122,17424.41
20221123,17523.81
20221124,17660.90
20221125,17573.58
20221128,17297.94
20221129,18204.68
20221130,18597.23
20221201,18736.44
20221202,18675.35
20221205,19518.29
20221206,19441.18
20221207,18814.82
20221208,19450.23
20221209,19900.87
20221212,19463.63
20221213,19596.20
20221214,19673.45
20221215,19368.59
20221216,19450.67
20221219,19352.81
20221220,19094.80
20221221,19160.49
20221222,19679.22
20221223,19593.06
20221228,19898.91
20221229,19741.14
20221230,19781.41
20230103,20145.29
20230104,20793.11
20230105,21052.17
20230106,20991.64
20230109,21388.34
20230110,21331.46
20230111,21436.05
20230112,21514.10
20230113,21738.66
20230116,21746.72
20230117,21577.64
20230118,21678.00
20230119,21650.98
20230120,22044.65
20230126,22566.78
20230127,22688.90
20230130,22069.73
20230131,21842.33
20230201,22072.18
20230202,21958.36
20230203,21660.47
20230206,21222.16
20230207,21298.70
20230208,21283.52
20230209,21624.36
20230210,21190.42
20230213,21164.42
20230214,21113.76
20230215,20812.17
20230216,20987.67
20230217,20719.81
20230220,20886.96
20230221,20529.49
20230222,20423.84
20230223,20351.35
20230224,20010.04
20230227,19943.51
20230228,19785.94
20230301,20619.71
20230302,20429.46
20230303,20567.54
20230306,20603.19
20230307,20534.48
20230308,20051.25
20230309,19925.74
20230310,19319.92
20230313,19695.97
20230314,19247.96
20230315,19539.87
20230316,19203.91
20230317,19518.59
20230320,19000.71
20230321,19258.76
20230322,19591.43
20230323,20049.64
20230324,19915.68
20230327,19567.69
20230328,19784.65
20230329,20192.40
20230330,20309.13
20230331,20400.11
20230403,20409.18
20230404,20274.59
20230406,20331.20
20230411,20485.24
20230412,20309.86
20230413,20344.48
20230414,20438.81
20230417,20782.45
20230418,20650.51
20230419,20367.76
20230420,20396.97
20230421,20075.73
20230424,19959.94
20230425,19617.88
20230426,19757.27
20230427,19840.28
20230428,19894.57
20230502,19933.81
20230503,19699.16
20230504,19948.73
20230505,20049.31
20230508,20297.03
20230509,19867.58
20230510,19762.20
20230511,19743.79
20230512,19627.24
20230515,19971.13
20230516,19978.25
20230517,19560.57
20230518,19727.25
20230519,19450.57
20230522,19678.17
20230523,19431.25
20230524,19115.93
20230525,18746.92
20230529,18551.11
20230530,18595.78
20230531,18234.27
20230601,18216.91
20230602,18949.94
20230605,19108.50
20230606,19099.28
20230607,19252.00
20230608,19299.18
20230609,19389.95
20230612,19404.31
20230613,19521.42
20230614,19408.42
20230615,19828.92
20230616,20040.37
20230619,19912.89
20230620,19607.08
20230621,19218.35
20230623,18889.97
20230626,18794.13
20230627,19148.13
20230628,19172.05
20230629,18934.36
20230630,18916.43
20230703,19306.59
20230704,19415.68
20230705,19110.38
20230706,18533.05
20230707,18365.70
20230710,18479.72
20230711,18659.83
20230712,18860.95
20230713,19350.62
20230714,19413.78
20230718,19015.72
20230719,18952.31
20230720,18928.02
20230721,19075.26
20230724,18668.15
20230725,19434.40
20230726,19365.14
20230727,19639.11
20230728,19916.56
20230731,20078.94
20230801,20011.12
20230802,19517.38
20230803,19420.87
20230804,19539.46
20230807,19537.92
20230808,19184.17
20230809,19246.03
20230810,19248.26
20230811,19075.19
20230814,18773.55
20230815,18581.11
20230816,18329.30
20230817,18326.63
20230818,17950.85
20230821,17623.29
20230822,17791.01
20230823,17845.92
20230824,18212.17
20230825,17956.38
20230828,18130.74
20230829,18484.03
20230830,18482.86
20230831,18382.06
20230904,18844.16
20230905,18456.91
20230906,18449.98
20230907,18202.07
20230911,18096.45
20230912,18025.89
20230913,18009.22
20230914,18047.92
20230915,18182.89
20230918,17930.55
20230919,17997.17
20230920,17885.60
20230921,17655.41
20230922,18057.45
20230925,17729.29
20230926,17466.90
20230927,17611.87
20230928,17373.03
20230929,17809.66
20231003,17331.22
20231004,17195.84
20231005,17213.87
20231006,17485.98
20231009,17517.40
20231010,17664.73
20231011,17893.10
20231012,18238.21
20231013,17813.45
20231016,17640.36
20231017,17773.34
20231018,17732.52
20231019,17295.89
20231020,17172.13
20231024,16991.53
20231025,17085.33
20231026,17044.61
20231027,17398.73
20231030,17406.36
20231031,17112.48
20231101,17101.78
20231102,17230.59
20231103,17664.12
20231106,17966.59
20231107,17670.16
20231108,17568.46
20231109,17511.29
20231110,17203.26
20231113,17426.21
20231114,17396.86
20231115,18079.00
20231116,17832.82
20231117,17454.19
20231120,17778.07
20231121,17733.89
20231122,17734.60
20231123,17910.84
20231124,17559.42
20231127,17525.06
20231128,17354.14
20231129,16993.44
20231130,17042.88
20231201,16830.30
20231204,16646.05
20231205,16327.86
20231206,16463.26
20231207,16345.89
20231208,16334.37
20231211,16201.49
20231212,16374.50
20231213,16228.75
20231214,16402.19
20231215,16792.19
20231218,16629.23
20231219,16505.00
20231220,16613.81
20231221,16621.13
20231222,16340.41
20231227,16624.84
20231228,17043.53
20231229,17047.39
20240102,16788.55
20240103,16646.41
20240104,16645.98
20240105,16535.33
20240108,16224.45
20240109,16190.02
20240110,16097.28
20240111,16302.04
20240112,16244.58
20240115,16216.33
20240116,15865.92
20240117,15276.90
20240118,15391.79
20240119,15308.69
20240122,14961.18
20240123,15353.98
20240124,15899.87
20240125,16211.96
20240126,15952.23
20240129,16077.24
20240130,15703.45
20240131,15485.07
20240201,15566.21
20240202,15533.56
20240205,15510.01
20240206,16136.87
20240207,16081.89
20240208,15878.07
20240209,15746.58
20240214,15879.38
20240215,15944.63
20240216,16339.96
20240219,16155.61
20240220,16247.51
20240221,16503.10
20240222,16742.95
20240223,16725.86
20240226,16634.74
20240227,16790.80
20240228,16536.85
20240229,16511.44
20240301,16589.44
20240304,16595.97
20240305,16162.64
20240306,16438.09
20240307,16229.78
20240308,16353.39
20240311,16587.57
20240312,17093.50
20240313,17082.11
20240314,16961.66
20240315,16720.89
20240318,16737.12
20240319,16529.48
20240320,16543.07
20240321,16863.10
20240322,16499.47
20240325,16473.64
20240326,16618.32
20240327,16392.84
20240328,16541.42
20240402,16931.52
20240403,16725.10
20240405,16723.92
20240408,16732.85
20240409,16828.07
20240410,17139.17
20240411,17095.03
20240412,16721.69
20240415,16600.46
20240416,16248.97
20240417,16251.84
20240418,16385.87
20240419,16224.14
20240422,16511.69
20240423,16828.93
20240424,17201.27
20240425,17284.54
20240426,17651.15
20240429,17746.91
20240430,17763.03
20240502,18207.13
20240503,18475.92
20240506,18578.30
20240507,18479.37
20240508,18313.86
20240509,18537.81
20240510,18963.68
20240513,19115.06
20240514,19073.71
20240516,19376.53
20240517,19553.61
20240520,19636.22
20240521,19220.62
20240522,19195.60
20240523,18868.71
20240524,18608.94
20240527,18827.35
20240528,18821.16
20240529,18477.01
20240530,18230.19
20240531,18079.61
20240603,18403.04
20240604,18444.11
20240605,18424.96
20240606,18476.80
20240607,18366.95
20240611,18176.34
20240612,17937.84
20240613,18112.63
20240614,17941.78
20240617,17936.12
20240618,17915.55
20240619,18430.39
20240620,18335.32
20240621,18028.52
20240624,18027.71
20240625,18072.90
20240626,18089.93
20240627,17716.47
20240628,17718.61
20240702,17769.14
20240703,17978.57
20240704,18028.28
20240705,17799.61
20240708,17524.06
20240709,17523.23
20240710,17471.67
20240711,17832.33
20240712,18293.38
20240715,18015.94
20240716,17727.98
20240717,17739.41
20240718,17778.41
20240719,17417.68
20240722,17635.88
20240723,17469.36
20240724,17311.05
20240725,17004.97
20240726,17021.31
20240729,17238.34
20240730,17002.91
20240731,17344.60
20240801,17304.96
20240802,16945.51
20240805,16698.36
20240806,16647.34
20240807,16877.86
20240808,16891.83
20240809,17090.23
20240812,17111.65
20240813,17174.06
20240814,17113.36
20240815,17109.14
20240816,17430.16
20240819,17569.57
20240820,17511.08
20240821,17391.01
20240822,17641.00
20240823,17612.10
20240826,17798.73
20240827,17874.67
20240828,17692.45
20240829,17786.32
20240830,17989.07
20240902,17691.97
20240903,17651.49
20240904,17457.34
20240905,17444.30
20240909,17196.96
20240910,17234.09
20240911,17108.71
20240912,17240.39
20240913,17369.09
20240916,17422.12
20240917,17660.02
20240919,18013.16
20240920,18258.57
20240923,18247.11
20240924,19000.56
20240925,19129.10
20240926,19924.58
20240927,20632.30
20240930,21133.68
20241002,22443.73
20241003,22113.51
20241004,22736.87
20241007,23099.78
20241008,20926.79
20241009,20637.24
20241010,21251.98
20241014,21092.87
20241015,20318.79
20241016,20286.85
20241017,20079.10
20241018,20804.11
20241021,20478.46
20241022,20498.95
20241023,20760.15
20241024,20489.62
20241025,20590.15
20241028,20599.36
20241029,20701.14
20241030,20380.64
20241031,20317.33
20241101,20506.43
20241104,20567.52
20241105,21006.97
20241106,20538.38
20241107,20953.34
20241108,20728.19
20241111,20426.93
20241112,19846.88
20241113,19823.45
20241114,19435.81
20241115,19426.34
20241118,19576.61
20241119,19663.67
20241120,19705.01
20241121,19601.11
20241122,19229.97
20241125,19150.99
20241126,19159.20
20241127,19603.13
20241128,19366.96
20241129,19423.61
20241202,19550.29
20241203,19746.32
20241204,19742.46
20241205,19560.44
20241206,19865.85
20241209,20414.09
20241210,20311.28
20241211,20155.05
20241212,20397.05
20241213,19971.24
20241216,19795.49
20241217,19700.48
20241218,19864.55
20241219,19752.51
20241220,19720.70
20241223,19883.13
20241224,20098.29
20241227,20090.46
20241230,20041.42
20241231,20059.95
20250102,19623.32
20250103,19760.27
20250106,19688.29
20250107,19447.58
20250108,19279.84
20250109,19240.89
20250110,19064.29
20250113,18874.14
20250114,19219.78
20250115,19286.07
20250116,19522.89
20250117,19584.06
20250120,19925.81
20250121,20106.55
20250122,19778.77
20250123,19700.56
20250124,20066.19
20250127,20197.77
20250128,20225.11
20250203,20217.26
20250204,20789.96
20250205,20597.09
20250206,20891.62
20250207,21133.54
20250210,21521.98
20250211,21294.86
20250212,21857.92
20250213,21814.37
20250214,22620.33
20250217,22616.23
20250218,22976.81
20250219,22944.24
20250220,22576.98
20250221,23477.92
20250224,23341.61
20250225,23034.02
20250226,23787.93
20250227,23718.29
20250228,22941.32
20250303,23006.27
20250304,22941.77
20250305,23594.21
20250306,24369.71
20250307,24231.30
20250310,23783.49
20250311,23782.14
20250312,23600.31
20250313,23462.65
20250314,23959.98
20250317,24145.57
20250318,24740.57
20250319,24771.14
20250320,24219.95
20250321,23689.72
20250324,23905.56
20250325,23344.25
20250326,23483.32
20250327,23578.80
20250328,23426.60
20250331,23119.58
20250401,23206.84
20250402,23202.53
20250403,22849.81
20250407,19828.30
20250408,20127.68
20250409,20264.49
20250410,20681.78
20250411,20914.69
20250414,21417.40
20250415,21466.27
20250416,21056.98
20250417,21395.14
20250422,21562.32
20250423,22072.62
20250424,21909.76
20250425,21980.74
20250428,21971.96
20250429,22008.11
20250430,22119.41
20250502,22504.68
20250506,22662.71
20250507,22691.88
20250508,22775.92
20250509,22867.74
20250512,23549.46
20250513,23108.27
20250514,23640.65
20250515,23453.16
20250516,23345.05
20250519,23332.72
20250520,23681.48
20250521,23827.78
20250522,23544.31
20250523,23601.26
20250526,23282.33
20250527,23381.99
20250528,23258.31
20250529,23573.38
20250530,23289.77
20250602,23157.97
20250603,23512.49
20250604,23654.03
20250605,23906.97
20250606,23792.54
20250609,24181.43
20250610,24162.87
20250611,24366.94
20250612,24035.38
20250613,23892.56
20250616,24060.99
20250617,23980.30
20250618,23710.69
20250619,23237.74
20250620,23530.48
20250623,23689.13
20250624,24177.07
20250625,24474.67
20250626,24325.40
20250627,24284.15
20250630,24072.28
20250702,24221.41
20250703,24069.94
20250704,23916.06
20250707,23887.83
20250708,24148.07
20250709,23892.32
20250710,24028.37
20250711,24139.57
20250714,24203.32
20250715,24590.12
20250716,24517.76
20250717,24498.95
20250718,24825.66
20250721,24994.14
20250722,25130.03
20250723,25538.07
20250724,25667.18
20250725,25388.35
20250728,25562.13
20250729,25524.45
20250730,25176.93
20250731,24773.33
20250801,24507.81
20250804,24733.45
20250805,24902.53
20250806,24910.63
20250807,25081.63
20250808,24858.82
20250811,24906.81
20250812,24969.68
20250813,25613.67
20250814,25519.32
20250815,25270.07
20250818,25176.85
20250819,25122.90
20250820,25165.94
20250821,25104.61
20250822,25339.14
20250825,25829.91
20250826,25524.92
20250827,25201.76
20250828,24998.82
20250829,25077.62
20250901,25617.42
20250902,25496.55
20250903,25343.43
20250904,25058.51
20250905,25417.98
20250908,25633.91
20250909,25938.13
20250910,26200.26
20250911,26086.32
20250912,26388.16
20250915,26446.56
20250916,26438.51
20250917,26908.39
20250918,26544.85
20250919,26545.10
20250922,26344.14
20250923,26159.12
20250924,26518.65
20250925,26484.68
20250926,26128.20
20250929,26622.88
20250930,26855.56
20251002,27287.12
20251003,27140.92
20251006,26957.77
20251008,26829.46
20251009,26752.59
20251010,26290.32
20251013,25889.48
20251014,25441.35
20251015,25910.60
20251016,25888.51
20251017,25247.10
20251020,25858.83
20251021,26027.55
20251022,25781.77
20251023,25967.98
20251024,26160.15
20251027,26433.70
20251028,26346.14
20251030,26282.69
20251031,25906.65
20251103,26158.36
20251104,25952.40
20251105,25935.41
20251106,26485.90
20251107,26241.83
20251110,26649.06
20251111,26696.41
20251112,26922.73
20251113,27073.03
20251114,26572.46
20251117,26384.28
20251118,25930.03
20251119,25830.65
20251120,25835.57
20251121,25220.02
20251124,25716.50
20251125,25894.55
20251126,25928.08
20251127,25945.93
20251128,25858.89
20251201,26033.26
20251202,26095.05
20251203,25760.73
20251204,25935.90
20251205,26085.08
20251208,25765.36
20251209,25434.23
20251210,25540.78
20251211,25530.51
20251212,25976.79
20251215,25628.88
20251216,25235.41
20251217,25468.78
20251218,25498.13
20251219,25690.53
20251222,25801.77
20251223,25774.14
20251224,25818.93
20251229,25635.23
20251230,25854.60
20251231,25630.54
20260102,26338.47
20260105,26347.24
20260106,26710.45
20260107,26458.95
20260108,26149.31
20260109,26231.79
20260112,26608.48
20260113,26848.47
20260114,26999.81
20260115,26923.62
20260116,26844.96
20260119,26563.90
20260120,26487.51
20260121,26585.06
20260122,26629.96
20260123,26749.51
20260126,26765.52
20260127,27126.95
20260128,27826.91
20260129,27968.09
20260130,27387.11
20260202,26775.57
20260203,26834.77
20260204,26847.32
20260205,26885.24
20260206,26559.95
20260209,27027.16
20260210,27183.15
20260211,27266.38
20260212,27032.54
20260213,26567.12
20260216,26705.94
20260220,26413.35
20260223,27081.91
20260224,26590.32
20260225,26765.72
20260226,26381.02
20260227,26630.54
20260302,26059.85
20260303,25768.08
20260304,25249.48
20260305,25321.34
20260306,25757.29
20260309,25408.46
20260310,25959.90
20260311,25898.76
20260312,25716.76
20260313,25465.60
20260316,25834.02
20260317,25868.54
20260318,26025.42
20260319,25500.58
20260320,25277.32
20260323,24382.47
20260324,25063.71
20260325,25335.95
20260326,24856.43
20260327,24951.88
20260330,24750.79
20260331,24788.14
20260401,25294.03
20260402,25116.53
20260408,25893.02
20260409,25752.40
20260410,25893.54
20260413,25660.85
20260414,25872.32
20260415,25947.32
20260416,26394.26
20260417,26160.33
20260420,26361.07
20260421,26487.48
20260422,26163.24
20260423,25915.20
20260424,25978.07
20260427,25925.65
20260428,25679.78
20260429,26111.84
20260430,25776.53
20260504,26095.88
20260505,25898.61
20260506,26213.78
20260507,26626.28
20260508,26393.71
20260511,26406.84
20260512,26347.91
20260513,26388.44
20260514,26389.04
20260515,25962.73
20260518,25675.18
20260519,25797.85
20260520,25651.12
20260521,25386.52
20260522,25606.03
20260526,25599.45
20260527,25328.23
20260528,25006.16
20260529,25182.39
20260601,25398.18
20260602,26038.32
20260603,25633.21
20260604,25253.40
20260605,24961.95
20260608,24657.06
20260609,24565.90
20260610,24407.96
20260611,24249.29
20260612,24718.10
20260615,24842.67
20260616,24493.95
20260617,24312.16
20260618,23924.81
20260622,23768.52
20260623,23336.28
20260624,23412.18
20260625,23076.91
20260626,22671.86
20260629,23026.68
20260630,22881.02
20260702,23055.03
20260703,23350.03
20260706,23616.32
20260707,23496.89
20260708,24199.46
20260709,24030.18
20260710,24175.12
20260713,24213.72
20260714,24340.73
20260715,24681.10
20260716,25008.60
20260717,24562.24
20260720,25143.05
20260721,25132.29
20260722,24892.66
20260723,25210.81
20260724,24963.23
20260727,25207.18
20260728,25310.85
20260729,25807.92
20260730,25858.88
20260731,25884.43
20260803,26009.40
20260804,25852.92
20260805,25915.82
20260806,25530.28
20260807,25668.03
20260810,25937.49
20260811,25652.82
20260812,25440.17
20260813,25396.51
20260814,25116.85
20260817,25453.23
20260818,25471.15
20260819,25495.07
20260820,25698.49
20260821,26009.46
20260824,25517.33
20260825,25511.10
20260826,25652.97
20260827,25565.74
20260828,25584.79
20260831,25566.99
20260901,25329.73
20260902,25311.21
20260903,25213.31
20260904,25650.87
20260907,25413.12
20260908,25317.18
20260909,25274.96
20260910,24954.47
20260911,24805.63
20260914,24917.60
20260915,24667.24
20260916,24713.78
20260917,24453.15
