19650105,1257.72
19650106,1263.99
19650107,1274.27
19650108,1286.43
19650112,1288.54
19650113,1281.67
19650114,1289.50
19650118,1271.68
19650119,1270.34
19650120,1268.88
19650121,1270.46
19650122,1261.83
19650125,1249.72
19650126,1248.05
19650127,1258.21
19650128,1247.20
19650129,1242.27
19650201,1242.83
19650202,1238.75
19650203,1248.03
19650204,1261.60
19650205,1263.59
19650208,1258.93
19650209,1251.68
19650210,1248.61
19650212,1257.94
19650215,1249.50
19650216,1247.01
19650217,1237.08
19650218,1241.41
19650219,1237.35
19650222,1224.82
19650223,1223.59
19650224,1219.10
19650225,1216.71
19650226,1213.07
19650301,1206.48
19650302,1202.54
19650303,1207.82
19650304,1213.03
19650305,1209.64
19650308,1190.98
19650309,1178.43
19650310,1173.34
19650311,1164.63
19650312,1175.86
19650315,1188.49
19650316,1181.22
19650317,1175.80
19650318,1182.69
19650319,1175.88
19650323,1167.79
19650324,1157.05
19650325,1157.07
19650326,1162.77
19650329,1188.79
19650330,1139.80
19650331,1132.77
19650401,1127.58
19650402,1128.57
19650405,1124.45
19650406,1154.39
19650407,1159.98
19650408,1183.12
19650409,1180.57
19650412,1163.00
19650413,1149.41
19650414,1142.23
19650415,1161.73
19650416,1148.21
19650419,1136.13
19650420,1131.17
19650421,1119.86
19650422,1144.55
19650423,1133.30
19650426,1144.22
19650427,1150.08
19650428,1171.06
19650430,1176.64
19650506,1163.51
19650507,1162.63
19650510,1162.50
19650511,1163.87
19650512,1157.17
19650513,1159.86
19650514,1150.47
19650517,1149.00
19650518,1147.25
19650519,1140.79
19650520,1141.23
19650521,1142.69
19650524,1133.63
19650525,1124.83
19650526,1117.66
19650527,1101.00
19650528,1081.51
19650531,1096.60
19650601,1092.85
19650602,1119.26
19650603,1131.32
19650604,1120.53
19650607,1114.52
19650608,1109.42
19650609,1101.35
19650610,1090.38
19650611,1093.14
19650614,1080.29
19650615,1069.07
19650616,1062.68
19650617,1055.60
19650618,1080.21
19650621,1075.60
19650622,1104.03
19650623,1091.17
19650624,1090.66
19650625,1096.56
19650628,1072.41
19650629,1067.72
19650630,1060.11
19650701,1064.59
19650702,1065.89
19650705,1049.07
19650706,1046.98
19650707,1037.52
19650708,1038.45
19650709,1032.95
19650712,1020.49
19650713,1026.77
19650714,1033.14
19650715,1024.68
19650716,1037.97
19650719,1037.52
19650721,1045.69
19650722,1036.07
19650723,1027.85
19650726,1034.34
19650727,1052.06
19650728,1066.19
19650729,1085.41
19650730,1097.20
19650802,1120.59
19650803,1111.69
19650804,1135.31
19650805,1153.71
19650806,1145.87
19650809,1150.57
19650810,1133.00
19650811,1122.09
19650812,1130.33
19650813,1146.66
19650816,1158.35
19650817,1151.77
19650818,1157.02
19650819,1168.62
19650820,1165.81
19650823,1170.92
19650824,1183.34
19650825,1198.91
19650826,1198.38
19650827,1214.95
19650830,1245.49
19650831,1255.58
19650901,1249.72
19650902,1240.07
19650903,1256.22
19650906,1235.78
19650907,1239.98
19650908,1260.02
19650909,1277.15
19650910,1273.23
19650913,1250.29
19650914,1250.10
19650916,1242.95
19650917,1266.40
19650920,1271.76
19650921,1253.25
19650922,1252.16
19650924,1243.40
19650927,1233.41
19650928,1251.88
19650929,1235.81
19650930,1223.74
19651001,1210.11
19651004,1204.48
19651005,1191.89
19651006,1201.90
19651007,1207.46
19651008,1198.11
19651012,1233.77
19651013,1258.34
19651014,1243.55
19651015,1253.87
19651018,1248.84
19651019,1253.34
19651020,1242.77
19651021,1242.24
19651022,1240.86
19651025,1222.83
19651026,1234.74
19651027,1247.42
19651028,1250.37
19651029,1250.68
19651101,1268.00
19651102,1264.60
19651104,1268.64
19651105,1262.80
19651108,1284.31
19651109,1295.42
19651110,1300.97
19651111,1304.90
19651112,1323.11
19651115,1304.22
19651116,1319.87
19651117,1313.81
19651118,1340.47
19651119,1329.28
19651122,1343.67
19651124,1354.42
19651125,1325.56
19651126,1335.93
19651129,1359.81
19651130,1373.16
19651201,1377.67
19651202,1409.07
19651203,1376.56
19651206,1315.26
19651207,1349.30
19651208,1357.78
19651209,1330.08
19651210,1334.94
19651213,1340.05
19651214,1347.83
19651215,1362.81
19651216,1373.62
19651217,1369.84
19651220,1367.42
19651221,1364.97
19651222,1373.79
19651224,1389.29
19651227,1412.77
19651228,1417.83
19651229,1417.83
19651230,1417.83
19660104,1430.13
19660105,1414.87
19660106,1434.94
19660107,1428.53
19660111,1410.43
19660112,1418.46
19660113,1416.25
19660114,1416.12
19660117,1421.10
19660118,1414.01
19660119,1414.55
19660120,1421.56
19660121,1435.34
19660124,1451.68
19660125,1445.34
19660126,1457.19
19660127,1454.76
19660128,1465.83
19660131,1470.38
19660201,1485.24
19660202,1492.42
19660203,1482.70
19660204,1487.09
19660207,1498.89
19660208,1503.91
19660209,1505.70
19660210,1489.11
19660214,1464.27
19660215,1453.10
19660216,1464.67
19660217,1442.02
19660218,1459.63
19660221,1465.79
19660222,1465.42
19660223,1480.47
19660224,1490.78
19660225,1491.76
19660228,1507.41
19660301,1520.71
19660302,1514.62
19660303,1517.84
19660304,1524.99
19660307,1533.75
19660308,1545.78
19660309,1542.72
19660310,1529.93
19660311,1512.19
19660314,1535.04
19660315,1540.59
19660316,1560.09
19660317,1551.25
19660318,1558.77
19660322,1568.28
19660323,1562.65
19660324,1571.83
19660325,1550.21
19660328,1566.60
19660329,1579.57
19660330,1577.13
19660331,1584.28
19660401,1588.73
19660404,1573.87
19660405,1573.07
19660406,1564.66
19660407,1540.46
19660408,1548.00
19660411,1536.88
19660412,1551.51
19660413,1555.71
19660414,1537.90
19660415,1535.20
19660418,1531.53
19660419,1508.04
19660420,1486.93
19660421,1502.80
19660422,1503.09
19660425,1530.16
19660426,1523.00
19660427,1557.07
19660428,1553.68
19660502,1565.55
19660506,1581.58
19660509,1572.94
19660510,1568.37
19660511,1575.29
19660512,1582.73
19660513,1571.10
19660516,1558.15
19660517,1559.67
19660518,1564.94
19660519,1556.84
19660520,1552.75
19660523,1561.14
19660524,1574.06
19660525,1568.93
19660526,1572.97
19660527,1550.06
19660530,1512.63
19660531,1514.15
19660601,1490.85
19660602,1502.67
19660603,1517.81
19660606,1524.50
19660607,1516.90
19660608,1511.80
19660609,1507.03
19660610,1515.01
19660613,1526.50
19660614,1543.10
19660615,1545.77
19660616,1530.35
19660617,1519.42
19660620,1514.94
19660621,1522.71
19660622,1513.95
19660623,1504.14
19660624,1513.38
19660627,1521.00
19660628,1510.14
19660629,1514.52
19660630,1494.90
19660701,1509.16
19660704,1532.66
19660705,1525.56
19660706,1512.78
19660707,1524.95
19660708,1507.11
19660711,1480.50
19660712,1451.92
19660713,1443.83
19660714,1445.85
19660715,1465.21
19660718,1434.68
19660719,1460.55
19660721,1472.33
19660722,1475.39
19660725,1470.98
19660726,1468.23
19660727,1486.01
19660728,1486.02
19660729,1499.00
19660801,1495.88
19660802,1494.04
19660803,1490.79
19660804,1479.08
19660805,1479.85
19660808,1475.05
19660809,1487.62
19660810,1486.61
19660811,1483.58
19660812,1486.38
19660815,1496.94
19660816,1497.35
19660817,1494.13
19660818,1486.21
19660819,1466.43
19660822,1463.69
19660823,1469.55
19660824,1450.61
19660825,1456.24
19660826,1459.00
19660829,1456.63
19660830,1468.29
19660831,1463.04
19660901,1472.86
19660902,1470.95
19660905,1456.77
19660906,1453.32
19660907,1441.24
19660908,1449.88
19660909,1436.15
19660912,1442.37
19660913,1440.62
19660914,1431.24
19660916,1422.17
19660919,1435.89
19660920,1454.36
19660921,1451.48
19660922,1461.44
19660926,1467.69
19660927,1471.15
19660928,1466.76
19660929,1464.59
19660930,1464.59
19661003,1469.24
19661004,1459.33
19661005,1461.60
19661006,1450.34
19661007,1444.89
19661011,1442.22
19661012,1436.71
19661013,1445.03
19661014,1448.17
19661017,1432.92
19661018,1432.92
19661019,1433.46
19661020,1426.99
19661021,1420.26
19661024,1413.78
19661025,1418.56
19661026,1412.20
19661027,1408.09
19661028,1430.04
19661031,1441.02
19661101,1431.92
19661102,1431.92
19661104,1438.58
19661107,1445.08
19661108,1443.60
19661109,1428.77
19661110,1425.39
19661111,1418.50
19661114,1415.02
19661115,1418.06
19661116,1414.60
19661117,1426.58
19661118,1426.58
19661121,1431.27
19661122,1424.98
19661124,1416.22
19661125,1405.58
19661128,1391.77
19661129,1392.24
19661130,1390.21
19661201,1392.07
19661202,1378.34
19661205,1364.34
19661206,1364.34
19661207,1375.43
19661208,1380.36
19661209,1393.64
19661212,1391.49
19661213,1387.10
19661214,1386.25
19661215,1379.35
19661216,1376.49
19661219,1394.23
19661220,1404.30
19661221,1404.30
19661222,1417.98
19661226,1449.60
19661227,1444.91
19661228,1452.10
19661229,1452.10
19661230,1452.10
19670104,1441.35
19670105,1419.97
19670106,1413.93
19670109,1424.02
19670111,1416.93
19670112,1416.01
19670113,1418.23
19670117,1447.14
19670118,1440.48
19670119,1444.01
19670120,1441.97
19670123,1443.27
19670124,1446.48
19670125,1444.09
19670126,1444.09
19670127,1429.14
19670130,1457.50
19670131,1463.11
19670201,1463.64
19670202,1472.24
19670203,1480.51
19670206,1481.81
19670207,1483.48
19670208,1488.78
19670209,1446.66
19670210,1446.66
19670213,1460.38
19670214,1454.86
19670215,1467.51
19670216,1476.21
19670217,1468.15
19670220,1476.01
19670221,1472.21
19670222,1478.24
19670223,1482.23
19670224,1484.95
19670227,1484.95
19670228,1494.82
19670301,1506.27
19670302,1502.64
19670303,1485.07
19670306,1487.41
19670307,1480.44
19670308,1468.50
19670309,1473.18
19670310,1468.40
19670313,1460.62
19670314,1460.62
19670315,1466.94
19670316,1459.36
19670317,1467.12
19670320,1467.74
19670322,1462.99
19670323,1455.45
19670324,1456.61
19670327,1450.31
19670328,1438.00
19670329,1456.47
19670330,1456.47
19670331,1455.58
19670403,1439.12
19670404,1426.47
19670405,1434.47
19670406,1428.16
19670407,1425.71
19670410,1432.63
19670411,1428.78
19670412,1418.02
19670413,1420.72
19670414,1420.72
19670417,1431.85
19670418,1436.22
19670419,1438.22
19670420,1438.59
19670421,1445.46
19670424,1436.68
19670425,1438.97
19670426,1443.43
19670427,1438.23
19670428,1437.24
19670501,1437.24
19670502,1448.74
19670508,1457.49
19670509,1451.64
19670510,1461.62
19670511,1476.52
19670512,1476.58
19670515,1480.81
19670516,1477.44
19670517,1480.53
19670518,1480.53
19670519,1480.74
19670522,1474.77
19670523,1485.62
19670524,1479.59
19670525,1481.58
19670526,1474.75
19670529,1490.82
19670530,1495.57
19670531,1505.94
19670601,1502.78
19670602,1502.78
19670605,1488.69
19670606,1483.04
19670607,1476.90
19670608,1490.58
19670609,1487.79
19670612,1487.80
19670613,1479.04
19670614,1480.36
19670615,1475.25
19670616,1478.48
19670619,1478.48
19670620,1470.71
19670621,1477.45
19670622,1474.29
19670623,1474.03
19670626,1489.45
19670627,1490.63
19670628,1486.16
19670629,1494.42
19670630,1494.18
19670703,1494.44
19670704,1494.44
19670705,1489.28
19670706,1486.74
19670707,1477.16
19670710,1481.99
19670711,1475.66
19670712,1477.75
19670713,1482.65
19670714,1480.82
19670717,1481.55
19670718,1481.24
19670719,1481.24
19670721,1494.07
19670724,1494.21
19670725,1489.34
19670726,1488.11
19670727,1486.48
19670728,1483.63
19670731,1476.33
19670801,1461.73
19670802,1446.02
19670803,1446.02
19670804,1446.74
19670807,1429.34
19670808,1435.39
19670809,1430.87
19670810,1429.48
19670811,1414.48
19670814,1369.45
19670815,1383.73
19670816,1354.21
19670817,1360.90
19670818,1360.90
19670821,1321.54
19670822,1340.31
19670823,1337.03
19670824,1350.90
19670825,1342.17
19670828,1335.15
19670829,1336.84
19670830,1336.84
19670831,1342.68
19670901,1352.54
19670904,1352.54
19670905,1371.37
19670906,1364.23
19670907,1353.91
19670908,1337.49
19670911,1331.67
19670912,1329.72
19670913,1333.83
19670914,1334.66
19670918,1344.12
19670919,1342.52
19670920,1342.52
19670921,1339.19
19670922,1350.27
19670925,1340.38
19670926,1336.18
19670927,1317.81
19670928,1320.00
19670929,1323.91
19671002,1312.28
19671003,1330.40
19671004,1348.58
19671005,1348.58
19671006,1363.01
19671009,1380.43
19671011,1367.36
19671012,1365.18
19671013,1362.66
19671016,1372.99
19671017,1366.00
19671018,1372.19
19671019,1375.14
19671020,1378.70
19671023,1378.70
19671024,1385.43
19671025,1382.36
19671026,1384.17
19671027,1376.09
19671030,1385.61
19671031,1376.05
19671101,1378.07
19671102,1364.61
19671106,1368.92
19671107,1360.74
19671108,1360.74
19671109,1361.25
19671110,1344.69
19671113,1342.04
19671114,1351.96
19671115,1344.42
19671116,1349.30
19671117,1343.79
19671120,1273.33
19671121,1265.24
19671122,1282.40
19671124,1282.40
19671127,1269.05
19671128,1275.77
19671129,1285.68
19671130,1277.27
19671201,1284.88
19671204,1294.93
19671205,1279.34
19671206,1274.61
19671207,1277.03
19671208,1260.63
19671211,1260.63
19671212,1263.25
19671213,1264.20
19671214,1258.24
19671215,1258.37
19671218,1259.57
19671219,1274.39
19671220,1279.59
19671221,1279.86
19671222,1291.08
19671225,1290.29
19671226,1290.29
19671227,1279.29
19671228,1283.47
19671229,1283.47
19680104,1266.27
19680105,1282.38
19680108,1283.53
19680109,1305.94
19680111,1316.89
19680112,1314.47
19680116,1314.98
19680117,1314.98
19680118,1322.99
19680119,1312.74
19680122,1306.49
19680123,1307.55
19680124,1304.45
19680125,1305.23
19680126,1313.18
19680129,1306.61
19680130,1306.67
19680131,1312.20
19680201,1312.20
19680202,1318.11
19680205,1320.58
19680206,1329.36
19680207,1331.77
19680208,1329.02
19680209,1330.73
19680213,1337.59
19680214,1340.08
19680215,1334.22
19680216,1334.22
19680219,1345.01
19680220,1341.64
19680221,1342.67
19680222,1352.03
19680223,1348.66
19680226,1341.03
19680227,1351.13
19680228,1344.66
19680229,1349.77
19680301,1355.49
19680304,1355.49
19680305,1331.86
19680306,1322.01
19680307,1327.00
19680308,1321.41
19680311,1326.68
19680312,1328.09
19680313,1335.07
19680314,1318.01
19680315,1340.54
19680318,1373.00
19680319,1373.00
19680320,1373.00
19680322,1350.64
19680325,1356.72
19680326,1364.69
19680327,1354.69
19680328,1369.72
19680329,1361.15
19680401,1367.36
19680402,1380.77
19680403,1378.69
19680404,1378.69
19680405,1393.32
19680408,1406.32
19680409,1404.07
19680410,1402.19
19680411,1403.55
19680412,1415.00
19680415,1443.65
19680416,1433.94
19680417,1435.08
19680418,1437.30
19680419,1437.30
19680422,1440.48
19680423,1444.81
19680424,1450.32
19680425,1449.67
19680426,1438.24
19680430,1456.07
19680501,1464.76
19680502,1464.82
19680507,1480.16
19680508,1480.16
19680509,1478.17
19680510,1473.50
19680513,1469.50
19680514,1466.37
19680515,1469.91
19680516,1476.35
19680517,1485.86
19680520,1500.41
19680521,1476.67
19680522,1466.09
19680523,1466.09
19680524,1460.10
19680527,1460.02
19680528,1465.60
19680529,1452.32
19680530,1454.93
19680531,1462.34
19680603,1496.56
19680604,1509.49
19680605,1518.66
19680606,1510.51
19680607,1510.51
19680610,1522.59
19680611,1531.46
19680612,1519.06
19680613,1523.20
19680614,1524.03
19680617,1532.00
19680618,1515.19
19680619,1481.24
19680620,1484.70
19680621,1482.54
19680624,1482.54
19680625,1501.71
19680626,1518.18
19680627,1527.78
19680628,1531.18
19680701,1548.90
19680702,1542.96
19680703,1548.69
19680704,1540.42
19680705,1547.09
19680708,1552.76
19680709,1552.76
19680710,1549.87
19680711,1554.96
19680712,1564.48
19680715,1581.56
19680716,1564.24
19680717,1561.66
19680718,1561.94
19680719,1565.87
19680722,1573.80
19680723,1577.80
19680724,1577.80
19680725,1570.07
19680726,1582.83
19680729,1592.11
19680730,1583.00
19680731,1602.97
19680801,1601.58
19680802,1601.84
19680805,1604.57
19680806,1598.44
19680807,1617.90
19680808,1617.90
19680809,1622.86
19680812,1627.82
19680813,1631.24
19680814,1630.03
19680815,1617.96
19680816,1612.26
19680819,1623.19
19680820,1636.73
19680821,1641.03
19680822,1648.17
19680823,1648.17
19680826,1655.68
19680827,1666.35
19680828,1672.72
19680829,1691.63
19680830,1691.91
19680902,1717.60
19680903,1723.47
19680904,1705.15
19680905,1727.92
19680906,1736.94
19680909,1736.94
19680910,1753.71
19680911,1766.12
19680912,1766.22
19680913,1764.41
19680917,1792.10
19680918,1796.49
19680919,1793.83
19680920,1801.62
19680924,1802.98
19680925,1805.61
19680926,1820.23
19680927,1826.68
19680930,1826.68
19681001,1835.12
19681002,1851.49
19681003,1809.61
19681004,1803.24
19681007,1830.64
19681008,1827.67
19681009,1827.67
19681011,1715.47
19681014,1747.06
19681015,1707.72
19681016,1700.48
19681017,1724.73
19681018,1741.93
19681021,1746.83
19681022,1726.62
19681023,1739.65
19681024,1749.33
19681025,1749.33
19681028,1755.51
19681029,1768.94
19681030,1762.53
19681031,1745.29
19681101,1741.92
19681105,1709.81
19681106,1705.71
19681107,1679.59
19681108,1668.09
19681111,1668.09
19681112,1659.18
19681113,1678.55
19681114,1695.05
19681115,1697.08
19681118,1705.01
19681119,1712.29
19681120,1710.15
19681121,1696.20
19681122,1693.04
19681125,1668.55
19681126,1668.55
19681127,1688.68
19681128,1695.91
19681129,1716.69
19681202,1743.21
19681203,1736.21
19681204,1725.79
19681205,1718.42
19681206,1718.09
19681209,1690.98
19681210,1710.97
19681211,1710.97
19681212,1725.43
19681213,1712.00
19681216,1722.33
19681217,1711.57
19681218,1692.93
19681219,1696.14
19681220,1702.45
19681224,1701.67
19681225,1701.38
19681226,1701.38
19681227,1699.08
19681230,1699.08
19690106,1755.15
19690107,1761.93
19690108,1759.26
19690109,1753.31
19690113,1767.35
19690114,1771.24
19690116,1782.05
19690117,1779.63
19690120,1779.63
19690121,1803.90
19690122,1820.25
19690123,1830.87
19690124,1825.80
19690127,1833.29
19690128,1820.62
19690129,1831.77
19690130,1826.12
19690131,1830.26
19690203,1828.04
19690204,1828.04
19690205,1833.75
19690206,1840.70
19690207,1845.95
19690210,1851.05
19690212,1852.38
19690213,1843.07
19690214,1826.14
19690217,1824.27
19690218,1828.85
19690219,1819.42
19690220,1819.42
19690221,1775.43
19690224,1765.90
19690225,1771.85
19690226,1777.97
19690227,1762.97
19690228,1758.54
19690303,1769.55
19690304,1748.88
19690305,1764.25
19690306,1766.89
19690307,1766.89
19690310,1789.32
19690311,1778.99
19690312,1785.25
19690313,1803.11
19690314,1795.58
19690317,1806.64
19690318,1798.21
19690319,1791.82
19690320,1783.20
19690324,1815.74
19690325,1815.74
19690326,1832.86
19690327,1819.84
19690328,1824.07
19690331,1841.02
19690401,1827.44
19690402,1859.13
19690403,1844.97
19690404,1868.12
19690407,1872.10
19690408,1870.97
19690409,1870.97
19690410,1893.02
19690411,1893.50
19690414,1900.26
19690415,1889.21
19690416,1871.84
19690417,1899.79
19690418,1880.83
19690421,1878.45
19690422,1890.13
19690423,1877.25
19690424,1877.25
19690425,1896.09
19690428,1901.03
19690430,1904.94
19690501,1911.54
19690502,1906.44
19690506,1925.14
19690507,1924.29
19690508,1917.44
19690509,1919.07
19690512,1938.98
19690513,1938.98
19690514,1938.61
19690515,1937.23
19690516,1937.05
19690519,1939.83
19690520,1928.29
19690521,1930.34
19690522,1929.58
19690523,1932.20
19690526,1939.37
19690527,1939.37
19690528,1959.57
19690529,1959.57
19690530,1990.53
19690602,2007.61
19690603,2000.47
19690604,2001.77
19690605,2000.96
19690606,2009.18
19690609,2029.10
19690610,2029.59
19690611,2014.64
19690612,1926.01
19690613,1926.01
19690616,1955.69
19690617,1938.72
19690618,1884.82
19690619,1907.41
19690620,1883.50
19690623,1867.31
19690624,1925.88
19690625,1915.31
19690626,1938.06
19690627,1953.52
19690630,1953.52
19690701,1969.67
19690702,1990.35
19690703,1998.00
19690704,1992.81
19690707,1983.14
19690708,1987.60
19690709,1979.13
19690710,1930.56
19690711,1948.64
19690714,1911.12
19690715,1911.12
19690716,1919.46
19690717,1898.88
19690718,1906.00
19690722,1921.53
19690723,1888.04
19690724,1900.19
19690725,1888.42
19690728,1875.00
19690729,1845.40
19690730,1845.40
19690731,1865.59
19690801,1879.41
19690804,1878.14
19690805,1878.70
19690806,1867.79
19690807,1860.41
19690808,1844.03
19690811,1877.20
19690812,1900.89
19690813,1910.87
19690814,1910.87
19690815,1896.09
19690818,1896.83
19690819,1897.75
19690820,1890.38
19690821,1891.29
19690822,1871.79
19690825,1880.43
19690826,1890.67
19690827,1890.24
19690828,1909.26
19690829,1909.26
19690901,1951.54
19690902,1964.81
19690903,1972.68
19690904,1971.47
19690905,1984.69
19690908,1983.95
19690909,1964.46
19690910,1988.50
19690911,1987.91
19690912,1987.62
19690916,1987.62
19690917,2016.71
19690918,1995.26
19690919,2000.43
19690922,2016.85
19690924,2012.27
19690925,2012.96
19690926,1988.92
19690929,1995.96
19690930,2016.15
19691001,2036.80
19691002,2036.80
19691003,2027.94
19691006,2038.72
19691007,2033.81
19691008,2022.70
19691009,2033.52
19691013,2068.32
19691014,2062.85
19691015,2074.11
19691016,2098.65
19691017,2097.49
19691020,2097.49
19691021,2099.39
19691022,2110.27
19691023,2092.90
19691024,2120.94
19691027,2117.12
19691028,2136.80
19691029,2150.10
19691030,2145.16
19691031,2130.30
19691104,2133.97
19691105,2133.97
19691106,2121.99
19691107,2102.58
19691110,2118.26
19691111,2104.52
19691112,2118.15
19691113,2147.52
19691114,2148.66
19691117,2168.21
19691118,2168.21
19691119,2210.60
19691120,2201.52
19691121,2196.02
19691125,2230.58
19691126,2201.41
19691127,2211.90
19691128,2211.90
19691201,2251.37
19691202,2252.61
19691203,2252.61
19691204,2171.79
19691205,2170.15
19691208,2198.98
19691209,2193.04
19691210,2219.19
19691211,2225.05
19691212,2253.59
19691215,2261.90
19691216,2261.43
19691217,2268.55
19691218,2268.55
19691219,2278.83
19691222,2258.26
19691224,2287.07
19691225,2324.06
19691226,2348.03
19691229,2348.03
19691230,2348.03
19700105,2402.85
19700106,2406.22
19700107,2394.96
19700108,2283.68
19700109,2283.68
19700112,2324.24
19700113,2297.69
19700114,2288.14
19700116,2286.45
19700119,2309.38
19700120,2309.94
19700121,2325.36
19700122,2322.58
19700123,2312.00
19700126,2316.71
19700127,2316.71
19700128,2324.77
19700129,2328.60
19700130,2296.43
19700202,2310.45
19700203,2296.68
19700204,2313.31
19700205,2306.78
19700206,2302.93
19700209,2306.40
19700210,2306.25
19700212,2306.25
19700213,2298.65
19700216,2293.93
19700217,2294.71
19700218,2313.23
19700219,2324.40
19700220,2322.98
19700223,2361.47
19700224,2375.46
19700225,2383.18
19700226,2385.07
19700227,2385.07
19700302,2399.76
19700303,2396.64
19700304,2422.73
19700305,2423.37
19700306,2452.26
19700309,2455.17
19700310,2470.22
19700311,2458.13
19700312,2433.12
19700313,2446.36
19700316,2446.36
19700317,2468.84
19700318,2484.62
19700319,2490.47
19700320,2491.18
19700323,2495.18
19700324,2484.15
19700325,2481.01
19700326,2504.84
19700327,2485.36
19700330,2510.24
19700331,2510.24
19700401,2521.42
19700402,2522.84
19700403,2500.09
19700406,2534.45
19700407,2524.13
19700408,2529.65
19700409,2515.05
19700410,2513.94
19700413,2508.16
19700414,2502.03
19700415,2502.03
19700416,2502.65
19700417,2471.21
19700420,2470.67
19700421,2469.64
19700422,2436.40
19700423,2415.67
19700424,2422.86
19700427,2386.06
19700428,2315.43
19700430,2114.32
19700501,2114.32
19700506,2191.39
19700507,2209.61
19700508,2190.54
19700511,2139.07
19700512,2149.43
19700513,2096.75
19700514,2048.72
19700515,2018.71
19700518,2047.90
19700519,2047.90
19700520,1983.78
19700521,1982.33
19700522,1989.34
19700525,1933.33
19700526,1946.48
19700527,1929.64
19700528,2009.10
19700529,2026.10
19700601,2082.37
19700602,2082.37
19700603,2109.23
19700604,2133.85
19700605,2123.82
19700608,2109.58
19700609,2091.83
19700610,2109.47
19700611,2029.41
19700612,2048.94
19700615,2072.80
19700616,2054.37
19700617,2054.37
19700618,2082.02
19700619,2113.22
19700622,2149.28
19700623,2131.89
19700624,2140.47
19700625,2143.45
19700626,2135.88
19700629,2131.81
19700630,2138.11
19700701,2148.79
19700702,2148.79
19700703,2135.25
19700706,2117.65
19700707,2116.86
19700708,2121.51
19700709,2111.10
19700710,2102.22
19700713,2110.01
19700714,2110.87
19700715,2087.99
19700716,2067.76
19700717,2067.76
19700721,2148.94
19700722,2132.19
19700723,2125.62
19700724,2128.35
19700727,2130.05
19700728,2138.56
19700729,2132.43
19700730,2140.50
19700731,2159.16
19700803,2159.16
19700804,2164.21
19700805,2169.78
19700806,2147.73
19700807,2143.09
19700810,2141.38
19700811,2123.52
19700812,2122.83
19700813,2142.85
19700814,2136.15
19700817,2140.64
19700818,2140.64
19700819,2155.99
19700820,2161.43
19700821,2164.28
19700824,2168.15
19700825,2153.18
19700826,2153.36
19700827,2163.50
19700828,2157.84
19700831,2132.21
19700901,2130.54
19700902,2130.54
19700903,2139.05
19700904,2144.96
19700907,2150.54
19700908,2165.18
19700909,2176.99
19700910,2165.47
19700911,2157.26
19700914,2168.40
19700915,2168.40
19700916,2139.90
19700917,2136.80
19700918,2136.80
19700921,2076.99
19700922,2089.36
19700924,2094.00
19700925,2065.02
19700928,2020.88
19700929,2065.44
19700930,2065.44
19701001,2061.65
19701002,2065.59
19701005,2065.59
19701006,2094.36
19701007,2083.16
19701008,2079.93
19701009,2081.32
19701012,2092.46
19701013,2094.48
19701014,2096.12
19701015,2118.40
19701016,2114.21
19701019,2133.03
19701020,2133.03
19701021,2106.84
19701022,2107.16
19701023,2101.68
19701026,2094.90
19701027,2095.19
19701028,2104.47
19701029,2117.26
19701030,2114.20
19701102,2139.32
19701104,2143.72
19701105,2143.72
19701106,2136.59
19701109,2147.98
19701110,2142.73
19701111,2122.55
19701112,2109.99
19701113,2111.09
19701116,2098.45
19701117,2075.66
19701118,2087.88
19701119,2075.16
19701120,2075.16
19701124,2060.03
19701125,2056.93
19701126,2041.15
19701127,2012.13
19701130,1990.47
19701201,2027.37
19701202,2017.12
19701203,1992.72
19701204,1989.69
19701207,1969.57
19701208,1963.40
19701209,1965.78
19701210,1973.16
19701211,2018.17
19701214,2015.91
19701215,1997.11
19701216,1973.41
19701217,1972.78
19701218,1977.56
19701221,1988.96
19701222,1979.71
19701224,1987.96
19701225,1982.61
19701228,1987.14
19701229,1987.14
19701230,1987.14
19710105,1989.44
19710106,1981.74
19710107,2000.96
19710108,2040.93
19710112,2092.33
19710113,2089.22
19710114,2093.90
19710118,2097.40
19710119,2115.25
19710120,2102.37
19710121,2112.50
19710122,2113.73
19710125,2105.01
19710126,2109.20
19710127,2099.08
19710128,2102.36
19710129,2100.90
19710201,2104.88
19710202,2113.55
19710203,2129.73
19710204,2133.34
19710205,2125.16
19710208,2128.25
19710209,2122.66
19710210,2139.29
19710212,2149.88
19710215,2166.64
19710216,2173.28
19710217,2166.69
19710218,2202.89
19710219,2213.39
19710222,2230.09
19710223,2204.33
19710224,2184.50
19710225,2216.65
19710226,2232.42
19710301,2256.05
19710302,2246.61
19710303,2268.59
19710304,2275.28
19710305,2256.43
19710308,2273.38
19710309,2271.16
19710310,2305.59
19710311,2309.10
19710312,2316.21
19710315,2301.40
19710316,2320.01
19710317,2317.36
19710318,2319.54
19710319,2341.90
19710323,2345.27
19710324,2364.06
19710325,2372.24
19710326,2390.02
19710329,2404.65
19710330,2401.33
19710331,2403.30
19710401,2414.04
19710402,2415.73
19710405,2373.42
19710406,2404.66
19710407,2416.92
19710408,2413.93
19710409,2401.44
19710412,2435.32
19710413,2428.48
19710414,2437.53
19710415,2457.36
19710416,2464.10
19710419,2439.95
19710420,2374.67
19710421,2431.73
19710422,2416.99
19710423,2433.33
19710426,2436.93
19710427,2445.93
19710428,2450.74
19710430,2468.18
19710506,2481.67
19710507,2444.81
19710510,2390.22
19710511,2402.37
19710512,2431.28
19710513,2428.01
19710514,2415.20
19710517,2417.62
19710518,2391.22
19710519,2365.92
19710520,2388.51
19710521,2385.21
19710524,2398.48
19710525,2404.77
19710526,2408.80
19710527,2420.18
19710528,2432.72
19710531,2456.33
19710601,2455.95
19710602,2475.93
19710603,2473.91
19710604,2490.39
19710607,2506.06
19710608,2504.31
19710609,2508.94
19710610,2523.84
19710611,2528.79
19710614,2531.49
19710615,2542.13
19710616,2555.05
19710617,2581.03
19710618,2584.49
19710621,2587.58
19710622,2586.58
19710623,2600.49
19710624,2584.51
19710625,2600.32
19710628,2628.46
19710629,2625.14
19710630,2637.35
19710701,2651.06
19710702,2647.20
19710705,2630.44
19710706,2571.37
19710707,2637.15
19710708,2638.74
19710709,2659.57
19710712,2686.42
19710713,2675.85
19710714,2685.35
19710715,2664.20
19710716,2670.88
19710719,2692.63
19710721,2643.14
19710722,2669.03
19710723,2671.37
19710726,2673.84
19710727,2678.00
19710728,2681.25
19710729,2683.24
19710730,2661.59
19710802,2640.68
19710803,2640.45
19710804,2630.09
19710805,2634.18
19710806,2648.53
19710809,2698.27
19710810,2690.14
19710811,2699.42
19710812,2704.90
19710813,2727.80
19710816,2530.48
19710817,2440.82
19710818,2328.28
19710819,2190.16
19710820,2283.88
19710823,2163.79
19710824,2162.82
19710825,2233.90
19710826,2282.34
19710827,2267.19
19710830,2303.91
19710831,2297.06
19710901,2348.01
19710902,2352.27
19710903,2346.77
19710906,2365.58
19710907,2341.73
19710908,2325.52
19710909,2341.19
19710910,2321.79
19710913,2351.15
19710914,2364.65
19710916,2347.35
19710917,2352.31
19710920,2377.05
19710921,2372.99
19710922,2360.86
19710924,2363.97
19710927,2351.96
19710928,2393.56
19710929,2420.36
19710930,2428.25
19711001,2429.31
19711004,2412.65
19711005,2407.84
19711006,2401.97
19711007,2401.68
19711008,2372.48
19711012,2352.60
19711013,2312.69
19711014,2305.86
19711015,2254.94
19711018,2255.18
19711019,2228.33
19711020,2227.25
19711021,2240.45
19711022,2259.52
19711025,2253.69
19711026,2236.89
19711027,2229.35
19711028,2253.28
19711029,2278.46
19711101,2279.04
19711102,2254.93
19711104,2228.78
19711105,2234.11
19711108,2236.24
19711109,2252.18
19711110,2282.20
19711111,2298.26
19711112,2307.82
19711115,2329.14
19711116,2326.54
19711117,2371.74
19711118,2391.90
19711119,2378.79
19711122,2408.11
19711124,2404.68
19711125,2418.68
19711126,2413.75
19711129,2450.74
19711130,2442.71
19711201,2455.79
19711202,2480.56
19711203,2441.58
19711206,2475.71
19711207,2481.69
19711208,2453.69
19711209,2477.93
19711210,2482.47
19711213,2496.72
19711214,2490.79
19711215,2491.00
19711216,2468.11
19711217,2480.25
19711220,2487.59
19711221,2554.02
19711222,2586.33
19711224,2658.71
19711227,2693.49
19711228,2713.74
19711229,2713.74
19711230,2713.74
19720104,2712.31
19720105,2727.87
19720106,2754.89
19720107,2762.49
19720111,2769.62
19720112,2799.48
19720113,2812.86
19720114,2823.53
19720117,2799.74
19720118,2805.43
19720119,2820.98
19720120,2840.86
19720121,2822.54
19720124,2800.06
19720125,2814.38
19720126,2832.89
19720127,2839.04
19720128,2862.40
19720131,2856.50
19720201,2852.32
19720202,2863.57
19720203,2879.67
19720204,2857.29
19720207,2883.47
19720208,2889.84
19720209,2870.77
19720210,2871.78
19720214,2890.66
19720215,2876.42
19720216,2888.66
19720217,2931.81
19720218,2932.22
19720221,2959.29
19720222,2966.65
19720223,2960.92
19720224,2975.16
19720225,2995.55
19720228,3027.49
19720229,3021.98
19720301,3011.30
19720302,3023.65
19720303,3015.14
19720306,3028.99
19720307,3038.62
19720308,3040.22
19720309,3030.02
19720310,3027.42
19720313,2976.15
19720314,2996.37
19720315,2981.18
19720316,3012.60
19720317,3022.93
19720320,3022.93
19720322,3050.84
19720323,3067.30
19720324,3073.23
19720327,3102.48
19720328,3107.41
19720329,3144.26
19720330,3146.18
19720331,3187.62
19720403,3187.62
19720404,3187.62
19720405,3187.62
19720406,3187.62
19720407,3187.62
19720410,3187.62
19720411,3187.62
19720412,3187.62
19720413,3187.62
19720414,3187.62
19720417,3187.62
19720418,3187.62
19720419,3187.62
19720420,3187.62
19720421,3187.62
19720424,3187.62
19720425,3187.62
19720426,3187.62
19720427,3187.62
19720428,3187.62
19720501,3353.38
19720502,3359.41
19720508,3362.80
19720509,3342.92
19720510,3358.42
19720511,3398.51
19720512,3408.09
19720515,3424.94
19720516,3416.43
19720517,3436.74
19720518,3438.19
19720519,3420.56
19720522,3446.66
19720523,3468.11
19720524,3477.12
19720525,3506.48
19720526,3535.88
19720529,3572.62
19720530,3594.95
19720531,3636.79
19720601,3626.92
19720602,3667.17
19720605,3678.91
19720606,3650.03
19720607,3656.83
19720608,3667.25
19720609,3615.80
19720612,3651.35
19720613,3647.77
19720614,3640.37
19720615,3669.59
19720616,3680.78
19720619,3722.63
19720620,3718.46
19720621,3716.41
19720622,3687.31
19720623,3663.16
19720626,3369.64
19720627,3548.95
19720628,3611.31
19720629,3670.81
19720630,3710.70
19720703,3751.32
19720704,3722.77
19720705,3645.38
19720706,3682.72
19720707,3695.31
19720710,3710.53
19720711,3719.09
19720712,3707.37
19720713,3712.32
19720714,3727.50
19720717,3693.84
19720718,3722.06
19720719,3760.73
19720721,3807.15
19720724,3815.31
19720725,3837.43
19720726,3850.25
19720727,3867.85
19720728,3913.81
19720731,3913.81
19720801,3951.65
19720802,3870.30
19720803,3954.12
19720804,3954.39
19720807,3946.33
19720808,3940.81
19720809,3922.28
19720810,3908.01
19720811,3929.80
19720814,3957.69
19720815,3974.71
19720816,4007.66
19720817,4006.41
19720818,4014.35
19720821,4013.96
19720822,4010.61
19720823,4029.06
19720824,4041.78
19720825,4010.46
19720828,3996.90
19720829,4016.28
19720830,4026.25
19720831,4066.78
19720901,4090.39
19720904,4137.76
19720905,4137.48
19720906,4143.02
19720907,4168.64
19720908,4181.89
19720911,4203.22
19720912,4160.31
19720913,4190.97
19720914,4174.80
19720918,4178.84
19720919,4157.50
19720920,4178.28
19720921,4204.22
19720922,4231.21
19720925,4254.61
19720926,4273.20
19720927,4251.29
19720928,4291.81
19720929,4320.63
19721002,4393.67
19721003,4363.38
19721004,4424.30
19721005,4425.49
19721006,4355.28
19721009,4422.08
19721011,4443.09
19721012,4480.06
19721013,4472.73
19721016,4433.63
19721017,4401.08
19721018,4444.32
19721019,4452.17
19721020,4324.80
19721023,4415.06
19721024,4424.34
19721025,4442.42
19721026,4439.20
19721027,4455.06
19721030,4522.18
19721031,4537.99
19721101,4541.77
19721102,4547.92
19721106,4543.88
19721107,4538.83
19721108,4555.95
19721109,4564.46
19721110,4540.10
19721113,4553.77
19721114,4555.01
19721115,4602.78
19721116,4589.25
19721117,4585.91
19721120,4591.07
19721121,4618.27
19721122,4667.71
19721124,4731.40
19721127,4742.16
19721128,4816.72
19721129,4879.18
19721130,4868.96
19721201,4781.48
19721204,4872.46
19721205,4881.37
19721206,4902.82
19721207,4838.76
19721208,4862.40
19721211,4859.40
19721212,4866.70
19721213,4869.77
19721214,4892.02
19721215,4909.24
19721218,4923.39
19721219,4920.84
19721220,4959.21
19721221,4965.05
19721222,5025.54
19721225,5031.23
19721226,5106.71
19721227,5194.42
19721228,5207.94
19721229,5207.94
19730104,5232.86
19730105,5253.18
19730108,5307.19
19730109,5278.10
19730111,5244.29
19730112,5251.67
19730116,5188.40
19730117,5215.42
19730118,5188.91
19730119,5230.87
19730122,5270.54
19730123,5267.68
19730124,5359.74
19730125,5329.23
19730126,5256.82
19730129,5349.51
19730130,5232.00
19730131,5165.24
19730201,5066.17
19730202,4820.52
19730205,4949.76
19730206,4891.34
19730207,4832.47
19730208,4903.14
19730209,4843.54
19730213,4993.73
19730214,4984.88
19730215,5113.53
19730216,5187.30
19730219,5277.74
19730220,5334.69
19730221,5298.98
19730222,5278.25
19730223,5215.03
19730226,5129.31
19730227,5194.88
19730228,5121.32
19730301,5139.95
19730302,5024.10
19730305,4771.63
19730306,4888.88
19730307,4950.76
19730308,4964.51
19730309,4987.43
19730312,5003.55
19730313,5050.64
19730314,5096.26
19730315,5133.45
19730316,5095.30
19730319,5123.54
19730320,5131.01
19730322,5101.36
19730323,5060.18
19730326,5066.02
19730327,5081.99
19730328,5116.79
19730329,5177.50
19730330,5233.79
19730402,5181.68
19730403,5162.69
19730404,5090.17
19730405,5013.01
19730406,5023.10
19730409,4988.63
19730410,4915.96
19730411,4906.54
19730412,4793.64
19730413,4735.59
19730416,4539.40
19730417,4599.91
19730418,4735.55
19730419,4727.51
19730420,4654.85
19730423,4495.18
19730424,4435.83
19730425,4374.77
19730426,4499.39
19730427,4570.33
19730501,4594.65
19730502,4601.89
19730507,4671.07
19730508,4669.57
19730509,4637.06
19730510,4663.33
19730511,4694.19
19730514,4767.85
19730515,4701.14
19730516,4772.97
19730517,4740.17
19730518,4774.95
19730521,4667.54
19730522,4675.27
19730523,4646.39
19730524,4593.57
19730525,4627.41
19730528,4627.58
19730529,4626.22
19730530,4613.44
19730531,4557.36
19730601,4546.74
19730604,4500.55
19730605,4542.58
19730606,4599.87
19730607,4623.72
19730608,4625.79
19730611,4606.10
19730612,4571.45
19730613,4611.16
19730614,4587.87
19730615,4581.95
19730618,4542.99
19730619,4553.71
19730620,4582.85
19730621,4597.03
19730622,4668.86
19730625,4687.24
19730626,4637.77
19730627,4677.01
19730628,4681.37
19730629,4675.12
19730702,4688.77
19730703,4722.96
19730704,4774.58
19730705,4748.45
19730706,4754.20
19730709,4778.02
19730710,4792.47
19730711,4863.36
19730712,4912.33
19730713,4943.50
19730716,4965.34
19730717,4972.96
19730718,4962.56
19730719,4989.79
19730723,5000.20
19730724,5007.14
19730725,5035.91
19730726,5089.62
19730727,5123.25
19730730,5108.46
19730731,5041.18
19730801,4972.81
19730802,5021.06
19730803,4983.96
19730806,4946.07
19730807,4956.44
19730808,4972.14
19730809,4972.95
19730810,4926.08
19730813,4908.28
19730814,4915.41
19730815,4912.24
19730816,4857.03
19730817,4834.45
19730820,4828.73
19730821,4874.32
19730822,4893.91
19730823,4865.30
19730824,4828.07
19730827,4829.71
19730828,4832.41
19730829,4870.90
19730830,4889.19
19730831,4882.09
19730903,4838.25
19730904,4785.85
19730905,4678.66
19730906,4657.71
19730907,4671.64
19730910,4696.49
19730911,4587.40
19730912,4646.37
19730913,4620.91
19730914,4644.12
19730917,4623.79
19730918,4557.92
19730919,4516.18
19730920,4444.78
19730921,4393.42
19730925,4472.78
19730926,4515.38
19730927,4622.56
19730928,4617.33
19731001,4617.33
19731002,4606.53
19731003,4643.69
19731004,4619.02
19731005,4562.13
19731008,4509.29
19731009,4493.03
19731011,4487.93
19731012,4452.60
19731015,4468.41
19731016,4477.58
19731017,4482.83
19731018,4516.02
19731019,4552.22
19731022,4549.50
19731023,4595.54
19731024,4661.59
19731025,4667.11
19731026,4628.58
19731029,4630.38
19731030,4702.92
19731031,4699.73
19731101,4634.83
19731102,4665.98
19731105,4676.96
19731106,4616.62
19731107,4632.43
19731108,4660.66
19731109,4649.00
19731112,4510.32
19731113,4428.39
19731114,4473.75
19731115,4444.87
19731116,4388.10
19731119,4450.89
19731120,4441.89
19731121,4371.55
19731122,4293.50
19731126,4371.71
19731127,4288.75
19731128,4352.68
19731129,4411.44
19731130,4641.84
19731203,4510.52
19731204,4447.90
19731205,4434.15
19731206,4335.29
19731207,4283.56
19731210,4165.13
19731211,4135.95
19731212,4097.10
19731213,4033.09
19731214,4037.92
19731217,4041.47
19731218,3958.57
19731219,3988.94
19731220,4165.23
19731221,4157.08
19731225,4038.21
19731226,4194.79
19731227,4289.41
19731228,4306.80
19740104,4259.20
19740107,4180.70
19740108,4194.18
19740109,4195.22
19740111,4171.11
19740114,4274.75
19740116,4314.13
19740117,4311.86
19740118,4369.67
19740121,4352.65
19740122,4371.16
19740123,4453.98
19740124,4487.97
19740125,4473.99
19740128,4536.85
19740129,4516.17
19740130,4510.62
19740131,4449.90
19740201,4489.94
19740204,4551.88
19740205,4555.05
19740206,4586.72
19740207,4651.55
19740208,4576.60
19740212,4601.20
19740213,4556.56
19740214,4525.28
19740215,4552.22
19740218,4546.87
19740219,4523.36
19740220,4520.25
19740221,4481.90
19740222,4460.47
19740225,4453.07
19740226,4474.23
19740227,4468.46
19740228,4486.58
19740301,4538.69
19740304,4610.69
19740305,4597.16
19740306,4580.59
19740307,4550.87
19740308,4527.04
19740311,4514.69
19740312,4484.05
19740313,4456.94
19740314,4465.39
19740315,4465.59
19740318,4446.11
19740319,4420.07
19740320,4405.74
19740322,4403.15
19740325,4389.89
19740326,4427.97
19740327,4460.15
19740328,4470.34
19740329,4466.14
19740401,4466.32
19740402,4454.47
19740403,4443.96
19740404,4403.65
19740405,4424.14
19740408,4448.46
19740409,4427.90
19740410,4444.86
19740411,4461.88
19740412,4539.19
19740415,4573.57
19740416,4533.72
19740417,4583.00
19740418,4600.41
19740419,4613.59
19740422,4608.32
19740423,4585.22
19740424,4571.26
19740425,4554.30
19740426,4576.44
19740430,4622.35
19740501,4644.26
19740502,4684.68
19740507,4690.78
19740508,4706.47
19740509,4694.31
19740510,4693.54
19740513,4704.42
19740514,4684.91
19740515,4666.06
19740516,4677.32
19740517,4703.91
19740520,4680.58
19740521,4717.86
19740522,4752.29
19740523,4754.19
19740524,4709.61
19740527,4743.33
19740528,4748.98
19740529,4778.36
19740530,4778.36
19740531,4750.44
19740603,4771.86
19740604,4747.01
19740605,4781.49
19740606,4782.27
19740607,4729.16
19740610,4640.45
19740611,4698.49
19740612,4720.60
19740613,4692.47
19740614,4685.12
19740617,4686.04
19740618,4688.53
19740619,4709.48
19740620,4705.24
19740621,4666.74
19740624,4659.90
19740625,4650.46
19740626,4671.82
19740627,4643.20
19740628,4602.87
19740701,4622.15
19740702,4599.51
19740703,4573.77
19740704,4573.62
19740705,4626.70
19740708,4562.46
19740709,4506.98
19740710,4580.52
19740711,4576.41
19740712,4527.63
19740715,4479.88
19740716,4524.98
19740717,4522.09
19740718,4492.86
19740719,4516.79
19740722,4529.16
19740723,4518.23
19740724,4536.54
19740725,4552.43
19740726,4545.03
19740729,4498.22
19740730,4465.06
19740731,4492.42
19740801,4491.52
19740802,4396.10
19740805,4262.92
19740806,4196.07
19740807,4288.96
19740808,4297.40
19740809,4285.13
19740812,4290.53
19740813,4228.53
19740814,4179.82
19740815,4189.46
19740816,4250.52
19740819,4237.62
19740820,4211.25
19740821,4116.24
19740822,4041.28
19740823,4100.63
19740826,3994.99
19740827,4017.11
19740828,3973.14
19740829,3987.62
19740830,4069.68
19740902,4134.35
19740903,4094.27
19740904,4052.68
19740905,4134.03
19740906,4080.81
19740909,4091.82
19740910,4070.61
19740911,4088.46
19740912,4080.00
19740913,4035.50
19740917,3965.62
19740918,3991.98
19740919,4017.30
19740920,4048.47
19740924,4036.62
19740925,4037.64
19740926,4018.42
19740927,3961.40
19740930,3950.00
19741001,3854.11
19741002,3803.94
19741003,3755.13
19741004,3668.19
19741007,3605.87
19741008,3546.91
19741009,3355.13
19741011,3513.23
19741014,3601.89
19741015,3670.66
19741016,3715.25
19741017,3699.52
19741018,3748.72
19741021,3696.57
19741022,3657.13
19741023,3678.53
19741024,3627.49
19741025,3580.33
19741028,3403.61
19741029,3513.69
19741030,3478.43
19741031,3594.55
19741101,3547.58
19741105,3558.31
19741106,3578.08
19741107,3612.52
19741108,3648.82
19741111,3732.23
19741112,3773.10
19741113,3775.91
19741114,3795.13
19741115,3765.78
19741118,3738.56
19741119,3707.23
19741120,3694.99
19741121,3665.10
19741122,3759.86
19741125,3823.07
19741126,3860.58
19741127,3929.37
19741128,3918.55
19741129,3927.49
19741202,3974.72
19741203,3953.71
19741204,3908.25
19741205,3904.94
19741206,3850.17
19741209,3970.66
19741210,3943.43
19741211,3931.38
19741212,3920.35
19741213,3886.18
19741216,3902.20
19741217,3903.08
19741218,3916.62
19741219,3903.59
19741220,3886.54
19741224,3834.21
19741225,3896.01
19741226,3889.89
19741227,3836.93
19741230,3836.93
19750106,3717.58
19750107,3742.58
19750108,3676.02
19750109,3652.53
19750113,3657.82
19750114,3721.75
19750116,3741.20
19750117,3829.37
19750120,3823.32
19750121,3791.62
19750122,3765.96
19750123,3752.16
19750124,3747.01
19750127,3781.09
19750128,3841.98
19750129,3886.09
19750130,3949.11
19750131,3957.53
19750203,3998.59
19750204,4003.75
19750205,4037.78
19750206,4038.35
19750207,4036.41
19750210,4092.30
19750212,4094.31
19750213,4120.89
19750214,4107.63
19750217,4139.51
19750218,4084.93
19750219,4053.53
19750220,4095.39
19750221,4105.05
19750224,4182.86
19750225,4185.50
19750226,4206.32
19750227,4246.59
19750228,4273.39
19750303,4302.04
19750304,4265.79
19750305,4257.42
19750306,4260.30
19750307,4281.04
19750310,4330.14
19750311,4320.95
19750312,4348.07
19750313,4301.32
19750314,4260.56
19750317,4273.30
19750318,4293.46
19750319,4274.38
19750320,4246.98
19750324,4226.87
19750325,4247.49
19750326,4260.52
19750327,4320.57
19750328,4392.62
19750331,4484.97
19750401,4478.97
19750402,4492.29
19750403,4494.03
19750404,4442.91
19750407,4394.68
19750408,4405.12
19750409,4450.96
19750410,4461.86
19750411,4461.16
19750414,4473.18
19750415,4443.57
19750416,4421.65
19750417,4422.71
19750418,4421.44
19750421,4398.62
19750422,4355.11
19750423,4371.97
19750424,4365.34
19750425,4391.99
19750428,4474.50
19750430,4484.84
19750501,4504.31
19750502,4548.04
19750506,4548.40
19750507,4546.46
19750508,4552.61
19750509,4534.87
19750512,4564.52
19750513,4515.16
19750514,4522.63
19750515,4551.60
19750516,4544.98
19750519,4511.36
19750520,4518.77
19750521,4504.68
19750522,4521.48
19750523,4473.65
19750526,4457.38
19750527,4469.59
19750528,4459.16
19750529,4423.40
19750530,4407.73
19750602,4378.51
19750603,4399.94
19750604,4466.64
19750605,4486.78
19750606,4534.66
19750609,4489.02
19750610,4476.00
19750611,4490.46
19750612,4473.92
19750613,4468.82
19750616,4506.20
19750617,4510.23
19750618,4498.19
19750619,4496.99
19750620,4488.55
19750623,4500.25
19750624,4523.69
19750625,4515.61
19750626,4485.00
19750627,4498.11
19750630,4532.54
19750701,4541.25
19750702,4531.44
19750703,4491.47
19750704,4445.72
19750707,4410.60
19750708,4389.93
19750709,4413.17
19750710,4408.37
19750711,4427.32
19750714,4427.54
19750715,4432.02
19750716,4435.25
19750717,4395.73
19750718,4377.37
19750722,4302.29
19750723,4321.48
19750724,4306.80
19750725,4322.94
19750728,4290.96
19750729,4329.95
19750730,4311.31
19750731,4333.04
19750801,4292.55
19750804,4305.01
19750805,4259.23
19750806,4238.96
19750807,4215.88
19750808,4244.81
19750811,4240.62
19750812,4217.49
19750813,4194.49
19750814,4205.73
19750815,4229.67
19750818,4238.60
19750819,4224.86
19750820,4183.97
19750821,4159.79
19750822,4134.99
19750825,4098.59
19750826,4051.04
19750827,4036.34
19750828,4007.14
19750829,4060.57
19750901,4045.98
19750902,4047.82
19750903,4011.35
19750904,3949.53
19750905,3887.89
19750908,3972.80
19750909,3947.12
19750910,3963.02
19750911,4002.89
19750912,4027.83
19750916,4031.75
19750917,4024.94
19750918,3992.91
19750919,3973.71
19750922,3934.18
19750924,3942.30
19750925,3933.32
19750926,3895.05
19750929,3814.02
19750930,3886.39
19751001,3870.11
19751002,3891.09
19751003,3981.53
19751006,4101.68
19751007,4100.82
19751008,4149.50
19751009,4201.62
19751013,4180.64
19751014,4213.81
19751015,4234.97
19751016,4233.15
19751017,4257.86
19751020,4289.20
19751021,4260.59
19751022,4294.15
19751023,4296.66
19751024,4311.12
19751027,4332.79
19751028,4320.10
19751029,4360.42
19751030,4322.33
19751031,4352.05
19751104,4339.48
19751105,4306.90
19751106,4282.26
19751107,4322.85
19751110,4354.96
19751111,4335.39
19751112,4337.65
19751113,4309.88
19751114,4313.77
19751117,4312.07
19751118,4318.36
19751119,4282.39
19751120,4307.77
19751121,4287.93
19751125,4245.39
19751126,4301.72
19751127,4323.22
19751128,4329.77
19751201,4306.75
19751202,4305.20
19751203,4331.88
19751204,4307.17
19751205,4310.00
19751208,4267.49
19751209,4233.02
19751210,4249.12
19751211,4249.55
19751212,4230.21
19751215,4225.05
19751216,4212.16
19751217,4177.12
19751218,4181.54
19751219,4220.25
19751222,4235.01
19751224,4258.30
19751225,4310.25
19751226,4342.06
19751229,4342.06
19751230,4342.06
19760105,4403.06
19760106,4449.70
19760107,4469.10
19760108,4485.77
19760109,4484.05
19760112,4580.77
19760113,4588.46
19760114,4605.19
19760116,4629.56
19760119,4609.26
19760120,4627.02
19760121,4617.40
19760122,4568.16
19760123,4582.59
19760126,4639.62
19760127,4660.46
19760128,4637.41
19760129,4626.85
19760130,4656.86
19760202,4670.29
19760203,4631.42
19760204,4649.69
19760205,4633.95
19760206,4587.77
19760209,4519.02
19760210,4520.50
19760212,4537.79
19760213,4568.13
19760216,4539.50
19760217,4540.55
19760218,4506.66
19760219,4461.63
19760220,4489.23
19760223,4496.37
19760224,4500.53
19760225,4554.33
19760226,4599.40
19760227,4628.76
19760301,4630.53
19760302,4622.71
19760303,4618.48
19760304,4610.28
19760305,4612.59
19760308,4592.50
19760309,4587.44
19760310,4607.50
19760311,4611.22
19760312,4598.79
19760315,4607.30
19760316,4590.91
19760317,4582.94
19760318,4601.87
19760319,4610.69
19760323,4626.47
19760324,4635.45
19760325,4622.70
19760326,4670.78
19760329,4566.70
19760330,4552.53
19760331,4596.48
19760401,4581.82
19760402,4574.36
19760405,4511.88
19760406,4479.97
19760407,4522.53
19760408,4500.51
19760409,4464.25
19760412,4423.10
19760413,4408.21
19760414,4413.19
19760415,4457.73
19760416,4475.10
19760419,4477.42
19760420,4508.80
19760421,4535.82
19760422,4553.08
19760423,4573.31
19760426,4566.07
19760427,4614.94
19760428,4641.76
19760430,4656.96
19760506,4581.71
19760507,4614.83
19760510,4631.18
19760511,4625.98
19760512,4615.11
19760513,4648.06
19760514,4633.19
19760517,4630.63
19760518,4573.29
19760519,4587.80
19760520,4602.62
19760521,4581.70
19760524,4589.90
19760525,4569.08
19760526,4588.15
19760527,4570.72
19760528,4608.95
19760531,4659.46
19760601,4686.00
19760602,4706.50
19760603,4727.71
19760604,4717.34
19760607,4733.95
19760608,4699.96
19760609,4705.88
19760610,4689.35
19760611,4688.52
19760614,4707.05
19760615,4737.70
19760616,4753.44
19760617,4737.33
19760618,4696.30
19760621,4739.26
19760622,4700.85
19760623,4703.17
19760624,4708.53
19760625,4725.45
19760628,4794.68
19760629,4823.92
19760630,4852.13
19760701,4865.55
19760702,4853.68
19760705,4846.50
19760706,4843.28
19760707,4854.54
19760708,4814.17
19760709,4839.00
19760712,4808.03
19760713,4775.40
19760714,4746.39
19760715,4695.68
19760716,4708.48
19760719,4688.49
19760721,4697.09
19760722,4705.24
19760723,4721.48
19760726,4667.10
19760727,4679.51
19760728,4678.22
19760729,4646.60
19760730,4641.83
19760802,4640.89
19760803,4651.58
19760804,4693.97
19760805,4707.90
19760806,4717.87
19760809,4711.89
19760810,4725.98
19760811,4743.93
19760812,4730.78
19760813,4736.93
19760816,4722.83
19760817,4729.90
19760818,4732.63
19760819,4734.06
19760820,4716.87
19760823,4696.64
19760824,4697.31
19760825,4695.03
19760826,4682.30
19760827,4689.61
19760830,4696.84
19760831,4738.14
19760901,4786.15
19760902,4781.81
19760903,4764.84
19760906,4739.34
19760907,4700.81
19760908,4699.45
19760909,4676.57
19760910,4707.70
19760913,4729.70
19760914,4702.84
19760916,4710.97
19760917,4722.89
19760920,4726.55
19760921,4738.60
19760922,4744.50
19760924,4730.66
19760927,4722.06
19760928,4781.79
19760929,4834.09
19760930,4830.40
19761001,4815.54
19761004,4835.27
19761005,4829.94
19761006,4825.31
19761007,4804.61
19761008,4778.78
19761012,4693.24
19761013,4704.50
19761014,4703.37
19761015,4703.37
19761018,4684.37
19761019,4645.32
19761020,4626.99
19761021,4637.91
19761022,4618.81
19761025,4615.50
19761026,4618.53
19761027,4633.20
19761028,4641.03
19761029,4646.27
19761101,4645.54
19761102,4619.04
19761104,4575.74
19761105,4522.15
19761108,4528.61
19761109,4558.90
19761110,4598.94
19761111,4586.92
19761112,4565.39
19761115,4553.16
19761116,4518.71
19761117,4514.19
19761118,4459.91
19761119,4451.62
19761122,4478.14
19761124,4534.17
19761125,4561.67
19761126,4571.28
19761129,4541.61
19761130,4506.60
19761201,4504.78
19761202,4496.50
19761203,4542.92
19761206,4585.94
19761207,4650.62
19761208,4717.58
19761209,4765.62
19761210,4765.30
19761213,4751.49
19761214,4731.05
19761215,4764.03
19761216,4765.07
19761217,4793.85
19761220,4820.11
19761221,4863.53
19761222,4911.83
19761224,4900.19
19761227,4973.69
19761228,4990.85
19761229,4990.85
19761230,4990.85
19770104,4998.85
19770105,4983.57
19770106,4950.77
19770107,4960.22
19770111,4937.07
19770112,4928.02
19770113,4958.01
19770114,4994.82
19770117,4983.01
19770118,4942.81
19770119,4989.51
19770120,4992.26
19770121,5011.93
19770124,5054.11
19770125,5044.55
19770126,5073.00
19770127,5046.00
19770128,5041.01
19770131,4962.47
19770201,5008.32
19770202,5071.97
19770203,5046.60
19770204,5065.28
19770207,5078.75
19770208,5086.70
19770209,5068.11
19770210,5053.92
19770214,4979.03
19770215,4987.80
19770216,5014.17
19770217,5056.50
19770218,5037.93
19770221,5037.93
19770222,5023.52
19770223,5024.58
19770224,5037.91
19770225,5041.71
19770228,5041.71
19770301,5044.16
19770302,5073.65
19770303,5057.65
19770304,5056.89
19770307,5056.89
19770308,5034.52
19770309,5009.54
19770310,5011.14
19770311,5111.52
19770314,5111.52
19770315,4962.60
19770316,4997.06
19770317,4998.61
19770318,4988.85
19770322,4988.85
19770323,4989.09
19770324,4978.34
19770325,4961.80
19770328,4961.80
19770329,4978.25
19770330,4987.99
19770331,5011.75
19770401,5008.38
19770404,5008.38
19770405,4970.68
19770406,4879.53
19770407,4893.32
19770408,4870.24
19770411,4870.24
19770412,4926.56
19770413,4969.00
19770414,5011.60
19770415,5021.13
19770418,5021.13
19770419,5034.77
19770420,5075.43
19770421,5118.44
19770422,5157.07
19770425,5157.07
19770426,5102.90
19770427,5092.90
19770428,5091.96
19770502,5099.05
19770506,5141.86
19770509,5141.86
19770510,5124.21
19770511,5088.57
19770512,5079.61
19770513,5048.99
19770516,5048.99
19770517,5044.51
19770518,5036.08
19770519,5032.86
19770520,5024.38
19770523,5024.38
19770524,5027.61
19770525,5023.88
19770526,5022.04
19770527,4989.27
19770530,4989.27
19770531,4986.30
19770601,5053.40
19770602,5014.50
19770603,4992.16
19770606,4992.16
19770607,5012.06
19770608,4965.43
19770609,4954.83
19770610,4955.30
19770613,4955.30
19770614,4926.49
19770615,4913.68
19770616,4918.57
19770617,4970.19
19770620,4970.19
19770621,4973.92
19770622,4956.64
19770623,4935.25
19770624,4950.55
19770627,4950.55
19770628,4999.53
19770629,5006.79
19770630,4989.09
19770701,4969.15
19770704,4969.15
19770705,4977.98
19770706,4942.51
19770707,4972.49
19770708,4985.46
19770711,4985.46
19770712,5079.27
19770713,5057.95
19770714,5054.54
19770715,5028.78
19770718,5028.78
19770719,5001.02
19770721,4963.45
19770722,4970.58
19770725,4970.58
19770726,4936.39
19770727,4916.57
19770728,4903.94
19770729,4849.35
19770801,4975.50
19770802,4970.71
19770803,5011.74
19770804,5059.13
19770805,5061.34
19770808,5061.34
19770809,5076.09
19770810,5066.64
19770811,5092.79
19770812,5133.99
19770815,5133.99
19770816,5202.01
19770817,5231.58
19770818,5216.02
19770819,5220.26
19770822,5220.26
19770823,5165.04
19770824,5183.60
19770825,5150.24
19770826,5180.36
19770829,5180.36
19770830,5234.18
19770831,5242.93
19770901,5148.68
19770902,5238.60
19770905,5238.60
19770906,5287.65
19770907,5270.77
19770908,5280.31
19770909,5251.33
19770912,5251.33
19770913,5203.16
19770914,5201.93
19770916,5206.17
19770919,5206.17
19770920,5177.71
19770921,5196.09
19770922,5188.49
19770926,5157.30
19770927,5159.77
19770928,5185.00
19770929,5222.45
19770930,5264.74
19771003,5264.74
19771004,5262.26
19771005,5223.09
19771006,5246.49
19771007,5237.43
19771011,5237.43
19771012,5138.06
19771013,5188.39
19771014,5152.86
19771017,5152.86
19771018,5108.28
19771019,5110.80
19771020,5142.58
19771021,5150.05
19771024,5150.05
19771025,5134.15
19771026,5127.56
19771027,5121.54
19771028,5120.52
19771031,5120.52
19771101,5155.33
19771102,5021.08
19771104,5024.82
19771107,5024.82
19771108,5024.28
19771109,4976.43
19771110,4974.65
19771111,4941.21
19771114,4941.21
19771115,4996.35
19771116,4951.79
19771117,4903.50
19771118,4836.52
19771121,4836.52
19771122,4829.23
19771124,4723.74
19771125,4597.26
19771128,4597.26
19771129,4822.50
19771130,4849.56
19771201,4898.01
19771202,4913.12
19771205,4913.12
19771206,4904.40
19771207,4886.68
19771208,4815.92
19771209,4843.33
19771212,4843.33
19771213,4808.97
19771214,4778.53
19771215,4808.97
19771216,4797.04
19771219,4797.04
19771220,4910.54
19771221,4901.19
19771222,4896.56
19771226,4878.94
19771227,4884.76
19771228,4863.01
19771229,4863.01
19771230,4863.01
19780104,4867.91
19780105,4941.18
19780106,4974.65
19780109,4994.73
19780111,5007.23
19780112,4995.98
19780113,5030.98
19780117,5038.92
19780118,5063.11
19780119,5066.15
19780120,5064.10
19780123,5046.24
19780124,5025.89
19780125,5007.23
19780126,5021.51
19780127,5028.41
19780130,5077.54
19780131,5111.67
19780201,5138.47
19780202,5135.34
19780203,5129.00
19780206,5133.02
19780207,5131.32
19780208,5144.63
19780209,5148.12
19780210,5144.54
19780213,5158.30
19780214,5136.23
19780215,5124.62
19780216,5131.95
19780217,5086.30
19780220,5086.30
19780221,5061.82
19780222,5085.40
19780223,5104.25
19780224,5121.80
19780227,5222.12
19780228,5222.66
19780301,5210.58
19780302,5213.89
19780303,5237.96
19780306,5197.87
19780307,5209.24
19780308,5190.62
19780309,5177.47
19780310,5211.74
19780313,5275.55
19780314,5269.20
19780315,5278.95
19780316,5297.66
19780317,5290.67
19780320,5269.73
19780322,5273.67
19780323,5266.78
19780324,5262.48
19780327,5317.08
19780328,5360.34
19780329,5400.77
19780330,5411.28
19780331,5447.76
19780403,5430.33
19780404,5479.74
19780405,5527.90
19780406,5498.25
19780407,5485.22
19780410,5464.83
19780411,5449.82
19780412,5464.65
19780413,5466.18
19780414,5503.55
19780417,5544.61
19780418,5534.72
19780419,5555.84
19780420,5548.56
19780421,5502.29
19780424,5514.78
19780425,5521.70
19780426,5540.56
19780427,5516.34
19780428,5534.18
19780501,5532.93
19780502,5541.10
19780508,5526.64
19780509,5490.25
19780510,5486.12
19780511,5489.26
19780512,5497.98
19780515,5499.51
19780516,5418.83
19780517,5440.12
19780518,5406.88
19780519,5404.19
19780522,5408.23
19780523,5417.48
19780524,5455.31
19780525,5455.93
19780526,5439.40
19780529,5439.94
19780530,5438.51
19780531,5469.77
19780601,5476.24
19780602,5480.55
19780605,5495.28
19780606,5489.80
19780607,5490.43
19780608,5504.72
19780609,5500.67
19780612,5511.99
19780613,5493.67
19780614,5502.11
19780615,5495.91
19780616,5491.51
19780619,5477.32
19780620,5474.80
19780621,5478.84
19780622,5483.87
19780623,5481.36
19780626,5481.27
19780627,5472.10
19780628,5501.04
19780629,5533.31
19780630,5543.14
19780703,5562.97
19780704,5562.01
19780705,5576.34
19780706,5588.13
19780707,5616.89
19780710,5631.40
19780711,5628.32
19780712,5627.26
19780713,5624.19
19780714,5629.20
19780717,5636.85
19780718,5636.15
19780719,5640.63
19780721,5614.25
19780724,5578.01
19780725,5562.45
19780726,5575.29
19780727,5575.11
19780728,5578.02
19780731,5601.34
19780801,5585.41
19780802,5550.82
19780803,5556.72
19780804,5576.61
19780807,5557.95
19780808,5492.21
19780809,5480.77
19780810,5496.79
19780811,5502.60
19780814,5508.14
19780815,5493.97
19780816,5497.93
19780817,5489.66
19780818,5495.56
19780821,5513.33
19780822,5518.88
19780823,5520.73
19780824,5503.74
19780825,5510.43
19780828,5506.12
19780829,5527.77
19780830,5557.42
19780831,5585.41
19780901,5599.58
19780904,5637.68
19780905,5641.38
19780906,5637.24
19780907,5651.24
19780908,5610.31
19780911,5640.24
19780912,5662.06
19780913,5661.89
19780914,5660.30
19780918,5672.36
19780919,5652.91
19780920,5622.11
19780921,5623.51
19780922,5637.16
19780925,5662.06
19780926,5693.92
19780927,5738.27
19780928,5754.21
19780929,5772.36
19781002,5780.86
19781003,5779.53
19781004,5787.85
19781005,5790.77
19781006,5792.54
19781009,5758.90
19781011,5757.57
19781012,5731.89
19781013,5727.91
19781016,5797.06
19781017,5837.63
19781018,5857.91
19781019,5872.53
19781020,5873.42
19781023,5860.22
19781024,5811.32
19781025,5834.86
19781026,5836.98
19781027,5887.32
19781030,5926.82
19781031,5902.93
19781101,5872.42
19781102,5895.87
19781106,5936.17
19781107,5943.93
19781108,5957.94
19781109,5948.25
19781110,5968.26
19781113,5973.37
19781114,5942.87
19781115,5900.18
19781116,5919.68
19781117,5933.89
19781120,5945.98
19781121,5955.34
19781122,5978.82
19781124,5985.44
19781127,5979.44
19781128,5945.28
19781129,5946.78
19781130,5967.43
19781201,6002.74
19781204,6056.58
19781205,6052.69
19781206,6050.93
19781207,6060.37
19781208,6074.93
19781211,6097.00
19781212,6079.26
19781213,6097.26
19781214,6083.94
19781215,6030.36
19781218,5978.46
19781219,5983.32
19781220,5974.67
19781221,5873.17
19781222,5884.29
19781225,5888.35
19781226,5925.60
19781227,5979.08
19781228,6001.85
19781229,6001.85
19790104,6041.57
19790105,6072.29
19790108,6076.88
19790109,6081.09
19790110,6100.35
19790111,6116.37
19790112,6113.49
19790116,6118.04
19790117,6111.82
19790118,6106.57
19790119,6106.13
19790122,6107.62
19790123,6126.01
19790124,6150.96
19790125,6157.71
19790126,6160.71
19790129,6192.29
19790130,6186.08
19790131,6212.78
19790201,6200.00
19790202,6187.30
19790205,6148.86
19790206,6095.18
19790207,6106.04
19790208,6100.70
19790209,6036.60
19790213,6023.64
19790214,6061.03
19790215,6101.93
19790216,6128.90
19790219,6124.96
19790220,6116.11
19790221,6097.37
19790222,6105.83
19790223,6080.94
19790226,6089.12
19790227,6065.29
19790228,6072.88
19790301,5975.56
19790302,5972.94
19790305,6014.23
19790306,5992.84
19790307,6017.28
19790308,6026.01
19790309,6042.94
19790312,6062.58
19790313,6058.30
19790314,6048.01
19790315,6024.53
19790316,6025.75
19790319,6029.85
19790320,6053.77
19790322,6074.71
19790323,6079.86
19790326,6101.60
19790327,6109.02
19790328,6108.30
19790329,6136.02
19790330,6133.97
19790402,6088.99
19790403,6035.07
19790404,6039.18
19790405,6049.00
19790406,6049.99
19790409,6010.98
19790410,5925.87
19790411,6043.03
19790412,6071.01
19790413,6115.67
19790416,6110.02
19790417,6078.62
19790418,6058.63
19790419,6064.87
19790420,6102.97
19790423,6120.52
19790424,6139.17
19790425,6178.78
19790426,6193.96
19790427,6223.14
19790501,6236.92
19790502,6277.60
19790504,6286.10
19790507,6253.56
19790508,6236.82
19790509,6248.88
19790510,6264.04
19790511,6274.12
19790514,6296.92
19790515,6308.88
19790516,6341.26
19790517,6287.00
19790518,6315.48
19790521,6306.72
19790522,6263.58
19790523,6233.53
19790524,6300.45
19790525,6313.82
19790528,6332.88
19790529,6293.04
19790530,6307.45
19790531,6252.59
19790601,6176.93
19790604,6198.71
19790605,6123.96
19790606,6175.65
19790607,6186.26
19790608,6176.56
19790611,6065.19
19790612,6097.16
19790613,6120.31
19790614,6100.54
19790615,6143.94
19790618,6188.21
19790619,6186.45
19790620,6200.75
19790621,6248.47
19790622,6247.54
19790625,6239.84
19790626,6240.59
19790627,6258.04
19790628,6250.04
19790629,6247.26
19790702,6283.14
19790703,6303.08
19790704,6310.03
19790705,6292.42
19790706,6280.11
19790709,6258.71
19790710,6177.21
19790711,6207.57
19790712,6154.81
19790713,6109.30
19790716,6188.73
19790717,6181.66
19790718,6181.30
19790719,6180.30
19790720,6179.90
19790723,6180.41
19790724,6210.91
19790725,6250.31
19790726,6243.94
19790727,6264.66
19790730,6275.31
19790731,6313.77
19790801,6322.68
19790802,6329.59
19790803,6355.72
19790806,6392.18
19790807,6364.73
19790808,6402.67
19790809,6392.16
19790810,6394.99
19790813,6394.63
19790814,6395.22
19790815,6424.15
19790816,6443.56
19790817,6452.56
19790820,6448.72
19790821,6403.29
19790822,6415.80
19790823,6396.84
19790824,6384.49
19790827,6408.11
19790828,6435.63
19790829,6445.42
19790830,6437.25
19790831,6436.13
19790903,6405.79
19790904,6401.68
19790905,6411.64
19790906,6425.50
19790907,6410.96
19790910,6410.41
19790911,6426.61
19790912,6451.72
19790913,6447.87
19790914,6455.00
19790917,6438.12
19790918,6459.83
19790919,6482.56
19790920,6465.66
19790921,6490.34
19790925,6491.00
19790926,6477.86
19790927,6539.71
19790928,6568.61
19791001,6577.89
19791002,6545.12
19791003,6542.70
19791004,6532.94
19791005,6568.83
19791008,6495.70
19791009,6512.84
19791011,6395.95
19791012,6439.75
19791015,6526.83
19791016,6516.62
19791017,6496.09
19791018,6427.57
19791019,6416.84
19791022,6341.73
19791023,6371.13
19791024,6225.71
19791025,6235.32
19791026,6207.89
19791029,6319.35
19791030,6405.58
19791031,6444.13
19791101,6444.13
19791102,6424.97
19791105,6423.20
19791106,6451.83
19791107,6368.11
19791108,6390.62
19791109,6403.47
19791112,6414.82
19791113,6401.75
19791114,6414.11
19791115,6372.57
19791116,6387.11
19791119,6374.97
19791120,6363.71
19791121,6303.60
19791122,6328.56
19791126,6387.50
19791127,6407.80
19791128,6420.25
19791129,6440.84
19791130,6450.19
19791203,6475.55
19791204,6487.65
19791205,6507.65
19791206,6502.96
19791207,6461.34
19791210,6452.14
19791211,6443.98
19791212,6501.24
19791213,6493.63
19791214,6509.77
19791217,6491.25
19791218,6478.38
19791219,6477.11
19791220,6526.13
19791221,6535.94
19791225,6546.44
19791226,6531.23
19791227,6528.83
19791228,6569.47
19800104,6560.16
19800107,6552.65
19800108,6563.28
19800109,6591.83
19800110,6594.01
19800111,6615.51
19800114,6659.55
19800116,6653.26
19800117,6656.30
19800118,6649.30
19800121,6666.27
19800122,6684.59
19800123,6694.19
19800124,6746.93
19800125,6767.71
19800128,6763.61
19800129,6770.83
19800130,6776.60
19800131,6768.16
19800201,6777.64
19800204,6794.21
19800205,6765.12
19800206,6800.33
19800207,6795.62
19800208,6816.03
19800212,6828.05
19800213,6835.99
19800214,6839.86
19800215,6827.71
19800218,6756.60
19800219,6763.09
19800220,6806.01
19800221,6776.51
19800222,6783.22
19800225,6751.29
19800226,6739.43
19800227,6777.34
19800228,6743.99
19800229,6764.89
19800303,6793.56
19800304,6778.27
19800305,6794.04
19800306,6736.09
19800307,6625.18
19800310,6507.16
19800311,6535.67
19800312,6609.46
19800313,6604.39
19800314,6593.40
19800317,6562.66
19800318,6578.21
19800319,6584.76
19800320,6584.76
19800321,6571.77
19800324,6567.25
19800325,6531.26
19800326,6535.88
19800327,6481.02
19800328,6475.93
19800331,6556.19
19800401,6502.80
19800402,6562.99
19800403,6614.20
19800404,6688.64
19800407,6737.06
19800408,6682.54
19800409,6708.24
19800410,6730.51
19800411,6751.96
19800414,6808.17
19800415,6805.78
19800416,6770.37
19800417,6798.78
19800418,6811.39
19800421,6810.67
19800422,6799.01
19800423,6843.85
19800424,6830.31
19800425,6904.81
19800428,6875.66
19800430,6865.56
19800501,6865.08
19800502,6882.65
19800506,6856.08
19800507,6834.84
19800508,6757.70
19800509,6808.38
19800512,6754.94
19800513,6766.94
19800514,6747.74
19800515,6746.51
19800516,6733.00
19800519,6634.33
19800520,6707.30
19800521,6822.18
19800522,6836.89
19800523,6839.89
19800526,6831.92
19800527,6826.50
19800528,6849.05
19800529,6841.40
19800530,6855.70
19800602,6862.70
19800603,6826.18
19800604,6795.63
19800605,6821.24
19800606,6814.50
19800609,6823.04
19800610,6783.24
19800611,6826.01
19800612,6814.72
19800613,6821.81
19800616,6852.61
19800617,6798.50
19800618,6824.95
19800619,6791.88
19800620,6813.85
19800623,6860.89
19800624,6806.37
19800625,6761.25
19800626,6800.53
19800627,6825.03
19800630,6870.70
19800701,6824.35
19800702,6819.45
19800703,6863.84
19800704,6846.09
19800707,6708.49
19800708,6755.54
19800709,6789.71
19800710,6794.24
19800711,6787.96
19800714,6779.36
19800715,6793.37
19800716,6816.15
19800717,6810.41
19800718,6819.78
19800721,6842.49
19800722,6836.10
19800723,6837.47
19800724,6795.98
19800725,6810.49
19800728,6816.71
19800729,6811.38
19800730,6821.10
19800731,6819.63
19800801,6788.30
19800804,6753.40
19800805,6760.85
19800806,6739.97
19800807,6739.89
19800808,6771.52
19800811,6778.54
19800812,6801.68
19800813,6834.32
19800814,6824.00
19800815,6836.82
19800818,6835.78
19800819,6864.55
19800820,6878.76
19800821,6853.69
19800822,6886.16
19800825,6922.99
19800826,6906.05
19800827,6930.66
19800828,6879.83
19800829,6914.08
19800901,6889.54
19800902,6915.40
19800903,6927.27
19800904,6917.56
19800905,6943.69
19800908,6938.42
19800909,6937.98
19800910,6956.21
19800911,6978.89
19800912,7000.04
19800916,7020.16
19800917,7031.51
19800918,7035.84
19800919,7041.66
19800922,7046.51
19800924,6972.62
19800925,6989.84
19800926,6998.52
19800929,7060.75
19800930,7076.46
19801001,7123.08
19801002,7119.40
19801003,7142.24
19801006,7155.98
19801007,7149.91
19801008,7115.33
19801009,7130.30
19801013,7160.26
19801014,7157.80
19801015,7174.27
19801016,7151.78
19801017,7169.26
19801020,7175.33
19801021,7165.36
19801022,7143.86
19801023,7130.89
19801024,7117.07
19801027,7089.19
19801028,7088.44
19801029,7113.53
19801030,7124.78
19801031,7150.75
19801104,7149.37
19801105,7176.39
19801106,7188.28
19801107,7150.33
19801110,7166.77
19801111,7134.50
19801112,7149.85
19801113,7154.41
19801114,7159.56
19801117,7126.16
19801118,7102.48
19801119,7135.94
19801120,7126.73
19801121,7117.90
19801125,7145.43
19801126,7186.30
19801127,7172.17
19801128,7123.62
19801201,7160.29
19801202,7143.06
19801203,7141.20
19801204,7149.47
19801205,7136.60
19801208,7125.13
19801209,7115.10
19801210,7098.85
19801211,7042.41
19801212,7033.70
19801215,7042.67
19801216,7036.76
19801217,7038.10
19801218,7063.54
19801219,7060.52
19801222,7050.79
19801223,7023.57
19801224,7042.00
19801225,7031.87
19801226,7063.13
19801229,7063.13
19801230,7063.13
19810105,7150.95
19810106,7137.59
19810107,7200.77
19810108,7222.14
19810109,7248.13
19810112,7251.88
19810113,7246.80
19810114,7244.78
19810116,7255.85
19810119,7296.08
19810120,7289.98
19810121,7315.33
19810122,7293.28
19810123,7267.52
19810126,7249.42
19810127,7285.03
19810128,7279.41
19810129,7215.12
19810130,7254.01
19810202,7322.06
19810203,7291.31
19810204,7288.41
19810205,7278.44
19810206,7264.11
19810209,7239.90
19810210,7261.53
19810212,7261.49
19810213,7207.22
19810216,7165.52
19810217,7135.91
19810218,7157.00
19810219,7121.65
19810220,7100.81
19810223,7095.26
19810224,7111.23
19810225,7121.66
19810226,7120.24
19810227,7146.53
19810302,7155.58
19810303,7137.12
19810304,7134.39
19810305,7094.03
19810306,7081.19
19810309,7068.73
19810310,7059.41
19810311,7044.87
19810312,6986.39
19810313,6956.52
19810316,7124.33
19810317,7120.39
19810318,7176.67
19810319,7196.80
19810320,7220.94
19810323,7293.57
19810324,7318.19
19810325,7325.96
19810326,7307.27
19810327,7303.04
19810330,7304.69
19810331,7334.31
19810401,7389.99
19810402,7416.97
19810403,7421.19
19810406,7447.74
19810407,7458.36
19810408,7508.52
19810409,7491.82
19810410,7517.31
19810413,7536.96
19810414,7514.88
19810415,7461.20
19810416,7418.74
19810417,7438.80
19810420,7484.71
19810421,7497.36
19810422,7533.22
19810423,7523.72
19810424,7534.41
19810427,7588.03
19810428,7623.81
19810430,7674.19
19810501,7575.61
19810506,7465.30
19810507,7440.52
19810508,7495.25
19810511,7551.19
19810512,7480.24
19810513,7390.64
19810514,7467.45
19810515,7486.84
19810518,7451.89
19810519,7264.01
19810520,7371.27
19810521,7487.46
19810522,7541.02
19810525,7560.77
19810526,7576.18
19810527,7529.20
19810528,7502.03
19810529,7539.69
19810601,7589.95
19810602,7504.49
19810603,7480.58
19810604,7413.24
19810605,7430.37
19810608,7334.97
19810609,7375.27
19810610,7484.52
19810611,7569.30
19810612,7634.86
19810615,7711.73
19810616,7696.52
19810617,7705.30
19810618,7712.01
19810619,7714.57
19810622,7668.86
19810623,7705.41
19810624,7706.61
19810625,7692.84
19810626,7726.00
19810629,7851.73
19810630,7867.42
19810701,7894.93
19810702,7904.56
19810703,7925.34
19810706,7927.36
19810707,7826.47
19810708,7916.38
19810709,7895.16
19810710,7912.98
19810713,7923.86
19810714,7878.96
19810715,7853.95
19810716,7887.38
19810717,7876.89
19810720,7840.16
19810721,7756.76
19810722,7760.84
19810723,7717.07
19810724,7743.08
19810727,7816.76
19810728,7784.84
19810729,7823.56
19810730,7831.35
19810731,7828.26
19810803,7815.97
19810804,7820.06
19810805,7888.53
19810806,7906.10
19810807,7968.93
19810810,7978.47
19810811,7985.64
19810812,7938.89
19810813,7953.57
19810814,7976.40
19810817,8019.14
19810818,7949.38
19810819,7961.52
19810820,7972.96
19810821,7995.23
19810824,7917.53
19810825,7817.22
19810826,7852.29
19810827,7796.39
19810828,7726.59
19810831,7815.78
19810901,7735.71
19810902,7678.17
19810903,7678.46
19810904,7662.59
19810907,7604.17
19810908,7594.71
19810909,7629.17
19810910,7583.27
19810911,7543.45
19810914,7542.82
19810916,7506.33
19810917,7539.27
19810918,7548.57
19810921,7522.60
19810922,7492.96
19810924,7364.03
19810925,7363.06
19810928,7037.12
19810929,7357.68
19810930,7455.50
19811001,7365.91
19811002,7377.13
19811005,7499.75
19811006,7506.01
19811007,7545.88
19811008,7522.51
19811009,7516.22
19811012,7587.80
19811013,7583.17
19811014,7494.13
19811015,7352.49
19811016,7231.42
19811019,7076.65
19811020,7109.92
19811021,7253.99
19811022,7216.29
19811023,7262.19
19811026,7261.80
19811027,7280.58
19811028,7321.98
19811029,7428.25
19811030,7449.46
19811102,7539.63
19811104,7572.15
19811105,7546.50
19811106,7536.53
19811109,7516.35
19811110,7528.21
19811111,7502.58
19811112,7505.02
19811113,7569.51
19811116,7674.92
19811117,7648.60
19811118,7667.31
19811119,7655.26
19811120,7647.43
19811124,7602.69
19811125,7650.79
19811126,7664.69
19811127,7555.23
19811130,7549.33
19811201,7521.73
19811202,7566.17
19811203,7624.98
19811204,7716.13
19811207,7789.16
19811208,7752.43
19811209,7743.12
19811210,7746.91
19811211,7730.88
19811214,7654.17
19811215,7680.89
19811216,7674.65
19811217,7682.53
19811218,7669.93
19811221,7668.90
19811222,7644.57
19811223,7681.99
19811224,7662.48
19811225,7665.02
19811228,7681.84
19811229,7681.84
19811230,7681.84
19820104,7718.84
19820105,7719.34
19820106,7697.60
19820107,7691.22
19820108,7662.22
19820111,7675.26
19820112,7631.77
19820113,7635.66
19820114,7667.02
19820118,7659.34
19820119,7677.07
19820120,7717.23
19820121,7737.51
19820122,7823.36
19820125,7906.26
19820126,7863.40
19820127,7926.55
19820128,7903.85
19820129,7918.82
19820201,7909.79
19820202,7828.00
19820203,7860.94
19820204,7834.70
19820205,7801.88
19820208,7784.89
19820209,7794.19
19820210,7761.11
19820212,7690.29
19820215,7694.18
19820216,7693.92
19820217,7644.39
19820218,7683.76
19820219,7713.31
19820222,7758.36
19820223,7714.56
19820224,7664.02
19820225,7580.45
19820226,7548.51
19820301,7327.44
19820302,7309.41
19820303,7474.42
19820304,7354.82
19820305,7285.54
19820308,7248.47
19820309,7195.80
19820310,7292.91
19820311,7257.34
19820312,7102.61
19820315,7078.68
19820316,6916.99
19820317,6889.53
19820318,7052.80
19820319,7065.38
19820323,7097.80
19820324,7194.31
19820325,7175.16
19820326,7203.82
19820329,7199.16
19820330,7193.83
19820331,7260.48
19820401,7293.67
19820402,7332.96
19820405,7344.35
19820406,7293.59
19820407,7230.53
19820408,7204.65
19820409,7209.21
19820412,7280.82
19820413,7252.93
19820414,7181.53
19820415,7120.86
19820416,7129.69
19820419,7135.21
19820420,7258.15
19820421,7260.58
19820422,7295.87
19820423,7333.94
19820426,7404.21
19820427,7417.16
19820428,7405.28
19820430,7390.71
19820504,7457.11
19820506,7517.78
19820507,7518.78
19820510,7564.59
19820511,7538.12
19820512,7539.78
19820513,7603.21
19820514,7575.81
19820517,7619.39
19820518,7567.06
19820519,7572.15
19820520,7531.54
19820521,7497.05
19820524,7468.28
19820525,7428.40
19820526,7449.92
19820527,7404.36
19820528,7325.09
19820531,7325.65
19820601,7368.66
19820602,7344.90
19820603,7301.94
19820604,7300.54
19820607,7242.39
19820608,7240.03
19820609,7233.03
19820610,7152.28
19820611,7195.46
19820614,7242.58
19820615,7191.02
19820616,7142.39
19820617,7130.25
19820618,7127.70
19820621,7091.11
19820622,7127.96
19820623,7154.63
19820624,7152.58
19820625,7202.45
19820628,7204.19
19820629,7180.70
19820630,7213.87
19820701,7179.38
19820702,7084.87
19820705,7081.10
19820706,7019.56
19820707,7035.11
19820708,6961.91
19820709,6991.56
19820712,7146.69
19820713,7189.01
19820714,7155.00
19820715,7197.77
19820716,7175.89
19820719,7237.80
19820720,7212.50
19820721,7210.56
19820722,7227.37
19820723,7220.51
19820726,7203.94
19820727,7198.04
19820728,7192.59
19820729,7145.87
19820730,7122.08
19820802,7208.29
19820803,7213.41
19820804,7166.28
19820805,7092.67
19820806,7068.28
19820809,6976.17
19820810,6928.30
19820811,6885.21
19820812,6880.23
19820813,6927.69
19820816,6939.43
19820817,6864.56
19820818,6990.81
19820819,6967.78
19820820,6968.46
19820823,7053.49
19820824,7088.99
19820825,7126.60
19820826,7153.38
19820827,7185.10
19820830,7118.85
19820831,7123.38
19820901,7152.55
19820902,7125.91
19820903,7175.59
19820906,7219.33
19820907,7209.45
19820908,7189.49
19820909,7124.01
19820910,7105.03
19820913,7073.93
19820914,7096.30
19820916,7087.90
19820917,7062.51
19820920,7042.63
19820921,7040.28
19820922,7071.10
19820924,7066.04
19820927,6975.50
19820928,6940.51
19820929,6979.09
19820930,6910.73
19821001,6849.78
19821004,6942.22
19821005,6932.12
19821006,6974.35
19821007,7114.64
19821008,7361.57
19821012,7413.25
19821013,7411.58
19821014,7414.80
19821015,7373.51
19821018,7370.20
19821019,7371.65
19821020,7378.04
19821021,7319.96
19821022,7324.04
19821025,7304.92
19821026,7199.61
19821027,7269.96
19821028,7291.47
19821029,7259.15
19821101,7334.64
19821102,7395.62
19821104,7515.90
19821105,7528.96
19821108,7551.66
19821109,7576.40
19821110,7688.18
19821111,7708.32
19821112,7689.41
19821115,7762.23
19821116,7698.30
19821117,7740.10
19821118,7785.43
19821119,7854.92
19821122,7901.56
19821124,7846.77
19821125,7837.26
19821126,7890.38
19821129,7936.19
19821130,7895.62
19821201,7966.77
19821202,8001.07
19821203,7991.65
19821206,8020.53
19821207,8026.99
19821208,8004.11
19821209,7945.25
19821210,7870.85
19821213,7885.57
19821214,7913.62
19821215,7882.95
19821216,7828.92
19821217,7865.88
19821220,7858.04
19821221,7810.15
19821222,7772.32
19821223,7830.88
19821224,7904.98
19821227,8015.07
19821228,8016.67
19830104,8021.40
19830105,8066.15
19830106,8120.51
19830107,8169.29
19830110,8172.66
19830111,8079.63
19830112,8039.85
19830113,8099.06
19830114,8088.53
19830117,8082.73
19830118,8028.28
19830119,7968.68
19830120,7923.31
19830121,7989.41
19830124,7833.99
19830125,7803.18
19830126,7962.51
19830127,7942.32
19830128,8014.61
19830131,8103.47
19830201,8105.52
19830202,8108.05
19830203,7991.29
19830204,8012.64
19830207,8010.91
19830208,8027.20
19830209,7995.93
19830210,8017.56
19830214,8132.02
19830215,8135.42
19830216,8145.41
19830217,8106.27
19830218,8048.31
19830221,7987.27
19830222,7918.16
19830223,7931.65
19830224,7984.25
19830225,8056.04
19830228,8085.57
19830301,7988.85
19830302,8013.30
19830303,8005.02
19830304,8014.70
19830307,8041.16
19830308,8026.99
19830309,8008.25
19830310,8027.64
19830311,8081.44
19830314,8089.03
19830315,8111.83
19830316,8170.13
19830317,8195.14
19830318,8234.90
19830322,8281.59
19830323,8311.12
19830324,8340.08
19830325,8302.77
19830328,8387.91
19830329,8424.13
19830330,8446.61
19830331,8478.70
19830401,8469.00
19830404,8485.82
19830405,8420.34
19830406,8479.40
19830407,8442.45
19830408,8435.37
19830411,8475.19
19830412,8468.63
19830413,8480.44
19830414,8554.21
19830415,8552.16
19830418,8582.53
19830419,8541.86
19830420,8564.48
19830421,8543.06
19830422,8563.12
19830425,8596.09
19830426,8607.47
19830427,8634.79
19830428,8636.56
19830502,8704.39
19830504,8663.04
19830506,8670.64
19830509,8719.88
19830510,8667.99
19830511,8691.58
19830512,8653.90
19830513,8629.51
19830516,8591.79
19830517,8572.23
19830518,8598.84
19830519,8584.42
19830520,8561.45
19830523,8528.64
19830524,8563.51
19830525,8582.34
19830526,8626.00
19830527,8617.92
19830530,8622.35
19830531,8617.57
19830601,8549.70
19830602,8517.88
19830603,8510.98
19830606,8505.92
19830607,8475.30
19830608,8445.45
19830609,8468.12
19830610,8500.48
19830613,8598.65
19830614,8618.38
19830615,8608.33
19830616,8645.33
19830617,8702.68
19830620,8711.73
19830621,8798.62
19830622,8826.88
19830623,8813.48
19830624,8845.38
19830627,8900.04
19830628,8838.24
19830629,8844.19
19830630,8870.95
19830701,8935.66
19830704,8971.58
19830705,8928.13
19830706,8984.88
19830707,9015.76
19830708,9012.41
19830711,8968.77
19830712,8937.21
19830713,8883.60
19830714,8884.98
19830715,8900.02
19830718,8885.07
19830719,8866.66
19830720,8927.32
19830721,9019.69
19830722,8993.40
19830725,8991.93
19830726,9005.48
19830727,9062.37
19830728,9112.07
19830729,9078.75
19830801,9015.58
19830802,9040.43
19830803,9016.20
19830804,9038.61
19830805,8946.66
19830808,8960.00
19830809,8874.22
19830810,8878.48
19830811,8908.61
19830812,8920.82
19830815,9020.30
19830816,9019.07
19830817,9010.08
19830818,9089.58
19830819,9139.73
19830822,9203.75
19830823,9169.18
19830824,9147.34
19830825,9143.07
19830826,9145.54
19830829,9172.54
19830830,9195.92
19830831,9189.43
19830901,9228.35
19830902,9183.11
19830905,9252.21
19830906,9255.11
19830907,9355.66
19830908,9332.47
19830909,9304.01
19830912,9355.13
19830913,9299.33
19830914,9274.11
19830916,9195.66
19830919,9141.25
19830920,9254.15
19830921,9272.56
19830922,9280.30
19830926,9345.78
19830927,9414.15
19830928,9445.32
19830929,9432.61
19830930,9402.59
19831003,9450.10
19831004,9424.34
19831005,9491.93
19831006,9529.97
19831007,9562.48
19831011,9493.09
19831012,9563.25
19831013,9472.35
19831014,9323.63
19831017,9420.90
19831018,9349.06
19831019,9280.80
19831020,9319.55
19831021,9370.21
19831024,9260.16
19831025,9232.77
19831026,9246.55
19831027,9323.09
19831028,9321.37
19831031,9356.79
19831101,9350.91
19831102,9344.12
19831104,9341.68
19831107,9316.21
19831108,9319.26
19831109,9297.10
19831110,9244.24
19831111,9305.63
19831114,9348.52
19831115,9379.29
19831116,9430.81
19831117,9416.95
19831118,9386.68
19831121,9409.78
19831122,9416.56
19831124,9373.54
19831125,9340.85
19831128,9294.71
19831129,9256.35
19831130,9320.24
19831201,9336.60
19831202,9379.85
19831205,9445.13
19831206,9438.79
19831207,9404.99
19831208,9461.03
19831209,9448.90
19831212,9442.00
19831213,9385.56
19831214,9401.17
19831215,9462.43
19831216,9530.61
19831219,9484.17
19831220,9627.93
19831221,9717.65
19831222,9709.42
19831223,9684.17
19831226,9846.57
19831227,9883.94
19831228,9893.82
19840104,9927.11
19840105,9946.86
19840106,9961.25
19840109,10053.81
19840110,10016.21
19840111,10072.51
19840112,10104.16
19840113,10150.97
19840117,10155.57
19840118,10100.23
19840119,10098.41
19840120,10104.07
19840123,10070.98
19840124,10022.92
19840125,10115.10
19840126,10179.65
19840127,10180.95
19840130,10235.73
19840131,10196.10
19840201,10200.81
19840202,10156.29
19840203,10134.13
19840206,10121.08
19840207,10060.92
19840208,10099.59
19840209,10001.54
19840210,9959.90
19840213,9963.16
19840214,9830.47
19840215,9892.16
19840216,9897.15
19840217,9925.07
19840220,9937.83
19840221,9970.64
19840222,9947.71
19840223,9939.56
19840224,9962.87
19840227,10071.48
19840228,10073.78
19840229,10030.70
19840301,9920.27
19840302,9948.48
19840305,10088.94
19840306,10058.72
19840307,10021.20
19840308,9959.32
19840309,9997.22
19840312,10086.54
19840313,10194.76
19840314,10324.00
19840315,10346.99
19840316,10458.31
19840319,10479.80
19840321,10413.88
19840322,10455.81
19840323,10506.29
19840326,10483.73
19840327,10528.36
19840328,10700.87
19840329,10801.55
19840330,10929.17
19840402,11050.19
19840403,10933.82
19840404,11002.03
19840405,10992.93
19840406,10914.73
19840409,10890.70
19840410,10915.12
19840411,10939.44
19840412,10967.15
19840413,11015.21
19840416,11019.67
19840417,10906.40
19840418,10932.85
19840419,10783.04
19840420,10803.88
19840423,10800.78
19840424,10761.82
19840425,10866.34
19840426,10901.52
19840427,10981.68
19840501,11019.09
19840502,11105.46
19840504,11190.17
19840507,11158.96
19840508,11052.44
19840509,11060.29
19840510,10879.71
19840511,10833.87
19840514,10563.34
19840515,10604.54
19840516,10619.85
19840517,10340.51
19840518,10126.88
19840521,10164.97
19840522,10061.94
19840523,10023.46
19840524,10251.72
19840525,10142.10
19840528,10116.04
19840529,10163.97
19840530,10140.97
19840531,9940.14
19840601,9913.17
19840604,10131.66
19840605,10258.76
19840606,10254.20
19840607,10316.00
19840608,10350.93
19840611,10376.83
19840612,10324.83
19840613,10275.93
19840614,10148.73
19840615,10057.05
19840618,10082.47
19840619,10197.34
19840620,10237.22
19840621,10170.76
19840622,10152.61
19840625,10172.50
19840626,10245.08
19840627,10311.01
19840628,10372.05
19840629,10377.97
19840702,10410.87
19840703,10349.25
19840704,10375.84
19840705,10420.57
19840706,10461.91
19840709,10373.22
19840710,10386.61
19840711,10354.88
19840712,10270.16
19840713,10154.10
19840716,10177.58
19840717,10242.02
19840718,10208.25
19840719,10088.79
19840720,9945.27
19840723,9703.35
19840724,9738.96
19840725,9800.11
19840726,9932.18
19840727,10036.21
19840730,10013.60
19840731,9998.50
19840801,9948.40
19840802,10086.87
19840803,10233.61
19840806,10431.09
19840807,10313.63
19840808,10247.12
19840809,10290.36
19840810,10375.93
19840813,10389.62
19840814,10360.92
19840815,10441.50
19840816,10418.24
19840817,10449.48
19840820,10533.35
19840821,10485.97
19840822,10538.32
19840823,10545.55
19840824,10554.09
19840827,10568.72
19840828,10575.19
19840829,10579.89
19840830,10586.27
19840831,10584.20
19840903,10630.08
19840904,10609.53
19840905,10545.55
19840906,10458.49
19840907,10500.70
19840910,10471.53
19840911,10493.10
19840912,10533.54
19840913,10578.76
19840914,10621.54
19840917,10636.36
19840918,10559.15
19840919,10552.30
19840920,10521.34
19840921,10505.11
19840925,10604.84
19840926,10620.06
19840927,10643.87
19840928,10649.25
19841001,10653.79
19841002,10540.05
19841003,10587.38
19841004,10642.07
19841005,10737.58
19841008,10676.93
19841009,10668.71
19841011,10696.86
19841012,10684.58
19841015,10780.18
19841016,10757.89
19841017,10742.87
19841018,10759.87
19841019,10845.17
19841022,11077.84
19841023,11029.95
19841024,11178.63
19841025,11151.52
19841026,11155.02
19841029,11176.93
19841030,11171.55
19841031,11252.98
19841101,11169.56
19841102,11249.95
19841105,11374.08
19841106,11297.66
19841107,11178.54
19841108,11166.92
19841109,11239.28
19841112,11235.12
19841113,11265.16
19841114,11320.90
19841115,11301.62
19841116,11271.45
19841119,11284.21
19841120,11256.98
19841121,11249.69
19841122,11207.70
19841126,11162.96
19841127,11184.12
19841128,11248.08
19841129,11366.64
19841130,11428.90
19841203,11513.58
19841204,11577.44
19841205,11543.19
19841206,11559.84
19841207,11466.93
19841210,11316.87
19841211,11250.83
19841212,11382.34
19841213,11340.05
19841214,11419.15
19841217,11455.67
19841218,11460.21
19841219,11558.43
19841220,11514.15
19841221,11474.31
19841224,11439.87
19841225,11492.29
19841226,11494.59
19841227,11513.57
19841228,11542.60
19850102,11543.00
19850104,11558.06
19850107,11575.52
19850108,11679.79
19850109,11763.57
19850110,11824.38
19850111,11812.24
19850114,11823.91
19850116,11933.02
19850117,11887.19
19850118,11910.06
19850121,11964.52
19850122,11868.12
19850123,11859.01
19850124,11856.36
19850125,11785.10
19850128,11798.86
19850129,11843.07
19850130,11960.63
19850131,11992.31
19850201,11946.96
19850204,11891.08
19850205,11823.43
19850206,11867.17
19850207,11940.80
19850208,12009.01
19850212,12027.89
19850213,12025.71
19850214,12081.69
19850215,12148.29
19850218,12149.15
19850219,12156.64
19850220,12152.37
19850221,12128.46
19850222,12147.06
19850225,12201.04
19850226,12194.97
19850227,12287.38
19850228,12321.92
19850301,12412.14
19850304,12509.01
19850305,12476.38
19850306,12498.67
19850307,12414.80
19850308,12347.53
19850311,12263.85
19850312,12296.87
19850313,12419.26
19850314,12405.03
19850315,12468.03
19850318,12506.64
19850319,12477.99
19850320,12541.37
19850322,12542.60
19850325,12493.26
19850326,12486.15
19850327,12550.82
19850328,12604.02
19850329,12580.76
19850401,12677.15
19850402,12629.86
19850403,12683.26
19850404,12627.10
19850405,12544.24
19850408,12635.96
19850409,12630.43
19850410,12601.93
19850411,12573.80
19850412,12588.01
19850415,12552.73
19850416,12207.28
19850417,12302.06
19850418,12052.82
19850419,12114.80
19850422,12179.92
19850423,12124.14
19850424,12217.77
19850425,12333.87
19850426,12405.10
19850430,12426.29
19850501,12456.65
19850502,12451.79
19850507,12506.30
19850508,12521.20
19850509,12474.51
19850510,12527.31
19850513,12541.53
19850514,12504.20
19850515,12358.03
19850516,12369.30
19850517,12419.99
19850520,12559.10
19850521,12650.37
19850522,12673.57
19850523,12649.13
19850524,12593.85
19850527,12642.73
19850528,12694.93
19850529,12767.17
19850530,12790.27
19850531,12758.46
19850603,12473.41
19850604,12583.31
19850605,12693.21
19850606,12716.11
19850607,12716.59
19850610,12683.34
19850611,12758.93
19850612,12748.01
19850613,12717.16
19850614,12685.25
19850617,12769.28
19850618,12741.11
19850619,12773.59
19850620,12677.97
19850621,12634.76
19850624,12765.93
19850625,12837.02
19850626,12910.29
19850627,12841.60
19850628,12882.09
19850701,12919.03
19850702,12913.75
19850703,12924.30
19850704,12969.59
19850705,12963.35
19850708,13029.65
19850709,13021.01
19850710,13012.09
19850711,12858.10
19850712,12839.49
19850715,12598.77
19850716,12698.26
19850717,12846.49
19850718,12852.54
19850719,12788.54
19850722,12771.66
19850723,12762.83
19850724,12777.03
19850725,12647.03
19850726,12648.09
19850729,12591.42
19850730,12269.89
19850731,12232.27
19850801,12538.34
19850802,12525.96
19850805,12450.62
19850806,12437.28
19850807,12421.15
19850808,12386.03
19850809,12401.19
19850812,12372.88
19850813,12326.71
19850814,12419.64
19850815,12484.02
19850816,12583.08
19850819,12640.05
19850820,12634.05
19850821,12704.81
19850822,12734.05
19850823,12691.41
19850826,12651.77
19850827,12691.41
19850828,12685.50
19850829,12728.80
19850830,12713.15
19850902,12726.64
19850903,12630.96
19850904,12529.47
19850905,12491.80
19850906,12453.85
19850909,12455.72
19850910,12519.54
19850911,12625.25
19850912,12603.04
19850913,12585.70
19850917,12591.51
19850918,12529.66
19850919,12564.99
19850920,12666.95
19850924,12755.60
19850925,12704.81
19850926,12689.50
19850927,12639.00
19850930,12700.11
19851001,12685.36
19851002,12720.50
19851003,12700.86
19851004,12713.83
19851007,12792.00
19851008,12835.21
19851009,12857.20
19851011,12949.92
19851014,13017.29
19851015,13055.52
19851016,13036.56
19851017,13021.14
19851018,12973.22
19851021,13023.21
19851022,13001.69
19851023,12946.53
19851024,12969.08
19851025,12854.99
19851028,12937.04
19851029,12913.92
19851030,12908.66
19851031,12936.47
19851101,12808.10
19851105,12820.69
19851106,12892.40
19851107,12851.24
19851108,12851.05
19851111,12821.26
19851112,12735.08
19851113,12716.29
19851114,12589.51
19851115,12637.44
19851118,12700.31
19851119,12607.27
19851120,12642.89
19851121,12697.02
19851122,12759.33
19851125,12783.39
19851126,12783.10
19851127,12777.84
19851128,12741.19
19851129,12763.27
19851202,12796.92
19851203,12774.55
19851204,12811.20
19851205,12864.11
19851206,12793.53
19851209,12798.23
19851210,12850.95
19851211,12972.00
19851212,13050.28
19851213,13107.98
19851216,13117.85
19851217,13128.94
19851218,13102.34
19851219,13115.03
19851220,13011.09
19851223,13043.04
19851224,13010.71
19851225,13097.83
19851226,13084.59
19851227,13083.18
19860106,13053.79
19860107,12991.24
19860108,13056.42
19860109,13034.19
19860110,12998.21
19860113,12977.02
19860114,12928.60
19860116,13027.13
19860117,13009.70
19860120,12952.05
19860121,12881.50
19860122,12923.32
19860123,12888.94
19860124,12904.20
19860127,12983.14
19860128,12993.69
19860129,12957.14
19860130,12949.04
19860131,13024.30
19860203,13086.47
19860204,13138.09
19860205,13185.66
19860206,13186.61
19860207,13212.13
19860210,13226.07
19860212,13300.58
19860213,13293.80
19860214,13342.78
19860217,13447.91
19860218,13436.23
19860219,13466.65
19860220,13355.41
19860221,13394.31
19860224,13503.49
19860225,13576.30
19860226,13621.70
19860227,13642.14
19860228,13640.83
19860303,13757.63
19860304,13784.29
19860305,13807.46
19860306,13901.56
19860307,13994.63
19860310,14056.52
19860311,14066.22
19860312,14238.13
19860313,14414.66
19860314,14516.77
19860317,14655.52
19860318,14639.32
19860319,14476.54
19860320,14753.30
19860321,15014.00
19860324,14975.23
19860325,14826.87
19860326,15059.72
19860327,15337.18
19860328,15364.34
19860331,15859.75
19860401,15745.87
19860402,15555.51
19860403,15272.24
19860404,15019.81
19860407,15061.98
19860408,15014.06
19860409,15110.18
19860410,15203.57
19860411,15326.38
19860414,15396.76
19860415,15352.33
19860416,15358.36
19860417,15486.84
19860418,15758.61
19860421,15827.28
19860422,15712.91
19860423,15748.02
19860424,15682.05
19860425,15689.88
19860428,15757.93
19860430,15825.50
19860501,15782.65
19860502,15868.44
19860506,15900.15
19860507,15953.85
19860508,16078.24
19860509,16194.98
19860512,16105.23
19860513,15982.26
19860514,15943.75
19860515,15924.69
19860516,15739.05
19860519,15697.53
19860520,15689.98
19860521,15808.14
19860522,15917.33
19860523,16204.98
19860526,16409.49
19860527,16467.35
19860528,16553.39
19860529,16610.61
19860530,16670.77
19860602,16739.27
19860603,16669.54
19860604,16802.75
19860605,16810.99
19860606,16817.91
19860609,17008.34
19860610,16967.69
19860611,17096.45
19860612,17131.22
19860613,17205.97
19860616,17185.60
19860617,17075.89
19860618,17177.07
19860619,17277.59
19860620,17403.13
19860623,17457.89
19860624,17342.40
19860625,17516.63
19860626,17600.95
19860627,17500.43
19860630,17654.19
19860701,17622.74
19860702,17669.92
19860703,17691.80
19860704,17597.73
19860707,17714.07
19860708,17734.15
19860709,17506.11
19860710,17469.82
19860711,17670.77
19860714,17820.56
19860715,17882.80
19860716,17700.90
19860717,17725.63
19860718,17838.84
19860721,17522.22
19860722,17639.32
19860723,17860.07
19860724,18026.24
19860725,18050.59
19860728,18038.94
19860729,17728.94
19860730,17799.05
19860731,17509.71
19860801,17321.93
19860804,17263.10
19860805,17414.78
19860806,17353.48
19860807,17422.36
19860808,17435.53
19860811,17479.11
19860812,17794.69
19860813,18000.76
19860814,18264.71
19860815,18376.41
19860818,18597.44
19860819,18792.61
19860820,18936.24
19860821,18675.60
19860822,18441.31
19860825,18565.61
19860826,18640.83
19860827,18503.27
19860828,18367.98
19860829,18533.68
19860901,18820.75
19860902,18694.93
19860903,18505.45
19860904,18559.64
19860905,18775.08
19860908,18552.25
19860909,18474.09
19860910,18619.33
19860911,18561.25
19860912,18100.52
19860915,18554.00
19860916,17463.19
19860917,17336.62
19860918,17478.35
19860919,17523.45
19860922,17706.30
19860923,17527.00
19860924,17955.76
19860925,17988.35
19860926,17960.98
19860929,18106.31
19860930,17852.86
19861001,17564.39
19861002,17019.13
19861003,17240.22
19861006,17435.33
19861007,17604.36
19861008,17514.80
19861009,17650.23
19861013,17338.73
19861014,17318.07
19861015,16970.12
19861016,16871.89
19861017,16701.34
19861020,16523.37
19861021,16205.77
19861022,15819.55
19861023,16308.27
19861024,16284.00
19861027,16157.80
19861028,16397.83
19861029,16505.38
19861030,17010.95
19861031,16910.63
19861104,16786.90
19861105,16713.71
19861106,16758.35
19861107,16973.64
19861110,17053.20
19861111,17300.56
19861112,17447.89
19861113,17438.47
19861114,17390.50
19861117,17208.15
19861118,17273.53
19861119,17283.81
19861120,17304.56
19861121,17489.58
19861125,17747.50
19861126,17727.91
19861127,17883.66
19861128,18083.02
19861201,18307.98
19861202,18190.97
19861203,18455.06
19861204,18623.95
19861205,18637.47
19861208,18710.68
19861209,18602.72
19861210,18776.18
19861211,18731.25
19861212,18830.64
19861215,18788.94
19861216,18933.07
19861217,18847.77
19861218,18723.72
19861219,18930.03
19861222,18825.40
19861223,18808.55
19861224,18902.85
19861225,18774.26
19861226,18820.65
19870105,18820.55
19870106,18936.76
19870107,18842.37
19870108,18778.74
19870109,18810.36
19870112,18669.02
19870113,18544.05
19870114,18784.27
19870116,19149.63
19870119,19188.68
19870120,19216.12
19870121,19429.18
19870122,19380.51
19870123,19456.61
19870126,19554.72
19870127,19686.83
19870128,19789.93
19870129,19921.05
19870130,20048.35
19870202,20072.09
19870203,19956.33
19870204,19973.87
19870205,19795.08
19870206,19668.83
19870209,19679.32
19870210,19813.96
19870212,19874.89
19870213,19628.87
19870216,19531.52
19870217,19637.93
19870218,19881.76
19870219,20228.09
19870220,20080.39
19870223,19940.50
19870224,20076.48
19870225,20186.33
19870226,20453.90
19870227,20421.66
19870302,20933.82
19870303,20971.39
19870304,21031.66
19870305,21176.03
19870306,21105.85
19870309,21166.40
19870310,21214.46
19870311,21312.96
19870312,21470.20
19870313,21497.95
19870316,21415.37
19870317,21514.73
19870318,21705.06
19870319,21644.32
19870320,21657.67
19870323,21588.25
19870324,21435.30
19870325,21472.97
19870326,21558.79
19870327,22026.66
19870330,21627.57
19870331,21566.66
19870401,22040.18
19870402,22367.72
19870403,22410.85
19870406,22586.11
19870407,22784.65
19870408,22912.99
19870409,22922.20
19870410,23216.59
19870413,22919.54
19870414,23524.08
19870415,23510.69
19870416,23868.43
19870417,23938.35
19870420,23895.22
19870421,23886.10
19870422,24097.79
19870423,24024.61
19870424,24006.37
19870427,23072.41
19870428,22889.86
19870430,23274.83
19870501,23680.89
19870506,23918.56
19870507,24207.55
19870508,24589.23
19870511,24608.22
19870512,24535.85
19870513,24363.19
19870514,24651.44
19870515,24729.03
19870518,24298.98
19870519,24077.88
19870520,23419.60
19870521,23754.01
19870522,24156.71
19870525,24582.77
19870526,24580.87
19870527,24539.75
19870528,24433.65
19870529,24772.39
19870601,24992.78
19870602,24902.63
19870603,25049.40
19870604,25366.11
19870605,25271.30
19870608,25523.89
19870609,25379.88
19870610,25738.96
19870611,25890.95
19870612,25894.27
19870615,25756.44
19870616,25738.86
19870617,25929.42
19870618,25750.55
19870619,25288.12
19870622,24640.35
19870623,24794.91
19870624,24892.75
19870625,25031.35
19870626,25049.83
19870629,24509.41
19870630,24176.40
19870701,24252.38
19870702,24636.46
19870703,24465.48
19870706,23870.86
19870707,23816.09
19870708,23472.42
19870709,23755.90
19870710,24102.99
19870713,24118.01
19870714,23931.53
19870715,23969.76
19870716,24003.61
19870717,23983.45
19870720,23328.64
19870721,23078.36
19870722,22702.74
19870723,23036.52
19870724,23942.94
19870727,24104.98
19870728,24385.82
19870729,24427.12
19870730,24510.37
19870731,24488.11
19870803,24483.82
19870804,24172.60
19870805,24297.15
19870806,24658.23
19870807,24800.95
19870810,25119.70
19870811,25282.97
19870812,25560.23
19870813,25575.74
19870814,25494.01
19870817,25378.88
19870818,25344.34
19870819,25231.59
19870820,25396.57
19870821,25559.18
19870824,25754.33
19870825,25643.39
19870826,25875.74
19870827,25968.78
19870828,25974.96
19870831,26029.22
19870901,26118.42
19870902,25946.60
19870903,25649.88
19870904,25744.03
19870907,25004.09
19870908,25204.09
19870909,24937.93
19870910,24795.24
19870911,24828.27
19870914,24954.02
19870916,24967.73
19870917,24855.31
19870918,24844.84
19870921,24912.42
19870922,24866.06
19870924,24944.88
19870925,25095.86
19870928,25837.34
19870929,25998.00
19870930,26010.88
19871001,25721.74
19871002,25862.45
19871005,26018.33
19871006,26088.97
19871007,25952.27
19871008,26286.75
19871009,26338.77
19871012,26284.65
19871013,26400.63
19871014,26646.43
19871015,26428.22
19871016,26366.74
19871019,25746.56
19871020,21910.08
19871021,23947.40
19871022,24404.45
19871023,23201.22
19871026,22202.56
19871027,22834.96
19871028,22577.53
19871029,22033.89
19871030,22765.04
19871102,23358.60
19871104,23060.53
19871105,22629.65
19871106,22795.02
19871109,22418.37
19871110,21686.46
19871111,21036.76
19871112,21546.50
19871113,22448.25
19871116,22615.43
19871117,22344.28
19871118,22734.49
19871119,22668.80
19871120,22705.56
19871124,22856.02
19871125,23219.69
19871126,23282.18
19871127,23268.62
19871130,22686.78
19871201,22832.89
19871202,22915.49
19871203,22808.16
19871204,22602.75
19871207,22586.52
19871208,22948.34
19871209,22885.70
19871210,23280.84
19871211,23035.81
19871214,22926.28
19871215,22846.73
19871216,22819.42
19871217,22899.83
19871218,22826.97
19871221,22956.84
19871222,22741.02
19871223,22693.85
19871224,22543.37
19871225,22120.94
19871228,21564.00
19880104,21217.04
19880105,21575.28
19880106,22790.50
19880107,22792.13
19880108,22872.56
19880111,22578.43
19880112,22625.05
19880113,22324.99
19880114,22603.65
19880118,22910.20
19880119,22898.17
19880120,22843.14
19880121,22710.26
19880122,22876.58
19880125,23318.40
19880126,23498.76
19880127,23335.91
19880128,23587.25
19880129,23622.32
19880201,23732.32
19880202,23672.21
19880203,23595.37
19880204,23709.10
19880205,23650.80
19880208,23771.60
19880209,23662.27
19880210,23771.88
19880212,23981.94
19880215,24207.47
19880216,24345.66
19880217,24429.95
19880218,24675.36
19880219,24773.41
19880222,24846.71
19880223,24949.45
19880224,24968.65
19880225,25100.66
19880226,25165.18
19880229,25242.81
19880301,25435.90
19880302,25682.82
19880303,25596.31
19880304,25615.62
19880307,25616.58
19880308,25465.73
19880309,25605.39
19880310,25617.82
19880311,25543.73
19880314,25433.51
19880315,25475.67
19880316,25704.43
19880317,25872.29
19880318,25966.26
19880322,25842.75
19880323,25895.23
19880324,25781.28
19880325,25626.71
19880328,25622.71
19880329,25953.09
19880330,26320.07
19880331,26260.26
19880401,26104.22
19880404,26335.29
19880405,26315.35
19880406,26511.17
19880407,26769.22
19880408,26748.89
19880411,26924.87
19880412,26930.84
19880413,26985.55
19880414,27111.35
19880415,26893.57
19880418,26671.45
19880419,26657.00
19880420,26864.09
19880421,26828.16
19880422,26837.12
19880425,27213.45
19880426,27246.77
19880427,27191.97
19880428,27434.12
19880502,27669.72
19880506,27534.39
19880509,27264.30
19880510,27412.25
19880511,27161.05
19880512,27212.58
19880513,27468.31
19880516,27759.87
19880517,27819.98
19880518,27767.58
19880519,27373.24
19880520,27393.85
19880523,27249.76
19880524,27312.66
19880525,27443.65
19880526,27428.24
19880527,27290.49
19880530,27223.10
19880531,27416.70
19880601,27703.91
19880602,27869.36
19880603,27821.54
19880606,27996.24
19880607,27967.32
19880608,27912.65
19880609,28072.02
19880610,27920.36
19880613,28036.54
19880614,28061.80
19880615,28093.52
19880616,28147.32
19880617,28342.46
19880620,28139.03
19880621,27925.57
19880622,27860.78
19880623,27732.93
19880624,27750.39
19880627,27435.01
19880628,27398.09
19880629,27607.33
19880630,27769.40
19880701,27503.53
19880704,27360.39
19880705,27577.17
19880706,27766.60
19880707,27728.13
19880708,27917.08
19880711,27985.99
19880712,28099.84
19880713,28020.10
19880714,28084.08
19880715,27913.79
19880718,27662.12
19880719,27149.03
19880720,27553.98
19880721,27676.14
19880722,27285.01
19880725,27183.53
19880726,27303.76
19880727,27738.57
19880728,27796.09
19880729,27911.63
19880801,28326.31
19880802,28366.33
19880803,28348.45
19880804,28292.66
19880805,28423.38
19880808,28253.12
19880809,28170.36
19880810,27554.87
19880811,27784.98
19880812,27833.51
19880815,27901.29
19880816,27896.55
19880817,28178.86
19880818,28129.36
19880819,28209.42
19880822,28079.18
19880823,27919.95
19880824,27799.67
19880825,27870.44
19880826,27565.41
19880829,27379.10
19880830,27511.65
19880831,27365.95
19880901,26934.26
19880902,27116.50
19880905,27341.58
19880906,27320.51
19880907,27504.01
19880908,27740.11
19880909,27647.10
19880912,27756.74
19880913,27794.16
19880914,27805.67
19880916,27866.38
19880919,27901.00
19880920,27548.58
19880921,27712.66
19880922,27428.31
19880926,27333.75
19880927,27499.56
19880928,27752.01
19880929,27700.13
19880930,27923.67
19881003,27545.53
19881004,27501.02
19881005,27405.49
19881006,27172.34
19881007,27258.27
19881011,27469.60
19881012,27409.37
19881013,27273.30
19881014,27306.57
19881017,27268.74
19881018,27141.98
19881019,27293.67
19881020,27390.55
19881021,27401.42
19881024,27281.54
19881025,27421.49
19881026,27620.60
19881027,27722.92
19881028,27741.34
19881031,27982.54
19881101,28013.67
19881102,27985.26
19881104,27953.25
19881107,27866.36
19881108,28007.27
19881109,28212.78
19881110,28166.42
19881111,28489.57
19881114,28520.90
19881115,28829.41
19881116,28996.12
19881117,29076.81
19881118,29180.20
19881121,29284.26
19881122,29430.12
19881124,29340.03
19881125,29406.65
19881128,28983.32
19881129,29318.30
19881130,29578.90
19881201,29541.46
19881202,29532.25
19881205,29614.68
19881206,29669.38
19881207,30050.82
19881208,29758.90
19881209,29793.42
19881212,29672.29
19881213,29597.81
19881214,29754.73
19881215,29705.75
19881216,29536.71
19881219,29470.08
19881220,29567.94
19881221,29698.19
19881222,29774.61
19881223,29686.26
19881226,29868.01
19881227,30050.93
19881228,30159.00
19890104,30243.66
19890105,30183.79
19890106,30209.54
19890109,30678.39
19890110,31006.51
19890111,31143.45
19890112,31143.45
19890113,31298.38
19890117,31227.52
19890118,31354.55
19890119,31311.40
19890120,31170.38
19890123,31332.88
19890124,31557.68
19890125,31567.79
19890126,31511.81
19890127,31646.13
19890130,31567.50
19890131,31581.30
19890201,31360.68
19890202,31498.30
19890203,31685.78
19890206,31828.75
19890207,31880.65
19890208,32065.12
19890209,32078.43
19890210,32131.99
19890213,31985.32
19890214,31982.89
19890215,32149.48
19890216,32083.58
19890217,32173.39
19890220,32177.08
19890221,31980.08
19890222,32311.93
19890223,32452.49
19890227,32285.77
19890228,31985.60
19890301,31964.30
19890302,32073.73
19890303,32000.10
19890306,31876.86
19890307,31937.94
19890308,31837.66
19890309,31656.45
19890310,31701.78
19890313,31552.96
19890314,31724.35
19890315,32100.48
19890316,32098.24
19890317,32021.01
19890320,31654.80
19890322,31443.24
19890323,31588.66
19890324,31568.52
19890327,31512.40
19890328,32306.36
19890329,32737.28
19890330,32826.13
19890331,32838.68
19890403,33042.07
19890404,33312.25
19890405,33360.79
19890406,32995.78
19890407,33185.05
19890410,32999.02
19890411,33249.58
19890412,33256.45
19890413,33063.94
19890414,33150.44
19890417,33308.33
19890418,33321.66
19890419,33363.83
19890420,33185.15
19890421,33029.81
19890424,32805.92
19890425,33244.78
19890426,33434.93
19890427,33500.83
19890428,33713.35
19890501,33793.17
19890502,33954.99
19890508,34135.24
19890509,34031.87
19890510,33992.35
19890511,34081.49
19890512,33866.33
19890515,33716.29
19890516,33926.45
19890517,33992.45
19890518,33856.33
19890519,34001.96
19890522,34067.86
19890523,33816.61
19890524,33851.82
19890525,34005.39
19890526,34191.62
19890529,34160.83
19890530,34076.89
19890531,34266.75
19890601,33981.35
19890602,33667.42
19890605,33457.08
19890606,33452.01
19890607,33626.89
19890608,33718.29
19890609,33639.98
19890612,33398.01
19890613,33213.55
19890614,33402.99
19890615,32913.09
19890616,33055.17
19890619,33013.18
19890620,33233.47
19890621,33345.28
19890622,33324.97
19890623,33530.71
19890626,33625.82
19890627,33469.21
19890628,33245.60
19890629,32956.31
19890630,32948.69
19890703,33236.42
19890704,33190.38
19890705,33309.71
19890706,33423.48
19890707,33703.97
19890710,33676.02
19890711,33746.77
19890712,33701.52
19890713,33631.16
19890714,33574.77
19890717,33456.22
19890718,33343.73
19890719,33557.17
19890720,33664.87
19890721,33899.43
19890724,34093.33
19890725,34538.90
19890726,34515.83
19890727,34785.28
19890728,34705.63
19890731,34953.87
19890801,34898.46
19890802,34899.34
19890803,34779.81
19890804,34741.99
19890807,34630.38
19890808,34759.48
19890809,34859.27
19890810,34719.80
19890811,34712.96
19890814,34671.62
19890815,34810.69
19890816,35084.15
19890817,35090.11
19890818,35063.14
19890821,35140.83
19890822,35114.35
19890823,34893.28
19890824,34786.55
19890825,34739.93
19890828,34607.41
19890829,34687.65
19890830,34471.66
19890831,34431.20
19890901,34348.22
19890904,34483.78
19890905,34441.95
19890906,34271.31
19890907,34152.56
19890908,34115.81
19890911,34113.66
19890912,34332.88
19890913,34286.94
19890914,34401.88
19890918,34472.54
19890919,34471.07
19890920,34470.58
19890921,34745.02
19890922,34771.79
19890925,34960.71
19890926,35444.82
19890927,35370.57
19890928,35689.98
19890929,35636.76
19891002,35622.97
19891003,35366.37
19891004,35382.80
19891005,35522.99
19891006,35209.35
19891009,35376.35
19891011,35240.07
19891012,34795.05
19891013,35116.02
19891016,34468.69
19891017,34996.08
19891018,35107.56
19891019,35374.22
19891020,35486.38
19891023,35585.52
19891024,35526.55
19891025,35442.40
19891026,35678.49
19891027,35527.29
19891030,35417.44
19891031,35549.44
19891101,35564.43
19891102,35494.86
19891106,35434.00
19891107,35270.46
19891108,35595.59
19891109,35657.42
19891110,35663.20
19891113,35750.12
19891114,35768.64
19891115,35852.23
19891116,35876.34
19891117,35963.74
19891120,35893.58
19891121,36059.87
19891122,36286.92
19891124,36484.47
19891127,36881.53
19891128,36985.30
19891129,37021.46
19891130,37268.79
19891201,37132.68
19891204,37303.87
19891205,37494.17
19891206,37654.29
19891207,37858.11
19891208,37724.06
19891211,37752.67
19891212,37803.53
19891213,38062.42
19891214,38180.70
19891215,38271.04
19891218,38586.18
19891219,38439.10
19891220,38512.00
19891221,38215.48
19891222,38040.37
19891225,38423.62
19891226,38681.31
19891227,38801.63
19891228,38876.94
19891229,38915.87
19900104,38712.88
19900105,38274.76
19900108,38294.96
19900109,37951.46
19900110,37696.51
19900111,38170.13
19900112,37516.77
19900116,36850.36
19900117,36821.14
19900118,36729.46
19900119,36836.54
19900122,37257.01
19900123,37378.02
19900124,36778.98
19900125,36969.11
19900126,36874.07
19900129,37173.70
19900130,37215.67
19900131,37188.95
19900201,37206.42
19900202,37650.15
19900205,37631.41
19900206,37666.83
19900207,37301.87
19900208,37516.24
19900209,37288.14
19900213,37107.03
19900214,37155.89
19900215,37471.99
19900216,37460.32
19900219,37222.60
19900220,36895.52
19900221,35734.33
19900222,35826.84
19900223,34890.97
19900226,33321.87
19900227,33897.95
19900228,34591.99
19900301,33829.58
19900302,34057.56
19900305,33845.20
19900306,33791.08
19900307,33362.34
19900308,33690.89
19900309,33993.12
19900312,33368.23
19900313,32620.57
19900314,32352.13
19900315,32671.64
19900316,32616.44
19900319,31263.24
19900320,30807.19
19900322,29843.34
19900323,30372.16
19900326,31840.49
19900327,31825.96
19900328,31263.57
19900329,31026.16
19900330,29980.45
19900402,28002.07
19900403,28759.72
19900404,28442.94
19900405,28249.06
19900406,29278.78
19900409,30397.93
19900410,29624.68
19900411,29440.28
19900412,29623.20
19900413,29213.92
19900416,28463.18
19900417,28461.60
19900418,29249.06
19900419,29945.41
19900420,29835.44
19900423,29679.07
19900424,29501.38
19900425,29564.36
19900426,29424.58
19900427,29584.80
19900501,29689.83
19900502,30173.64
19900507,30956.27
19900508,30970.58
19900509,30945.61
19900510,30980.26
19900511,31512.14
19900514,32042.65
19900515,31997.04
19900516,31967.62
19900517,32061.60
19900518,32013.72
19900521,31765.05
19900522,31938.30
19900523,32176.51
19900524,32311.75
19900525,32793.88
19900528,33191.61
19900529,32817.67
19900530,32926.26
19900531,33130.80
19900601,32891.12
19900604,32925.37
19900605,32921.62
19900606,32953.50
19900607,33192.50
19900608,32993.29
19900611,32540.18
19900612,32322.31
19900613,32371.77
19900614,32668.11
19900615,32538.40
19900618,32376.80
19900619,32040.38
19900620,32087.76
19900621,32087.27
19900622,31694.57
19900625,31124.19
19900626,31571.77
19900627,32312.75
19900628,32106.19
19900629,31940.24
19900702,32160.23
19900703,32414.60
19900704,32445.92
19900705,32351.67
19900706,32445.12
19900709,32538.28
19900710,32152.43
19900711,32294.18
19900712,32575.32
19900713,32644.37
19900716,33021.73
19900717,33172.28
19900718,33048.11
19900719,33055.62
19900720,32421.52
19900723,31894.79
19900724,31702.46
19900725,31701.27
19900726,31369.75
19900727,30863.48
19900730,30442.95
19900731,31035.66
19900801,30837.99
19900802,30245.18
19900803,29515.76
19900806,28599.53
19900807,27653.07
19900808,28509.14
19900809,27615.73
19900810,27329.55
19900813,26176.43
19900814,26672.53
19900815,28112.12
19900816,27549.44
19900817,26786.72
19900820,26490.47
19900821,26297.84
19900822,25210.91
19900823,23737.63
19900824,24165.76
19900827,25141.76
19900828,25710.76
19900829,24894.79
19900830,25669.96
19900831,25978.37
19900903,25420.43
19900904,24907.64
19900905,24078.34
19900906,23811.91
19900907,23962.07
19900910,25080.90
19900911,24604.66
19900912,25216.14
19900913,25075.08
19900914,24897.46
19900917,24365.60
19900918,23884.82
19900919,23726.17
19900920,23602.98
19900921,23777.83
19900925,23359.32
19900926,22250.62
19900927,21771.91
19900928,20983.50
19901001,20221.86
19901002,22898.41
19901003,22849.39
19901004,22278.19
19901005,22827.65
19901008,23630.00
19901009,23495.11
19901011,22585.63
19901012,22390.16
19901015,23109.20
19901016,23606.10
19901017,23859.36
19901018,24367.08
19901019,24481.49
19901022,25070.86
19901023,25298.30
19901024,24876.88
19901025,25352.63
19901026,25005.64
19901029,25329.31
19901030,25242.40
19901031,25194.10
19901101,24295.16
19901102,24194.99
19901105,24385.33
19901106,23965.75
19901107,23500.25
19901108,22969.81
19901109,22931.80
19901113,23973.67
19901114,23937.44
19901115,23487.48
19901116,23171.63
19901119,23518.16
19901120,23205.48
19901121,22816.99
19901122,23400.28
19901126,23762.86
19901127,23623.51
19901128,23053.88
19901129,22712.60
19901130,22454.63
19901203,22725.99
19901204,21862.61
19901205,22193.72
19901206,22553.10
19901207,23522.49
19901210,23784.67
19901211,23956.97
19901212,23999.41
19901213,24642.97
19901214,24349.50
19901217,24087.91
19901218,24424.02
19901219,24876.78
19901220,24524.94
19901221,24119.60
19901225,23767.88
19901226,23887.56
19901227,23940.70
19901228,23848.71
19910104,24069.18
19910107,23736.57
19910108,22897.84
19910109,22969.27
19910110,23047.36
19910111,23241.02
19910114,23213.23
19910116,22442.70
19910117,23446.81
19910118,23808.30
19910121,23352.19
19910122,23253.65
19910123,23050.10
19910124,23269.01
19910125,23573.25
19910128,23569.44
19910129,23460.12
19910130,23409.61
19910131,23293.14
19910201,23156.70
19910204,23287.36
19910205,23821.57
19910206,23952.04
19910207,24104.43
19910208,24296.08
19910212,24935.01
19910213,25139.47
19910214,25356.37
19910215,25343.74
19910218,26230.01
19910219,26166.98
19910220,26198.79
19910221,26024.37
19910222,25902.81
19910225,26462.76
19910226,26282.96
19910227,26094.25
19910228,26409.22
19910301,25881.57
19910304,25976.02
19910305,25913.48
19910306,26382.99
19910307,26397.96
19910308,26607.52
19910311,26669.37
19910312,26727.42
19910313,26418.32
19910314,26542.33
19910315,26843.10
19910318,27146.91
19910319,27006.66
19910320,26449.35
19910322,26613.19
19910325,26645.79
19910326,26339.38
19910327,26104.65
19910328,26206.92
19910329,26292.04
19910401,26007.40
19910402,26252.00
19910403,26780.06
19910404,26689.81
19910405,26767.33
19910408,26607.65
19910409,26317.39
19910410,26268.86
19910411,26425.19
19910412,26582.50
19910415,26695.53
19910416,26813.30
19910417,26980.37
19910418,26798.90
19910419,26541.97
19910422,26237.01
19910423,26491.57
19910424,26330.21
19910425,26038.86
19910426,26123.68
19910430,26111.25
19910501,26489.00
19910502,26477.86
19910507,26342.14
19910508,26309.79
19910509,26438.50
19910510,26274.29
19910513,26093.20
19910514,26030.08
19910515,25822.47
19910516,25520.27
19910517,25701.94
19910520,25523.03
19910521,25481.21
19910522,25398.66
19910523,25643.65
19910524,25529.14
19910527,25425.88
19910528,25390.67
19910529,25495.41
19910530,25647.40
19910531,25789.62
19910603,25912.61
19910604,25556.86
19910605,25289.57
19910606,24984.12
19910607,25035.11
19910610,24598.38
19910611,24662.59
19910612,24482.69
19910613,24808.17
19910614,25093.89
19910617,24943.09
19910618,24685.47
19910619,23996.75
19910620,24082.26
19910621,24275.08
19910624,23765.46
19910625,23907.42
19910626,23766.38
19910627,23543.03
19910628,23290.96
19910701,24108.76
19910702,23995.76
19910703,23373.47
19910704,23135.61
19910705,22898.34
19910708,22176.17
19910709,22608.96
19910710,23121.30
19910711,22937.92
19910712,23137.78
19910715,23459.04
19910716,23375.15
19910717,23060.70
19910718,22908.71
19910719,22866.36
19910722,22705.29
19910723,22758.98
19910724,23297.47
19910725,23332.71
19910726,23519.07
19910729,23443.58
19910730,23872.63
19910731,24120.75
19910801,24072.73
19910802,24027.97
19910805,23833.25
19910806,23464.96
19910807,23691.02
19910808,23482.46
19910809,23434.62
19910812,22985.67
19910813,22872.00
19910814,23393.30
19910815,23018.68
19910816,22814.37
19910819,21456.76
19910820,21687.06
19910821,22051.60
19910822,22515.77
19910823,22065.34
19910826,21592.27
19910827,21641.30
19910828,21621.63
19910829,22002.17
19910830,22335.87
19910902,22469.01
19910903,22469.80
19910904,22402.69
19910905,22499.65
19910906,22692.60
19910909,22573.98
19910910,22411.58
19910911,22504.79
19910912,22530.20
19910913,23134.43
19910917,23443.61
19910918,23317.78
19910919,23332.31
19910920,23192.74
19910924,23333.70
19910925,23577.42
19910926,23968.08
19910927,23969.47
19910930,23916.44
19911001,24377.01
19911002,24375.11
19911003,24711.44
19911004,24596.90
19911007,24330.83
19911008,24155.62
19911009,24485.26
19911011,24157.72
19911014,23860.67
19911015,24307.65
19911016,24334.67
19911017,24439.85
19911018,24894.82
19911021,25016.81
19911022,24954.66
19911023,24799.94
19911024,24949.26
19911025,24906.43
19911028,24901.72
19911029,25140.61
19911030,24981.18
19911031,25222.28
19911101,25044.24
19911105,24950.86
19911106,24750.20
19911107,24446.76
19911108,24486.49
19911111,24232.99
19911112,24667.73
19911113,24416.23
19911114,24176.54
19911115,24099.18
19911118,23400.12
19911119,23326.86
19911120,23199.86
19911121,23177.84
19911122,23117.39
19911125,22868.69
19911126,23112.09
19911127,22973.28
19911128,22780.42
19911129,22687.35
19911202,21992.29
19911203,22166.83
19911204,22669.44
19911205,22459.17
19911206,22445.06
19911209,22352.88
19911210,21953.06
19911211,21502.90
19911212,21712.57
19911213,22754.90
19911216,22836.67
19911217,22736.29
19911218,22629.90
19911219,21991.19
19911220,21777.12
19911224,21664.53
19911225,22461.17
19911226,22555.07
19911227,22437.32
19911230,22983.77
19920106,23801.18
19920107,23566.39
19920108,22715.00
19920109,23113.64
19920110,22381.90
19920113,21696.86
19920114,21775.13
19920116,21612.19
19920117,21321.37
19920120,20913.82
19920121,20858.30
19920122,21534.12
19920123,21580.72
19920124,21072.15
19920127,21007.11
19920128,21390.52
19920129,21362.26
19920130,21557.67
19920131,22023.05
19920203,22139.59
19920204,21999.60
19920205,21936.37
19920206,22104.92
19920207,22107.12
19920210,21819.52
19920212,21541.64
19920213,21391.02
19920214,20883.86
19920217,21324.98
19920218,20872.03
19920219,20618.30
19920220,20771.92
19920221,21291.81
19920224,20973.24
19920225,21025.55
19920226,21364.77
19920227,21333.70
19920228,21338.81
19920302,21487.82
19920303,21051.71
19920304,21105.42
19920305,20864.42
19920306,20992.99
19920309,20797.68
19920310,20854.59
19920311,20592.14
19920312,20561.88
19920313,20456.06
19920316,19837.16
19920317,19917.63
19920318,19764.31
19920319,20185.09
19920323,20239.60
19920324,19891.57
19920325,20226.78
19920326,19885.49
19920327,19636.99
19920330,19669.31
19920331,19345.95
19920401,18581.79
19920402,18286.03
19920403,18559.71
19920406,18436.37
19920407,17791.55
19920408,17175.53
19920409,16598.15
19920410,17850.66
19920413,17236.65
19920414,17439.58
19920415,17948.01
19920416,17959.76
19920417,17580.69
19920420,17071.36
19920421,16787.33
19920422,16839.12
19920423,17402.05
19920424,17542.45
19920427,17450.52
19920428,17527.40
19920430,17390.71
19920501,17303.39
19920506,17878.66
19920507,18410.88
19920508,18375.95
19920511,18608.09
19920512,18508.53
19920513,18768.57
19920514,18804.60
19920515,18074.27
19920518,18443.10
19920519,18754.11
19920520,18674.93
19920521,18691.29
19920522,18221.00
19920525,18555.00
19920526,18204.64
19920527,17822.56
19920528,17931.25
19920529,18347.75
19920601,18004.11
19920602,18125.55
19920603,18188.68
19920604,17964.07
19920605,17790.04
19920608,17655.06
19920609,17845.04
19920610,17742.87
19920611,17709.05
19920612,17383.68
19920615,16953.23
19920616,16953.53
19920617,16445.80
19920618,16045.56
19920619,16519.87
19920622,15921.22
19920623,16106.99
19920624,15853.67
19920625,16143.72
19920626,15812.73
19920629,15741.27
19920630,15951.73
19920701,16325.07
19920702,16757.63
19920703,16717.78
19920706,16657.07
19920707,16459.55
19920708,16600.26
19920709,16848.66
19920710,16783.72
19920713,17201.73
19920714,17064.63
19920715,17116.92
19920716,16987.66
19920717,16548.07
19920720,15884.48
19920721,16002.41
19920722,15541.95
19920723,16039.94
19920724,15497.79
19920727,15373.34
19920728,15426.64
19920729,15095.95
19920730,15555.60
19920731,15910.28
19920803,15709.45
19920804,15692.59
19920805,15983.64
19920806,15926.44
19920807,15518.27
19920810,15066.34
19920811,14822.56
19920812,14773.79
19920813,14768.17
19920814,14820.25
19920817,14929.55
19920818,14309.41
19920819,14650.74
19920820,15267.76
19920821,16216.88
19920824,16627.96
19920825,16380.77
19920826,16541.65
19920827,17555.00
19920828,17970.79
19920831,18061.12
19920901,17740.06
19920902,17587.72
19920903,18386.49
19920904,18555.30
19920907,18440.18
19920908,18282.42
19920909,18875.55
19920910,18908.47
19920911,18107.69
19920914,18471.40
19920916,17944.70
19920917,18116.52
19920918,18166.80
19920921,18066.24
19920922,18282.72
19920924,18609.95
19920925,18394.76
19920928,17972.61
19920929,17748.09
19920930,17399.08
19921001,17369.91
19921002,17324.07
19921005,17101.50
19921006,17268.10
19921007,17111.74
19921008,17335.51
19921009,17059.78
19921012,17302.01
19921013,17490.67
19921014,17344.03
19921015,17628.49
19921016,17369.81
19921019,16903.81
19921020,16987.66
19921021,17141.52
19921022,17013.04
19921023,17117.65
19921026,17011.33
19921027,17185.26
19921028,17068.41
19921029,16937.71
19921030,16767.40
19921102,16853.36
19921104,17065.20
19921105,17031.59
19921106,16869.81
19921109,16417.05
19921110,16437.11
19921111,16318.15
19921112,16376.93
19921113,16330.79
19921116,16162.99
19921117,15993.48
19921118,16778.84
19921119,16871.31
19921120,17033.60
19921124,17096.09
19921125,17302.01
19921126,17479.04
19921127,17470.61
19921130,17683.65
19921201,17313.04
19921202,17393.68
19921203,17260.08
19921204,17295.69
19921207,17207.12
19921208,17281.85
19921209,17406.22
19921210,17501.30
19921211,17441.02
19921214,17289.97
19921215,17480.74
19921216,17268.71
19921217,17437.91
19921218,17680.74
19921221,17645.44
19921222,17690.67
19921224,17648.85
19921225,17557.04
19921228,17188.62
19921229,17285.64
19921230,16924.95
19930104,16994.08
19930105,16842.58
19930106,16782.88
19930107,16780.98
19930108,16634.69
19930111,16589.55
19930112,16681.05
19930113,16517.91
19930114,16515.60
19930118,16617.24
19930119,16798.64
19930120,16510.18
19930121,16538.68
19930122,16336.81
19930125,16287.45
19930126,16492.63
19930127,16509.68
19930128,17063.41
19930129,17023.78
19930201,17133.64
19930202,17186.31
19930203,17222.03
19930204,17190.63
19930205,17332.90
19930208,17281.73
19930209,17022.27
19930210,17089.90
19930212,16851.51
19930215,17117.99
19930216,16916.32
19930217,17009.63
19930218,16982.14
19930219,17010.03
19930222,16820.61
19930223,16863.15
19930224,16798.94
19930225,16907.39
19930226,16953.35
19930301,16879.60
19930302,16864.25
19930303,16853.92
19930304,16759.61
19930305,16817.70
19930308,17686.47
19930309,17848.30
19930310,17858.63
19930311,17904.79
19930312,18037.52
19930315,18086.18
19930316,17968.30
19930317,18173.37
19930318,18727.90
19930319,18537.17
19930322,18784.39
19930323,18491.62
19930324,18450.69
19930325,18764.92
19930326,18788.70
19930329,19048.38
19930330,18963.16
19930331,18591.45
19930401,19099.09
19930402,19446.94
19930405,19759.46
19930406,19486.80
19930407,19829.23
19930408,19967.27
19930409,19892.18
19930412,19882.14
19930413,20740.29
19930414,20533.38
19930415,20675.84
19930416,20297.86
19930419,20112.34
19930420,19828.43
19930421,19773.01
19930422,19591.31
19930423,19704.15
19930426,19623.63
19930427,20206.71
19930428,20454.57
19930430,20919.18
19930506,20622.03
19930507,20811.36
19930510,21054.71
19930511,20940.37
19930512,20615.20
19930513,20532.78
19930514,20474.15
19930517,20565.51
19930518,20229.39
19930519,20380.79
19930520,20330.39
19930521,20557.47
19930524,20476.16
19930525,20631.76
19930526,20895.99
19930527,20852.63
19930528,20843.69
19930531,20552.35
19930601,20591.41
19930602,20691.70
19930603,21076.00
19930604,20882.24
19930607,20844.19
19930608,20575.24
19930610,20493.32
19930611,20500.95
19930614,20397.35
19930615,20045.88
19930616,19902.42
19930617,19925.51
19930618,19804.54
19930621,19212.43
19930622,19538.30
19930623,19492.52
19930624,19685.07
19930625,19659.57
19930628,19886.76
19930629,19543.42
19930630,19590.00
19930701,19924.61
19930702,19621.46
19930705,19623.06
19930706,19829.78
19930707,19720.67
19930708,19688.67
19930709,19877.39
19930712,19980.00
19930713,20180.42
19930714,20139.11
19930715,20158.02
19930716,20331.53
19930719,20150.92
19930720,20038.00
19930721,20080.91
19930722,20115.81
19930723,19734.57
19930726,19822.08
19930727,19891.39
19930728,19829.58
19930729,20456.85
19930730,20380.14
19930802,20343.53
19930803,20357.64
19930804,20497.55
19930805,20425.64
19930806,20357.94
19930809,20493.05
19930810,20493.75
19930811,20732.57
19930812,20765.28
19930813,20745.17
19930816,20901.49
19930817,20841.98
19930818,20773.18
19930819,20687.47
19930820,20607.26
19930823,20414.14
19930824,20431.84
19930825,20521.45
19930826,20591.76
19930827,20791.68
19930830,20912.69
19930831,21026.60
19930901,20953.30
19930902,20983.20
19930903,21116.21
19930906,21060.81
19930907,20962.10
19930908,20918.19
19930909,20825.58
19930910,20817.98
19930913,21148.11
19930914,20947.79
19930916,20502.15
19930917,20391.04
19930920,20266.03
19930921,20466.65
19930922,20174.62
19930924,20307.53
19930927,20094.11
19930928,20172.72
19930929,20077.41
19930930,20105.71
19931001,20283.13
19931004,20264.43
19931005,20321.93
19931006,20500.25
19931007,20265.63
19931008,20378.64
19931012,20137.31
19931013,20038.40
19931014,20082.81
19931015,20174.42
19931018,20072.21
19931019,20069.91
19931020,20173.42
19931021,20179.42
19931022,20264.83
19931025,20309.33
19931026,20023.60
19931027,19838.78
19931028,19479.45
19931029,19702.97
19931101,19438.24
19931102,19381.24
19931104,18949.79
19931105,18590.46
19931108,18625.16
19931109,18125.71
19931110,18121.71
19931111,18158.52
19931112,18493.55
19931115,18074.61
19931116,18246.12
19931117,18108.71
19931118,18166.32
19931119,17941.19
19931122,17384.84
19931124,17067.11
19931125,17222.92
19931126,16726.37
19931129,16078.71
19931130,16406.54
19931201,17125.31
19931202,17458.75
19931203,17459.35
19931206,16840.38
19931207,16903.49
19931208,16507.95
19931209,17061.91
19931210,17257.43
19931213,17327.33
19931214,17308.73
19931215,17489.15
19931216,17789.28
19931217,18051.91
19931220,17404.24
19931221,17315.43
19931222,17445.74
19931224,17141.11
19931227,16819.88
19931228,17131.21
19931229,17272.03
19931230,17417.24
19940104,17369.74
19940105,17783.48
19940106,17881.99
19940107,18124.01
19940110,18443.44
19940111,18485.25
19940112,18793.88
19940113,18577.26
19940114,18973.70
19940117,18725.37
19940118,18514.55
19940119,19039.40
19940120,19183.92
19940121,19307.43
19940124,18353.24
19940125,18648.36
19940126,19138.21
19940127,18891.79
19940128,18757.88
19940131,20229.12
19940201,20416.34
19940202,20250.03
19940203,20174.82
19940204,20301.43
19940207,20014.40
19940208,20251.23
19940209,19841.38
19940210,19990.70
19940214,19459.25
19940215,18974.60
19940216,19052.11
19940217,18931.39
19940218,18959.60
19940221,19393.94
19940222,19342.63
19940223,19341.83
19940224,19765.48
19940225,19803.38
19940228,19997.20
19940301,20216.62
19940302,19744.77
19940303,19605.86
19940304,19966.00
19940307,19811.88
19940308,19898.39
19940309,19839.18
19940310,20090.71
19940311,20115.31
19940314,20526.15
19940315,20508.85
19940316,20677.77
19940317,20592.16
19940318,20469.45
19940322,20253.53
19940323,19962.10
19940324,20037.90
19940325,19836.48
19940328,19941.79
19940329,19709.74
19940330,19559.91
19940331,19111.92
19940401,19277.16
19940404,19122.22
19940405,19563.21
19940406,19696.74
19940407,19890.98
19940408,19934.99
19940411,19898.08
19940412,19648.33
19940413,20060.41
19940414,19987.20
19940415,20164.63
19940418,20277.36
19940419,20192.34
19940420,19882.18
19940421,19799.36
19940422,19964.39
19940425,19709.14
19940426,19628.93
19940427,19729.15
19940428,19725.25
19940502,19570.21
19940506,19862.47
19940509,19786.96
19940510,19917.78
19940511,20150.13
19940512,20224.24
19940513,20270.75
19940516,20188.44
19940517,20133.53
19940518,20152.73
19940519,20221.34
19940520,20342.17
19940523,20568.71
19940524,20622.12
19940525,20663.63
19940526,20495.80
19940527,20777.16
19940530,20838.97
19940531,20973.59
19940601,21053.11
19940602,21009.00
19940603,20954.19
19940606,20726.65
19940607,21042.71
19940608,21261.95
19940609,21402.78
19940610,21395.18
19940613,21552.81
19940614,21353.97
19940615,21282.96
19940616,21367.47
19940617,21503.30
19940620,21152.03
19940621,20813.16
19940622,20581.32
19940623,21040.21
19940624,20766.75
19940627,20300.96
19940628,20639.23
19940629,20481.00
19940630,20643.93
19940701,20543.41
19940704,20631.93
19940705,20834.37
19940706,20629.03
19940707,20620.02
19940708,20526.51
19940711,20473.09
19940712,20400.48
19940713,20540.41
19940714,20718.04
19940715,20770.15
19940718,20717.64
19940719,20775.16
19940720,20780.76
19940721,20622.92
19940722,20462.89
19940725,20297.66
19940726,20345.37
19940727,20137.23
19940728,20247.85
19940729,20449.39
19940801,20271.35
19940802,20660.13
19940803,20632.73
19940804,20676.84
19940805,20521.70
19940808,20635.83
19940809,20590.22
19940810,20770.25
19940811,20821.36
19940812,20663.83
19940815,20626.33
19940816,20786.36
19940817,20824.56
19940818,20862.77
19940819,20512.70
19940822,20394.58
19940823,20380.78
19940824,20511.60
19940825,20443.29
19940826,20471.49
19940829,20600.42
19940830,20592.12
19940831,20628.53
19940901,20642.93
19940902,20653.83
19940905,20409.18
19940906,20393.98
19940907,20023.80
19940908,19917.78
19940909,19897.88
19940912,19917.28
19940913,20046.11
19940914,19919.38
19940916,19796.26
19940919,19554.11
19940920,19837.27
19940921,19885.38
19940922,19833.67
19940926,19814.36
19940927,19468.89
19940928,19507.60
19940929,19615.12
19940930,19563.81
19941003,19650.03
19941004,19568.61
19941005,19751.55
19941006,19655.23
19941007,19744.75
19941011,19821.46
19941012,20089.72
19941013,20148.83
19941014,19969.29
19941017,19958.29
19941018,19992.40
19941019,19868.87
19941020,19991.90
19941021,19899.08
19941024,19852.37
19941025,19732.15
19941026,19746.35
19941027,19796.36
19941028,19805.16
19941031,19989.60
19941101,19916.48
19941102,19750.65
19941104,19811.56
19941107,19619.22
19941108,19609.02
19941109,19423.88
19941110,19264.85
19941111,19284.36
19941114,19261.45
19941115,19391.68
19941116,19306.66
19941117,19336.57
19941118,19302.56
19941121,19121.72
19941122,18962.99
19941124,18701.24
19941125,18666.93
19941128,18811.36
19941129,18926.49
19941130,19075.62
19941201,19013.60
19941202,18998.30
19941205,19305.66
19941206,19340.47
19941207,19174.23
19941208,19180.04
19941209,18978.30
19941212,18975.10
19941213,18875.48
19941214,18931.49
19941215,19121.12
19941216,19163.43
19941219,19270.85
19941220,19406.98
19941221,19340.67
19941222,19633.53
19941226,19726.75
19941227,19711.36
19941228,19665.53
19941229,19752.98
19941230,19723.06
19950104,19684.04
19950105,19616.11
19950106,19519.46
19950109,19444.92
19950110,19501.45
19950111,19548.47
19950112,19410.01
19950113,19331.17
19950117,19241.32
19950118,19223.31
19950119,19075.74
19950120,18840.22
19950123,17785.49
19950124,18060.73
19950125,18159.48
19950126,18070.84
19950127,18104.35
19950130,18752.88
19950131,18649.82
19950201,18739.47
19950202,18604.30
19950203,18538.97
19950206,18667.23
19950207,18500.55
19950208,18290.25
19950209,18099.55
19950210,18291.35
19950213,18313.86
19950214,18138.47
19950215,17991.00
19950216,17780.59
19950217,18020.51
19950220,17956.48
19950221,18096.25
19950222,18106.65
19950223,17830.02
19950224,17472.94
19950227,16808.70
19950228,17053.43
19950301,16618.71
19950302,16963.18
19950303,17039.62
19950306,17040.72
19950307,16955.28
19950308,16621.31
19950309,16763.08
19950310,16358.38
19950313,16477.64
19950314,16245.82
19950315,16666.83
19950316,16355.68
19950317,16251.23
19950320,16129.96
19950322,15904.85
19950323,15813.41
19950324,15749.77
19950327,16096.25
19950328,16681.73
19950329,16460.73
19950330,16512.22
19950331,16139.95
19950403,15381.29
19950404,15630.53
19950405,15882.49
19950406,15815.87
19950407,15719.50
19950410,16163.09
19950411,16268.88
19950412,16344.92
19950413,16438.79
19950414,16047.89
19950417,16304.15
19950418,16225.11
19950419,16376.08
19950420,16643.06
19950421,16968.24
19950424,16804.05
19950425,16910.54
19950426,16826.49
19950427,16883.99
19950428,16806.75
19950501,16811.46
19950502,17088.66
19950508,17103.69
19950509,16958.22
19950510,16826.49
19950511,16461.73
19950512,16420.76
19950515,16609.70
19950516,16388.90
19950517,16471.35
19950518,16312.56
19950519,16140.85
19950522,15789.12
19950523,15916.15
19950524,15970.75
19950525,15579.44
19950526,15694.25
19950529,15574.03
19950530,15762.97
19950531,15436.79
19950601,15594.57
19950602,15849.13
19950605,15897.32
19950606,15660.99
19950607,15679.62
19950608,15442.30
19950609,15044.18
19950612,14813.46
19950613,14599.68
19950614,14660.49
19950615,14867.26
19950616,14703.17
19950619,14700.06
19950620,14665.70
19950621,14951.21
19950622,14926.37
19950623,15265.18
19950626,15145.36
19950627,14759.05
19950628,14618.07
19950629,14507.17
19950630,14517.40
19950703,14485.41
19950704,14755.74
19950705,14830.44
19950706,15256.89
19950707,16213.08
19950710,16242.66
19950711,16588.19
19950712,16605.74
19950713,16505.67
19950714,16517.70
19950717,16842.47
19950718,16574.35
19950719,16422.44
19950720,16453.42
19950721,16589.09
19950724,16591.50
19950725,16148.40
19950726,16387.25
19950727,16625.19
19950728,16649.45
19950731,16677.53
19950801,16358.57
19950802,16720.75
19950803,16893.71
19950804,16741.20
19950807,16615.46
19950808,16838.97
19950809,16789.33
19950810,16728.97
19950811,16792.34
19950814,16916.57
19950815,17452.72
19950816,18158.73
19950817,18149.70
19950818,18032.49
19950821,17871.05
19950822,17877.77
19950823,17731.98
19950824,17921.99
19950825,17770.68
19950828,17847.29
19950829,18135.16
19950830,17983.86
19950831,18117.22
19950901,18120.73
19950904,17748.52
19950905,17794.04
19950906,17620.38
19950907,17621.18
19950908,18279.55
19950911,18486.11
19950912,18472.17
19950913,18614.26
19950914,18758.55
19950918,18319.16
19950919,18474.38
19950920,18198.64
19950921,18034.79
19950922,17713.93
19950925,17566.43
19950926,17921.98
19950927,18262.43
19950928,18022.86
19950929,17913.06
19951002,17739.84
19951003,18142.99
19951004,18145.08
19951005,18220.41
19951006,18506.28
19951009,18176.27
19951011,17891.19
19951012,17971.40
19951013,17880.83
19951016,18016.44
19951017,17916.60
19951018,17895.97
19951019,17955.36
19951020,18157.33
19951023,18156.24
19951024,18014.25
19951025,17970.81
19951026,17726.68
19951027,17337.19
19951030,17509.17
19951031,17654.64
19951101,17474.49
19951102,18028.80
19951106,18036.97
19951107,18021.22
19951108,17863.29
19951109,17821.04
19951110,17843.56
19951113,17789.46
19951114,17802.51
19951115,17682.74
19951116,17939.52
19951117,18151.16
19951120,18383.82
19951121,18384.32
19951122,18239.84
19951124,18215.23
19951127,18543.14
19951128,18688.42
19951129,18533.98
19951130,18744.42
19951201,18833.10
19951204,18897.37
19951205,18879.53
19951206,19067.86
19951207,19412.32
19951208,19286.97
19951211,19226.78
19951212,19312.77
19951213,19283.48
19951214,19499.30
19951215,19346.55
19951218,19311.08
19951219,19140.49
19951220,19448.59
19951221,19653.25
19951222,19744.42
19951225,19775.41
19951226,19904.72
19951227,20011.76
19951228,19873.13
19951229,19868.15
19960104,20618.00
19960105,20669.03
19960108,20563.58
19960109,20652.08
19960110,20612.32
19960111,20377.92
19960112,20287.42
19960116,20567.07
19960117,20570.26
19960118,20370.04
19960119,20365.76
19960122,20196.53
19960123,20080.92
19960124,20312.74
19960125,20414.69
19960126,20663.84
19960129,20589.20
19960130,20722.44
19960131,20812.74
19960201,20935.12
19960202,20904.03
19960205,20653.38
19960206,20751.15
19960207,20943.49
19960208,21118.30
19960209,20934.82
19960213,20784.23
19960214,20943.59
19960215,20886.19
19960216,20802.77
19960219,20721.25
19960220,20655.67
19960221,20372.23
19960222,20340.94
19960223,20300.38
19960226,20480.27
19960227,20000.40
19960228,19919.97
19960229,20125.37
19960301,20168.63
19960304,20063.88
19960305,20183.87
19960306,20241.18
19960307,19957.15
19960308,20155.87
19960311,19796.29
19960312,19950.27
19960313,19734.70
19960314,19923.66
19960315,20190.85
19960318,20285.13
19960319,20442.60
19960321,20727.53
19960322,20700.92
19960325,20915.44
19960326,21014.77
19960327,21329.98
19960328,21295.82
19960329,21406.85
19960401,21560.39
19960402,21600.08
19960403,21464.73
19960404,21471.16
19960405,21695.84
19960408,21424.24
19960409,21744.17
19960410,21791.70
19960411,21694.43
19960412,21660.47
19960415,21883.04
19960416,21868.17
19960417,21816.22
19960418,21812.50
19960419,21883.84
19960422,22123.89
19960423,22119.88
19960424,22282.05
19960425,22230.10
19960426,22235.03
19960430,22041.30
19960501,21815.01
19960502,21662.38
19960507,21495.28
19960508,21728.60
19960509,21411.88
19960510,21420.12
19960513,21171.82
19960514,21301.05
19960515,22055.97
19960516,22147.21
19960517,21916.60
19960520,21979.00
19960521,22091.74
19960522,21958.00
19960523,21724.08
19960524,21798.43
19960527,21699.76
19960528,21944.53
19960529,22021.50
19960530,21886.35
19960531,21956.19
19960603,21588.52
19960604,21858.12
19960605,21881.43
19960606,21804.46
19960607,21751.81
19960610,21719.15
19960611,21817.62
19960612,22104.80
19960613,22082.40
19960614,22289.39
19960617,22245.38
19960618,22332.40
19960619,22367.36
19960620,22437.30
19960621,22530.65
19960624,22603.20
19960625,22597.17
19960626,22666.80
19960627,22501.61
19960628,22530.75
19960701,22455.49
19960702,22347.97
19960703,22379.02
19960704,22292.91
19960705,22232.42
19960708,21924.94
19960709,21919.82
19960710,21778.94
19960711,21892.58
19960712,21656.45
19960715,21753.42
19960716,21406.35
19960717,21412.88
19960718,21566.42
19960719,21476.29
19960722,21005.63
19960723,21163.69
19960724,20631.03
19960725,20883.84
19960726,21124.90
19960729,20967.54
19960730,20880.33
19960731,20692.83
19960801,20984.83
19960802,20940.41
19960805,21077.47
19960806,20744.88
19960807,20477.59
19960808,20731.31
19960809,20551.05
19960812,20666.60
19960813,20864.95
19960814,20981.11
19960815,20968.25
19960816,20834.00
19960819,21106.41
19960820,21127.01
19960821,21275.02
19960822,21363.24
19960823,21228.80
19960826,20883.74
19960827,20910.27
19960828,20709.81
19960829,20553.16
19960830,20166.90
19960902,20107.11
19960903,20198.15
19960904,20201.87
19960905,20379.82
19960906,20152.53
19960909,20202.27
19960910,20559.59
19960911,20571.04
19960912,20443.93
19960913,20842.64
19960917,21310.59
19960918,21156.75
19960919,21322.85
19960920,21112.24
19960924,21171.99
19960925,21350.67
19960926,21461.37
19960927,21547.02
19960930,21556.40
19961001,21462.97
19961002,21498.60
19961003,21331.50
19961004,21148.03
19961007,21161.01
19961008,21038.53
19961009,20870.83
19961011,20968.16
19961014,21029.25
19961015,21429.93
19961016,21397.19
19961017,21423.74
19961018,21612.30
19961021,21302.95
19961022,21123.68
19961023,21082.15
19961024,21003.49
19961025,20739.97
19961028,20885.41
19961029,20958.08
19961030,20681.67
19961031,20466.86
19961101,20633.06
19961105,20592.33
19961106,20991.52
19961107,20771.11
19961108,21201.04
19961111,21065.08
19961112,21206.43
19961113,20979.44
19961114,21031.04
19961115,20929.73
19961118,20796.37
19961119,20956.18
19961120,21189.96
19961121,21143.34
19961122,21216.11
19961125,21293.57
19961126,21418.25
19961127,21345.28
19961128,21035.54
19961129,21020.36
19961202,20674.69
19961203,20630.56
19961204,20659.91
19961205,20943.90
19961206,20276.70
19961209,20603.71
19961210,20822.12
19961211,20568.38
19961212,20501.20
19961213,20341.39
19961216,20422.04
19961217,20413.46
19961218,20093.03
19961219,19570.67
19961220,19690.46
19961224,19161.71
19961225,19549.41
19961226,19291.58
19961227,19369.04
19961230,19361.35
19970106,19446.00
19970107,18896.19
19970108,18680.38
19970109,18073.87
19970110,17303.65
19970113,18118.79
19970114,18093.13
19970116,18144.34
19970117,18090.04
19970120,17480.34
19970121,17358.16
19970122,18013.88
19970123,17909.46
19970124,17689.36
19970127,17334.90
19970128,17796.57
19970129,18335.30
19970130,17864.04
19970131,18330.01
19970203,18085.95
19970204,18314.33
19970205,18185.97
19970206,18038.43
19970207,17867.04
19970210,18181.17
19970211,18314.00
19970212,18409.96
19970213,18688.06
19970214,18722.00
19970217,18750.65
19970218,18470.75
19970219,18599.12
19970220,19051.71
19970221,19034.54
19970224,18896.99
19970225,19070.07
19970226,18990.92
19970227,19021.56
19970228,18557.00
19970303,18429.13
19970304,18564.78
19970305,18273.51
19970306,18041.33
19970307,18198.74
19970310,18113.89
19970311,18267.72
19970312,18183.27
19970313,17900.48
19970314,17923.64
19970317,18053.50
19970318,18445.20
19970319,18493.71
19970321,18633.16
19970324,18043.82
19970325,18439.61
19970326,18472.45
19970327,18210.42
19970328,18189.72
19970331,18003.40
19970401,17869.59
19970402,18037.30
19970403,18129.31
19970404,17860.59
19970407,17715.67
19970408,18021.70
19970409,17703.37
19970410,17485.75
19970411,17846.98
19970414,17692.47
19970415,17933.59
19970416,18031.20
19970417,18093.41
19970418,18352.14
19970421,18551.66
19970422,18544.45
19970423,18735.47
19970424,18698.07
19970425,18612.86
19970428,18670.37
19970430,19151.12
19970501,19275.33
19970502,19514.75
19970506,20180.92
19970507,20048.90
19970508,20061.81
19970509,19802.78
19970512,20143.51
19970513,20129.11
19970514,20209.72
19970515,20056.31
19970516,20324.73
19970519,20489.75
19970520,20332.83
19970521,19841.98
19970522,19877.39
19970523,20009.00
19970526,20043.50
19970527,19889.89
19970528,20351.34
19970529,20312.23
19970530,20068.81
19970602,20451.85
19970603,20563.16
19970604,20611.56
19970605,20488.15
19970606,20485.75
19970609,20223.82
19970610,20532.55
19970611,20289.93
19970612,20564.46
19970613,20528.35
19970616,20681.07
19970617,20593.66
19970618,20497.85
19970619,20507.85
19970620,20385.54
19970623,20436.14
19970624,20341.93
19970625,20679.27
19970626,20624.76
19970627,20523.75
19970630,20604.96
19970701,20175.52
19970702,20196.42
19970703,20121.41
19970704,19968.00
19970707,19705.17
19970708,19853.89
19970709,19697.17
19970710,19754.78
19970711,19875.49
19970714,20228.72
19970715,20069.41
19970716,20358.74
19970717,20519.25
19970718,20249.32
19970722,20157.02
19970723,20130.51
19970724,20286.23
19970725,20389.54
19970728,20575.26
19970729,20402.74
19970730,20212.82
19970731,20331.43
19970801,19804.38
19970804,19668.07
19970805,19514.45
19970806,19702.07
19970807,19475.85
19970808,19604.46
19970811,18824.18
19970812,19099.11
19970813,19008.60
19970814,19222.62
19970815,19326.03
19970818,19041.10
19970819,18961.00
19970820,19252.23
19970821,19157.12
19970822,18650.17
19970825,18656.17
19970826,18814.98
19970827,18441.94
19970828,18451.45
19970829,18229.42
19970901,17974.30
19970902,18232.52
19970903,18735.17
19970904,18615.06
19970905,18650.17
19970908,18633.86
19970909,18695.97
19970910,18704.77
19970911,18282.23
19970912,17965.80
19970916,17974.50
19970917,17683.27
19970918,17930.09
19970919,18058.21
19970922,18201.32
19970924,18420.08
19970925,18341.96
19970926,17994.71
19970929,17987.21
19970930,17887.71
19971001,17842.16
19971002,17455.04
19971003,17647.45
19971006,17824.78
19971007,17511.19
19971008,17619.18
19971009,17376.92
19971013,17204.70
19971014,17306.39
19971015,17331.37
19971016,17707.49
19971017,17478.42
19971020,17294.51
19971021,17210.09
19971022,17687.61
19971023,17151.55
19971024,17363.74
19971027,17038.36
19971028,16312.69
19971029,16857.04
19971030,16364.94
19971031,16458.94
19971104,16500.10
19971105,16448.05
19971106,16533.87
19971107,15836.36
19971110,15697.20
19971111,15867.23
19971112,15434.17
19971113,15427.27
19971114,15082.52
19971117,16283.32
19971118,16726.57
19971119,15842.46
19971120,16308.49
19971121,16721.58
19971125,15867.53
19971126,16045.55
19971127,16603.20
19971128,16636.26
19971201,17007.59
19971202,16910.29
19971203,16585.51
19971204,16306.79
19971205,16424.48
19971208,16131.57
19971209,16686.51
19971210,16478.12
19971211,16050.15
19971212,15904.30
19971215,15909.39
19971216,15985.21
19971217,16541.06
19971218,16161.64
19971219,15314.89
19971222,14799.40
19971224,14924.98
19971225,15300.10
19971226,14802.60
19971229,14775.22
19971230,15258.74
19980105,14956.84
19980106,14896.40
19980107,15028.17
19980108,15019.18
19980109,14995.10
19980112,14664.44
19980113,14755.94
19980114,15121.98
19980116,16046.45
19980119,16262.04
19980120,16366.53
19980121,16684.42
19980122,16405.69
19980123,16789.11
19980126,17073.33
19980127,16981.62
19980128,16973.83
19980129,17014.59
19980130,16628.47
19980202,16776.82
19980203,17022.98
19980204,16882.62
19980205,17003.30
19980206,17040.06
19980209,17205.00
19980210,17205.09
19980212,17174.93
19980213,16791.01
19980216,16775.52
19980217,16790.71
19980218,16613.89
19980219,16616.48
19980220,16756.24
19980223,16609.49
19980224,16198.00
19980225,16360.64
19980226,16501.70
19980227,16831.67
19980302,17264.34
19980303,17168.33
19980304,17095.60
19980305,16848.55
19980306,17131.97
19980309,16972.53
19980310,16982.82
19980311,16756.14
19980312,16575.22
19980313,17060.14
19980316,16861.14
19980317,16997.20
19980318,16619.68
19980319,16679.02
19980320,16830.47
19980323,16868.83
19980324,16606.39
19980325,16658.34
19980326,16980.62
19980327,16739.26
19980330,16263.04
19980331,16527.17
19980401,16241.66
19980402,15702.90
19980403,15517.78
19980406,15705.99
19980407,15978.72
19980408,16376.62
19980409,16536.66
19980410,16481.12
19980413,16317.58
19980414,16277.32
19980415,16299.30
19980416,15883.77
19980417,15703.80
19980420,15697.10
19980421,15825.67
19980422,15761.54
19980423,15761.69
19980424,16011.24
19980427,15649.95
19980428,15395.43
19980430,15641.26
19980501,15601.10
19980506,15243.84
19980507,15143.03
19980508,15149.00
19980511,15381.90
19980512,15322.48
19980513,15343.81
19980514,15307.69
19980515,15242.86
19980518,15384.47
19980519,15551.65
19980520,15652.95
19980521,15845.25
19980522,15801.65
19980525,15783.12
19980526,15884.82
19980527,15664.29
19980528,15796.55
19980529,15670.78
19980601,15321.03
19980602,15554.45
19980603,15347.00
19980604,15426.47
19980605,15323.43
19980608,15294.71
19980609,15530.17
19980610,15339.26
19980611,15014.04
19980612,15022.33
19980615,14825.17
19980616,14720.38
19980617,14715.38
19980618,15361.54
19980619,15267.98
19980622,15309.09
19980623,15054.60
19980624,15123.18
19980625,15132.22
19980626,15210.04
19980629,15365.73
19980630,15830.27
19980701,16362.89
19980702,16471.58
19980703,16511.24
19980706,16350.45
19980707,16416.28
19980708,16530.97
19980709,16446.95
19980710,16090.06
19980713,16360.39
19980714,16488.91
19980715,16614.14
19980716,16731.92
19980717,16570.78
19980721,16556.69
19980722,16293.06
19980723,16188.01
19980724,16361.89
19980727,15944.36
19980728,16114.54
19980729,16158.09
19980730,16201.60
19980731,16378.97
19980803,16165.08
19980804,16023.58
19980805,15992.16
19980806,15876.22
19980807,15829.17
19980810,15626.42
19980811,15406.99
19980812,15378.97
19980813,15382.02
19980814,15123.93
19980817,14794.66
19980818,15063.79
19980819,15406.34
19980820,15391.41
19980821,15298.20
19980824,14988.36
19980825,15072.93
19980826,14866.03
19980827,14413.79
19980828,13915.63
19980831,14107.89
19980901,14369.63
19980902,14376.62
19980903,14261.24
19980904,14042.91
19980907,14790.06
19980908,14913.49
19980909,14755.54
19980910,14666.03
19980911,13916.98
19980914,14227.37
19980916,14197.70
19980917,13859.14
19980918,13983.12
19980921,13597.30
19980922,13789.81
19980924,14205.78
19980925,13723.84
19980928,13909.37
19980929,13821.43
19980930,13406.39
19981001,13197.12
19981002,13223.69
19981005,12948.12
19981006,13021.64
19981007,13825.61
19981008,13026.06
19981009,12879.97
19981012,13555.01
19981013,13242.79
19981014,13070.73
19981015,12995.37
19981016,13280.54
19981019,13567.20
19981020,13808.05
19981021,14216.33
19981022,14295.56
19981023,14144.70
19981026,13843.46
19981027,13820.68
19981028,13516.07
19981029,13668.72
19981030,13564.51
19981102,13952.75
19981104,14527.81
19981105,14341.37
19981106,14121.97
19981109,14194.54
19981110,14108.09
19981111,14428.02
19981112,14075.06
19981113,14268.21
19981116,14428.27
19981117,14413.00
19981118,14599.23
19981119,14354.46
19981120,14779.94
19981124,15164.64
19981125,15073.47
19981126,15207.77
19981127,15069.39
19981130,14883.70
19981201,14835.41
19981202,14986.62
19981203,14697.08
19981204,14639.97
19981207,14723.49
19981208,14808.20
19981209,14931.90
19981210,14807.80
19981211,14405.64
19981214,14111.62
19981215,14011.19
19981216,14096.30
19981217,14126.99
19981218,14194.29
19981221,14152.95
19981222,13779.45
19981224,13706.73
19981225,13797.95
19981228,13709.06
19981229,13846.90
19981230,13842.17
19990104,13415.89
19990105,13232.74
19990106,13468.46
19990107,13536.56
19990108,13391.81
19990111,13368.48
19990112,13360.97
19990113,13403.60
19990114,13738.86
19990118,13805.06
19990119,13770.44
19990120,14028.05
19990121,14245.42
19990122,14154.40
19990125,14208.81
19990126,14382.01
19990127,14450.06
19990128,14342.32
19990129,14499.25
19990201,14465.18
19990202,14349.83
19990203,14161.31
19990204,14086.85
19990205,13898.08
19990208,13992.49
19990209,13902.66
19990210,13952.40
19990212,13973.69
19990215,14054.72
19990216,14232.64
19990217,14158.67
19990218,14146.79
19990219,14098.04
19990222,14256.67
19990223,14500.65
19990224,14355.45
19990225,14470.45
19990226,14367.54
19990301,14221.75
19990302,13921.06
19990303,14170.36
19990304,14183.45
19990305,14894.00
19990308,14779.05
19990309,15096.70
19990310,15480.00
19990311,15502.14
19990312,15488.86
19990315,15779.60
19990316,16072.82
19990317,16268.11
19990318,15717.92
19990319,16378.78
19990323,16019.10
19990324,15515.47
19990325,15986.04
19990326,16016.99
19990329,16008.84
19990330,15859.12
19990331,15836.59
19990401,16327.56
19990402,16290.19
19990405,16334.78
19990406,16479.71
19990407,16554.50
19990408,16846.69
19990409,16855.63
19990412,16507.40
19990413,16715.16
19990414,16764.68
19990415,16727.08
19990416,16851.58
19990419,16674.21
19990420,16697.11
19990421,16495.02
19990422,16665.88
19990423,16923.25
19990426,16918.51
19990427,16957.27
19990428,16942.24
19990430,16701.53
19990506,17300.61
19990507,16946.52
19990510,16977.01
19990511,16743.18
19990512,16947.36
19990513,16851.25
19990514,16810.39
19990517,16421.02
19990518,16378.62
19990519,16128.18
19990520,16199.99
19990521,16292.98
19990524,16390.49
19990525,16214.23
19990526,16230.52
19990527,16177.19
19990528,15972.68
19990531,16111.65
19990601,16408.50
19990602,16417.99
19990603,16227.50
19990604,16300.75
19990607,16475.89
19990608,16562.92
19990609,16622.50
19990610,17102.62
19990611,17198.55
19990614,17188.82
19990615,17282.00
19990616,17210.18
19990617,17470.45
19990618,17431.26
19990621,17738.85
19990622,17777.62
19990623,17586.75
19990624,17628.32
19990625,17436.52
19990628,17610.58
19990629,17782.79
19990630,17529.74
19990701,17860.75
19990702,17932.47
19990705,18135.06
19990706,18050.73
19990707,17958.90
19990708,17967.65
19990709,17937.73
19990712,18274.18
19990713,18181.09
19990714,18357.86
19990715,18431.86
19990716,18248.30
19990719,18532.58
19990721,18257.52
19990722,17730.34
19990723,17534.44
19990726,17491.34
19990727,17462.72
19990728,17579.91
19990729,17869.92
19990730,17861.86
19990802,17825.70
19990803,17969.93
19990804,17685.38
19990805,17358.19
19990806,17084.24
19990809,17190.45
19990810,17202.09
19990811,17211.16
19990812,17422.97
19990813,17435.17
19990816,17826.03
19990817,17860.09
19990818,17892.26
19990819,17879.74
19990820,18098.11
19990823,18233.55
19990824,18095.41
19990825,17855.16
19990826,17666.29
19990827,17599.37
19990830,17918.97
19990831,17436.56
19990901,17802.48
19990902,17631.25
19990903,17629.99
19990906,17756.51
19990907,17707.50
19990908,17641.38
19990909,17677.56
19990910,17711.02
19990913,17909.29
19990914,17777.22
19990916,17291.59
19990917,17342.27
19990920,17575.26
19990921,17932.79
19990922,17325.76
19990924,16871.73
19990927,16821.06
19990928,17325.70
19990929,17282.28
19990930,17605.46
19991001,17712.56
19991004,17763.71
19991005,17784.15
19991006,17896.42
19991007,18136.55
19991008,18062.18
19991012,18090.81
19991013,17754.49
19991014,17780.26
19991015,17601.57
19991018,17275.33
19991019,17254.17
19991020,17534.71
19991021,17448.27
19991022,17438.80
19991025,17648.79
19991026,17671.79
19991027,17382.36
19991028,17413.71
19991029,17942.08
19991101,17996.92
19991102,17991.96
19991104,18348.13
19991105,18354.90
19991108,18240.98
19991109,18292.16
19991110,18567.87
19991111,18327.28
19991112,18258.55
19991115,18198.09
19991116,18155.14
19991117,18274.82
19991118,18532.81
19991119,18570.84
19991122,18822.12
19991124,18896.21
19991125,18721.78
19991126,18914.50
19991129,18850.27
19991130,18558.23
19991201,18495.95
19991202,18514.41
19991203,18368.14
19991206,18507.20
19991207,18593.96
19991208,18401.20
19991209,18260.72
19991210,18271.85
19991213,18205.08
19991214,18165.55
19991215,18138.36
19991216,18111.31
19991217,18095.12
19991220,18175.49
19991221,18080.38
19991222,18461.93
19991224,18584.95
19991227,18546.90
19991228,18783.52
19991229,18810.58
19991230,18934.34
20000104,19002.86
20000105,18542.55
20000106,18168.27
20000107,18193.41
20000111,18850.92
20000112,18677.42
20000113,18833.29
20000114,18956.55
20000117,19437.23
20000118,19196.57
20000119,18897.75
20000120,19008.01
20000121,18878.09
20000124,19056.71
20000125,18895.53
20000126,19111.19
20000127,19209.72
20000128,19434.78
20000131,19539.70
20000201,19423.38
20000202,19578.91
20000203,19786.42
20000204,19763.13
20000207,19945.43
20000208,19868.88
20000209,20007.77
20000210,19710.02
20000214,19556.46
20000215,19367.83
20000216,19599.18
20000217,19791.40
20000218,19789.03
20000221,19543.75
20000222,19390.58
20000223,19519.55
20000224,19571.44
20000225,19817.88
20000228,19720.10
20000229,19959.52
20000301,20081.67
20000302,20065.11
20000303,19927.54
20000306,19796.35
20000307,19944.24
20000308,19766.80
20000309,19662.33
20000310,19750.40
20000313,19189.93
20000314,19141.84
20000315,19078.60
20000316,19253.23
20000317,19566.32
20000321,19602.36
20000322,19733.59
20000323,19704.60
20000324,19958.08
20000327,20281.03
20000328,20374.34
20000329,20706.65
20000330,20441.50
20000331,20337.32
20000403,20726.99
20000404,20594.93
20000405,20462.77
20000406,20223.61
20000407,20252.81
20000410,20619.06
20000411,20522.52
20000412,20833.21
20000413,20526.42
20000414,20434.68
20000417,19008.64
20000418,18969.52
20000419,19086.62
20000420,18959.32
20000421,18252.68
20000424,18480.15
20000425,18272.33
20000426,18134.31
20000427,18019.17
20000428,17973.70
20000501,18403.08
20000502,18439.36
20000508,18199.96
20000509,17844.54
20000510,17701.47
20000511,16882.46
20000512,17357.86
20000515,17313.69
20000516,17551.25
20000517,17404.03
20000518,17031.63
20000519,16858.17
20000522,16386.01
20000523,16318.73
20000524,16044.44
20000525,16247.82
20000526,16008.14
20000529,16245.44
20000530,16228.90
20000531,16332.45
20000601,16694.30
20000602,16800.06
20000605,17201.79
20000606,17170.08
20000607,17144.96
20000608,17004.34
20000609,16861.91
20000612,16980.61
20000613,16914.95
20000614,16654.42
20000615,16338.70
20000616,16318.31
20000619,16591.35
20000620,16907.55
20000621,17210.08
20000622,17106.01
20000623,16963.21
20000626,16925.40
20000627,17279.06
20000628,17370.17
20000629,17475.90
20000630,17411.05
20000703,17614.66
20000704,17470.15
20000705,17435.95
20000706,17282.37
20000707,17398.24
20000710,17572.68
20000711,17504.36
20000712,17342.13
20000713,17036.90
20000714,17142.90
20000717,17286.83
20000718,16945.07
20000719,16983.57
20000721,16811.49
20000724,16547.12
20000725,16573.59
20000726,16502.61
20000727,16182.01
20000728,15838.57
20000731,15727.49
20000801,16099.67
20000802,16206.19
20000803,15814.44
20000804,15667.36
20000807,16002.71
20000808,15820.11
20000809,16034.60
20000810,15975.65
20000811,16117.50
20000814,16153.91
20000815,16298.29
20000816,16356.03
20000817,16161.03
20000818,16280.49
20000821,16040.18
20000822,16454.74
20000823,16436.65
20000824,16670.82
20000825,16911.33
20000828,17181.12
20000829,17141.75
20000830,16901.67
20000831,16861.26
20000901,16739.78
20000904,16688.21
20000905,16452.27
20000906,16399.87
20000907,16300.46
20000908,16501.55
20000911,16130.90
20000912,16040.23
20000913,16190.52
20000914,16213.28
20000918,16061.16
20000919,16124.19
20000920,16458.31
20000921,16311.05
20000922,15818.25
20000925,15992.90
20000926,15928.62
20000927,15639.95
20000928,15626.96
20000929,15747.26
20001002,15902.51
20001003,15912.09
20001004,16149.08
20001005,16099.26
20001006,15994.24
20001010,15827.72
20001011,15513.57
20001012,15550.64
20001013,15330.31
20001016,15512.32
20001017,15340.22
20001018,14872.48
20001019,14811.08
20001020,15198.73
20001023,15097.96
20001024,15148.19
20001025,14840.47
20001026,14858.43
20001027,14582.20
20001030,14464.56
20001031,14539.60
20001101,14872.39
20001102,14837.78
20001106,15371.44
20001107,15340.33
20001108,15399.64
20001109,15060.05
20001110,14988.54
20001113,14664.64
20001114,14660.04
20001115,14799.14
20001116,14587.03
20001117,14544.30
20001120,14531.65
20001121,14408.46
20001122,14301.31
20001124,14315.35
20001127,14720.39
20001128,14658.87
20001129,14507.64
20001130,14648.51
20001201,14835.33
20001204,14954.73
20001205,14695.05
20001206,14889.37
20001207,14720.36
20001208,14696.51
20001211,15015.70
20001212,15114.64
20001213,15168.68
20001214,14927.19
20001215,14552.29
20001218,14483.90
20001219,14132.37
20001220,13914.43
20001221,13423.21
20001222,13427.08
20001225,13931.61
20001226,14007.85
20001227,13981.49
20001228,13946.96
20001229,13785.69
20010104,13691.49
20010105,13867.61
20010109,13610.51
20010110,13432.65
20010111,13201.07
20010112,13347.74
20010115,13506.23
20010116,13584.45
20010117,13667.63
20010118,13873.92
20010119,13989.12
20010122,14032.42
20010123,13984.66
20010124,13893.58
20010125,13803.38
20010126,13696.06
20010129,13845.28
20010130,13826.65
20010131,13843.55
20010201,13779.55
20010202,13703.63
20010205,13385.52
20010206,13269.85
20010207,13366.01
20010208,13138.23
20010209,13422.83
20010213,13274.70
20010214,13284.06
20010215,13327.39
20010216,13175.49
20010219,13119.59
20010220,13248.36
20010221,13100.08
20010222,13073.36
20010223,13246.00
20010226,13201.14
20010227,13059.86
20010228,12883.54
20010301,12681.66
20010302,12261.80
20010305,12322.16
20010306,12687.74
20010307,12723.89
20010308,12650.56
20010309,12627.90
20010312,12171.37
20010313,11819.70
20010314,11843.59
20010315,12152.83
20010316,12232.98
20010319,12190.97
20010321,13103.94
20010322,12853.97
20010323,13214.54
20010326,13862.31
20010327,13638.33
20010328,13765.51
20010329,13072.36
20010330,12999.70
20010402,12937.86
20010403,13124.47
20010404,13242.78
20010405,13381.38
20010406,13383.76
20010409,12841.76
20010410,12620.27
20010411,13174.93
20010412,13352.44
20010413,13385.72
20010416,13254.89
20010417,13067.09
20010418,13641.79
20010419,13868.28
20010420,13765.67
20010423,13715.60
20010424,13743.18
20010425,13827.50
20010426,13973.03
20010427,13934.32
20010501,14425.46
20010502,14421.64
20010507,14529.41
20010508,14289.05
20010509,14084.85
20010510,14017.79
20010511,14043.92
20010514,13873.02
20010515,14054.03
20010516,13694.27
20010517,13910.67
20010518,13877.77
20010521,14176.83
20010522,14091.19
20010523,14067.70
20010524,13895.79
20010525,13765.92
20010528,13737.77
20010529,13773.89
20010530,13493.35
20010531,13262.14
20010601,13261.84
20010604,13312.35
20010605,13182.00
20010606,13174.84
20010607,13277.51
20010608,13430.22
20010611,13226.48
20010612,12840.10
20010613,12823.45
20010614,12846.66
20010615,12790.38
20010618,12697.79
20010619,12574.26
20010620,12674.64
20010621,12962.43
20010622,13044.61
20010625,12896.47
20010626,12978.82
20010627,12828.98
20010628,12679.88
20010629,12969.05
20010702,12751.18
20010703,12817.41
20010704,12629.02
20010705,12607.30
20010706,12306.08
20010709,12239.68
20010710,12300.41
20010711,12005.11
20010712,12407.95
20010713,12355.15
20010716,12343.37
20010717,12128.57
20010718,11892.58
20010719,11908.39
20010723,11609.63
20010724,11883.25
20010725,11891.61
20010726,11858.56
20010727,11798.08
20010730,11579.27
20010731,11860.77
20010801,11959.33
20010802,12399.20
20010803,12241.97
20010806,12243.90
20010807,12319.46
20010808,12163.67
20010809,11754.56
20010810,11735.06
20010813,11477.56
20010814,11917.95
20010815,11755.40
20010816,11515.02
20010817,11445.54
20010820,11257.94
20010821,11280.38
20010822,11396.43
20010823,11126.92
20010824,11166.31
20010827,11275.01
20010828,11189.40
20010829,10979.76
20010830,10938.45
20010831,10713.51
20010903,10409.68
20010904,10772.59
20010905,10598.79
20010906,10650.33
20010907,10516.79
20010910,10195.69
20010911,10292.95
20010912,9610.10
20010913,9613.09
20010914,10008.89
20010917,9504.41
20010918,9679.88
20010919,9939.60
20010920,9785.16
20010921,9554.99
20010925,9693.97
20010926,9641.70
20010927,9696.53
20010928,9774.68
20011001,9972.28
20011002,10136.56
20011003,9924.23
20011004,10205.48
20011005,10205.87
20011009,10011.77
20011010,9964.88
20011011,10347.01
20011012,10632.35
20011015,10452.54
20011016,10637.82
20011017,10755.45
20011018,10474.85
20011019,10538.79
20011022,10565.41
20011023,10861.56
20011024,10802.15
20011025,10880.10
20011026,10795.16
20011029,10612.31
20011030,10512.82
20011031,10366.34
20011101,10347.28
20011102,10383.78
20011105,10447.54
20011106,10633.72
20011107,10284.98
20011108,10431.79
20011109,10215.71
20011112,10081.56
20011113,10030.56
20011114,10086.76
20011115,10489.89
20011116,10649.09
20011119,10727.94
20011120,10575.62
20011121,10661.08
20011122,10696.82
20011126,11064.30
20011127,10948.89
20011128,10624.81
20011129,10655.96
20011130,10697.44
20011203,10370.62
20011204,10452.65
20011205,10713.81
20011206,10857.28
20011207,10796.89
20011210,10571.01
20011211,10473.91
20011212,10801.52
20011213,10433.45
20011214,10511.65
20011217,10323.35
20011218,10432.17
20011219,10471.93
20011220,10434.52
20011221,10335.45
20011225,10254.81
20011226,10192.57
20011227,10457.61
20011228,10542.62
20020104,10871.49
20020107,10942.36
20020108,10695.60
20020109,10663.98
20020110,10538.43
20020111,10441.59
20020115,10208.05
20020116,10177.58
20020117,10128.18
20020118,10293.32
20020121,10280.25
20020122,10050.98
20020123,10040.91
20020124,10074.05
20020125,10144.14
20020128,10220.85
20020129,10026.03
20020130,9919.48
20020131,9997.80
20020201,9791.43
20020204,9631.93
20020205,9475.60
20020206,9420.85
20020207,9583.27
20020208,9686.06
20020212,9877.99
20020213,9968.35
20020214,10081.09
20020215,10048.10
20020218,10093.25
20020219,9847.16
20020220,9834.13
20020221,10295.42
20020222,10356.78
20020225,10296.47
20020226,10202.63
20020227,10573.09
20020228,10587.83
20020301,10812.00
20020304,11450.22
20020305,11348.45
20020306,11358.53
20020307,11648.34
20020308,11885.79
20020311,11919.30
20020312,11607.33
20020313,11415.31
20020314,11568.82
20020315,11648.01
20020318,11498.38
20020319,11792.82
20020320,11526.78
20020322,11345.08
20020325,11261.09
20020326,11207.92
20020327,11323.68
20020328,11333.11
20020329,11024.94
20020401,11028.70
20020402,11204.49
20020403,11400.71
20020404,11379.20
20020405,11335.49
20020408,11352.89
20020409,11114.49
20020410,11218.58
20020411,11147.27
20020412,10962.98
20020415,11137.30
20020416,11346.66
20020417,11543.71
20020418,11575.73
20020419,11512.01
20020422,11721.64
20020423,11736.83
20020424,11672.88
20020425,11648.72
20020426,11541.39
20020430,11492.54
20020501,11552.79
20020502,11551.01
20020507,11316.04
20020508,11520.75
20020509,11633.30
20020510,11531.11
20020513,11336.95
20020514,11356.19
20020515,11642.97
20020516,11738.69
20020517,11847.32
20020520,11856.54
20020521,11801.16
20020522,11961.98
20020523,11979.85
20020524,11976.28
20020527,11976.35
20020528,11936.08
20020529,11853.00
20020530,11770.03
20020531,11763.70
20020603,11901.39
20020604,11653.07
20020605,11663.87
20020606,11574.94
20020607,11438.53
20020610,11370.21
20020611,11449.44
20020612,11327.06
20020613,11144.84
20020614,10920.63
20020617,10664.11
20020618,10839.93
20020619,10476.18
20020620,10612.98
20020621,10354.35
20020624,10471.32
20020625,10496.67
20020626,10074.56
20020627,10261.60
20020628,10621.84
20020701,10595.44
20020702,10622.32
20020703,10812.30
20020704,10632.81
20020705,10826.09
20020708,10769.20
20020709,10960.25
20020710,10752.66
20020711,10485.74
20020712,10601.45
20020715,10375.15
20020716,10250.42
20020717,10296.02
20020718,10498.26
20020719,10202.36
20020722,10189.01
20020723,10215.63
20020724,9947.72
20020725,9929.91
20020726,9591.03
20020729,9666.67
20020730,10003.72
20020731,9877.94
20020801,9793.51
20020802,9709.66
20020805,9704.93
20020806,9501.02
20020807,9834.40
20020808,9799.57
20020809,9999.79
20020812,9747.82
20020813,9688.61
20020814,9638.41
20020815,9795.57
20020816,9788.13
20020819,9599.10
20020820,9620.69
20020821,9642.61
20020822,9814.02
20020823,9867.45
20020826,10067.74
20020827,9907.30
20020828,9766.73
20020829,9620.14
20020830,9619.30
20020902,9521.63
20020903,9217.04
20020904,9075.09
20020905,9222.12
20020906,9129.07
20020909,9306.26
20020910,9309.31
20020911,9400.08
20020912,9415.23
20020913,9241.93
20020917,9543.94
20020918,9472.06
20020919,9669.62
20020920,9481.08
20020924,9321.64
20020925,9165.41
20020926,9320.92
20020927,9530.44
20020930,9383.29
20021001,9162.26
20021002,9049.33
20021003,8936.43
20021004,9027.55
20021007,8688.00
20021008,8708.90
20021009,8539.34
20021010,8439.62
20021011,8529.61
20021015,8836.73
20021016,8884.87
20021017,8959.88
20021018,9086.13
20021021,8978.41
20021022,8689.39
20021023,8714.52
20021024,8614.30
20021025,8726.29
20021028,8757.51
20021029,8708.76
20021030,8756.59
20021031,8640.48
20021101,8685.72
20021105,8937.56
20021106,8953.29
20021107,8920.44
20021108,8690.77
20021111,8460.37
20021112,8464.77
20021113,8438.52
20021114,8303.39
20021115,8503.59
20021118,8346.01
20021119,8365.26
20021120,8459.62
20021121,8668.06
20021122,8772.56
20021125,8944.44
20021126,8823.99
20021127,8875.88
20021128,9176.78
20021129,9215.56
20021202,9174.47
20021203,9205.11
20021204,9006.73
20021205,8917.57
20021206,8863.26
20021209,8828.05
20021210,8804.52
20021211,8727.66
20021212,8708.69
20021213,8516.07
20021216,8450.94
20021217,8510.73
20021218,8344.01
20021219,8387.57
20021220,8406.88
20021224,8512.37
20021225,8501.14
20021226,8700.10
20021227,8714.05
20021230,8578.95
20030106,8713.33
20030107,8656.50
20030108,8517.80
20030109,8497.93
20030110,8470.45
20030114,8553.06
20030115,8611.75
20030116,8609.17
20030117,8690.25
20030120,8558.82
20030121,8708.58
20030122,8611.04
20030123,8790.92
20030124,8731.65
20030127,8609.47
20030128,8525.39
20030129,8331.08
20030130,8316.81
20030131,8339.94
20030203,8500.79
20030204,8484.90
20030205,8549.85
20030206,8484.19
20030207,8448.16
20030210,8484.93
20030212,8664.17
20030213,8599.66
20030214,8701.92
20030217,8771.89
20030218,8692.97
20030219,8678.44
20030220,8650.92
20030221,8513.54
20030224,8564.95
20030225,8360.49
20030226,8356.81
20030227,8359.38
20030228,8363.04
20030303,8490.40
20030304,8480.22
20030305,8472.62
20030306,8369.15
20030307,8144.12
20030310,8042.26
20030311,7862.43
20030312,7943.04
20030313,7868.56
20030314,8002.69
20030317,7871.64
20030318,7954.46
20030319,8051.04
20030320,8195.05
20030324,8435.07
20030325,8238.76
20030326,8351.92
20030327,8368.67
20030328,8280.16
20030331,7972.71
20030401,7986.72
20030402,8069.85
20030403,8017.75
20030404,8074.12
20030407,8249.98
20030408,8131.41
20030409,8057.61
20030410,7980.12
20030411,7816.49
20030414,7752.10
20030415,7838.83
20030416,7879.49
20030417,7821.90
20030418,7874.51
20030421,7969.08
20030422,7790.46
20030423,7793.38
20030424,7854.57
20030425,7699.50
20030428,7607.88
20030430,7831.42
20030501,7863.29
20030502,7907.19
20030506,8083.56
20030507,8109.77
20030508,8031.55
20030509,8152.16
20030512,8221.12
20030513,8190.26
20030514,8244.91
20030515,8123.40
20030516,8117.29
20030519,8039.13
20030520,8059.48
20030521,8018.51
20030522,8051.66
20030523,8184.76
20030526,8227.32
20030527,8120.24
20030528,8234.18
20030529,8375.36
20030530,8424.51
20030602,8547.17
20030603,8564.49
20030604,8557.86
20030605,8657.23
20030606,8785.87
20030609,8822.73
20030610,8789.09
20030611,8890.30
20030612,8918.60
20030613,8980.64
20030616,8839.83
20030617,9033.00
20030618,9092.97
20030619,9110.51
20030620,9120.39
20030623,9137.14
20030624,8919.26
20030625,8932.26
20030626,8923.41
20030627,9104.06
20030630,9083.11
20030701,9278.49
20030702,9592.24
20030703,9624.80
20030704,9547.73
20030707,9795.16
20030708,9898.72
20030709,9990.95
20030710,9955.62
20030711,9635.35
20030714,9755.63
20030715,9751.00
20030716,9735.97
20030717,9498.86
20030718,9527.73
20030722,9485.97
20030723,9615.34
20030724,9671.00
20030725,9648.01
20030728,9839.91
20030729,9834.31
20030730,9632.66
20030731,9563.21
20030801,9611.67
20030804,9452.79
20030805,9382.58
20030806,9323.91
20030807,9265.56
20030808,9327.53
20030811,9487.80
20030812,9564.81
20030813,9752.75
20030814,9913.47
20030815,9863.47
20030818,10032.97
20030819,10174.10
20030820,10292.06
20030821,10362.69
20030822,10281.17
20030825,10276.64
20030826,10332.57
20030827,10308.99
20030828,10225.22
20030829,10343.55
20030901,10670.18
20030902,10690.08
20030903,10715.69
20030904,10646.95
20030905,10650.77
20030908,10683.76
20030909,10922.04
20030910,10856.32
20030911,10546.33
20030912,10712.81
20030916,10887.03
20030917,10990.11
20030918,11033.32
20030919,10938.42
20030922,10475.10
20030924,10502.29
20030925,10310.04
20030926,10318.44
20030929,10229.57
20030930,10219.05
20031001,10361.24
20031002,10593.53
20031003,10709.29
20031006,10740.14
20031007,10820.33
20031008,10542.20
20031009,10531.44
20031010,10786.04
20031014,10966.43
20031015,10899.95
20031016,11025.15
20031017,11037.89
20031020,11161.71
20031021,11031.52
20031022,10889.62
20031023,10335.16
20031024,10335.70
20031027,10454.12
20031028,10561.01
20031029,10739.22
20031030,10695.56
20031031,10559.59
20031104,10847.97
20031105,10837.54
20031106,10552.30
20031107,10628.98
20031110,10504.54
20031111,10207.04
20031112,10226.22
20031113,10337.67
20031114,10167.06
20031117,9786.83
20031118,9897.05
20031119,9614.60
20031120,9865.70
20031121,9852.83
20031125,9960.20
20031126,10144.83
20031127,10163.38
20031128,10100.57
20031201,10403.27
20031202,10410.15
20031203,10326.39
20031204,10429.99
20031205,10373.46
20031208,10045.34
20031209,10124.28
20031210,9910.56
20031211,10075.14
20031212,10169.66
20031215,10490.77
20031216,10271.60
20031217,10092.64
20031218,10104.00
20031219,10284.54
20031222,10372.51
20031224,10371.27
20031225,10365.35
20031226,10417.41
20031229,10500.62
20031230,10676.64
20040105,10825.17
20040106,10813.99
20040107,10757.82
20040108,10837.65
20040109,10965.05
20040113,10849.68
20040114,10863.00
20040115,10665.15
20040116,10857.20
20040119,11036.33
20040120,11103.10
20040121,11002.39
20040122,11000.70
20040123,11069.01
20040126,10972.60
20040127,10928.03
20040128,10852.47
20040129,10779.44
20040130,10783.61
20040202,10776.73
20040203,10641.92
20040204,10447.25
20040205,10464.60
20040206,10460.92
20040209,10402.61
20040210,10365.40
20040212,10459.26
20040213,10557.69
20040216,10548.72
20040217,10701.13
20040218,10676.81
20040219,10753.80
20040220,10720.69
20040223,10868.96
20040224,10644.13
20040225,10658.73
20040226,10815.29
20040227,11041.92
20040301,11271.12
20040302,11361.51
20040303,11351.92
20040304,11401.79
20040305,11537.29
20040308,11502.86
20040309,11532.04
20040310,11433.24
20040311,11297.04
20040312,11162.75
20040315,11317.90
20040316,11242.29
20040317,11436.86
20040318,11484.28
20040319,11418.51
20040322,11318.51
20040323,11281.09
20040324,11364.99
20040325,11530.91
20040326,11770.65
20040329,11718.24
20040330,11693.68
20040331,11715.39
20040401,11683.42
20040402,11815.95
20040405,11958.32
20040406,12079.70
20040407,12019.62
20040408,12092.59
20040409,11897.51
20040412,12042.70
20040413,12127.82
20040414,12098.18
20040415,11800.40
20040416,11824.56
20040419,11764.21
20040420,11952.26
20040421,11944.30
20040422,11980.10
20040423,12120.66
20040426,12163.89
20040427,12044.88
20040428,12004.29
20040430,11761.79
20040506,11571.34
20040507,11438.82
20040510,10884.70
20040511,10907.18
20040512,11153.58
20040513,10825.10
20040514,10849.63
20040517,10505.05
20040518,10711.09
20040519,10967.74
20040520,10862.04
20040521,11070.25
20040524,11101.64
20040525,10962.93
20040526,11152.09
20040527,11166.03
20040528,11309.57
20040531,11236.37
20040601,11296.76
20040602,11242.34
20040603,11027.05
20040604,11128.05
20040607,11439.92
20040608,11521.93
20040609,11449.74
20040610,11575.97
20040611,11526.82
20040614,11491.66
20040615,11387.70
20040616,11641.72
20040617,11607.90
20040618,11382.08
20040621,11600.16
20040622,11581.27
20040623,11580.56
20040624,11744.15
20040625,11780.40
20040628,11884.06
20040629,11860.81
20040630,11858.87
20040701,11896.01
20040702,11721.49
20040705,11541.71
20040706,11475.27
20040707,11384.86
20040708,11322.23
20040709,11423.53
20040712,11582.28
20040713,11608.62
20040714,11356.65
20040715,11409.14
20040716,11436.00
20040720,11258.37
20040721,11433.86
20040722,11285.04
20040723,11187.33
20040726,11159.55
20040727,11031.54
20040728,11204.37
20040729,11116.84
20040730,11325.78
20040802,11222.24
20040803,11140.57
20040804,11010.02
20040805,11060.89
20040806,10972.57
20040809,10908.70
20040810,10953.55
20040811,11049.46
20040812,11028.07
20040813,10757.20
20040816,10687.81
20040817,10725.97
20040818,10774.26
20040819,10903.53
20040820,10889.14
20040823,10960.97
20040824,10985.33
20040825,11130.02
20040826,11129.33
20040827,11209.59
20040830,11184.53
20040831,11081.79
20040901,11127.35
20040902,11152.75
20040903,11022.49
20040906,11244.37
20040907,11298.94
20040908,11279.19
20040909,11170.96
20040910,11083.23
20040913,11253.11
20040914,11295.58
20040915,11158.58
20040916,11139.36
20040917,11082.49
20040921,11080.87
20040922,11019.41
20040924,10895.16
20040927,10859.32
20040928,10815.57
20040929,10786.10
20040930,10823.57
20041001,10985.17
20041004,11279.63
20041005,11281.83
20041006,11385.38
20041007,11354.59
20041008,11349.35
20041012,11201.81
20041013,11195.99
20041014,11034.29
20041015,10982.95
20041018,10965.62
20041019,11064.86
20041020,10882.18
20041021,10789.23
20041022,10857.13
20041025,10659.15
20041026,10672.46
20041027,10691.95
20041028,10853.12
20041029,10771.42
20041101,10734.71
20041102,10887.81
20041104,10946.27
20041105,11061.77
20041108,10983.83
20041109,10964.87
20041110,10994.96
20041111,10846.92
20041112,11019.98
20041115,11227.57
20041116,11161.75
20041117,11131.29
20041118,11082.42
20041119,11082.84
20041122,10849.39
20041124,10872.33
20041125,10900.34
20041126,10833.75
20041129,10977.89
20041130,10899.25
20041201,10784.25
20041202,10973.07
20041203,11074.89
20041206,10981.96
20041207,10873.63
20041208,10941.37
20041209,10776.63
20041210,10756.80
20041213,10789.25
20041214,10915.58
20041215,10956.46
20041216,10924.37
20041217,11078.32
20041220,11103.42
20041221,11125.92
20041222,11209.44
20041224,11365.48
20041227,11362.35
20041228,11424.13
20041229,11381.56
20041230,11488.76
20050104,11517.75
20050105,11437.52
20050106,11492.26
20050107,11433.24
20050111,11539.99
20050112,11453.39
20050113,11358.22
20050114,11438.39
20050117,11487.10
20050118,11423.26
20050119,11405.34
20050120,11284.77
20050121,11238.37
20050124,11289.49
20050125,11276.91
20050126,11376.57
20050127,11341.31
20050128,11320.58
20050131,11387.59
20050201,11384.40
20050202,11407.14
20050203,11389.35
20050204,11360.40
20050207,11499.86
20050208,11490.43
20050209,11473.35
20050210,11553.56
20050214,11632.20
20050215,11646.49
20050216,11601.68
20050217,11582.72
20050218,11660.12
20050221,11651.02
20050222,11597.71
20050223,11500.18
20050224,11531.15
20050225,11658.25
20050228,11740.60
20050301,11780.53
20050302,11813.71
20050303,11856.46
20050304,11873.05
20050307,11925.36
20050308,11886.91
20050309,11966.69
20050310,11864.91
20050311,11923.89
20050314,11850.25
20050315,11821.09
20050316,11873.18
20050317,11775.50
20050318,11879.81
20050322,11841.97
20050323,11739.12
20050324,11745.97
20050325,11761.10
20050328,11792.30
20050329,11599.82
20050330,11565.88
20050331,11668.95
20050401,11723.63
20050404,11667.54
20050405,11774.31
20050406,11827.16
20050407,11810.99
20050408,11874.75
20050411,11745.64
20050412,11670.30
20050413,11637.52
20050414,11563.17
20050415,11370.69
20050418,10938.44
20050419,11065.86
20050420,11088.58
20050421,10984.39
20050422,11045.95
20050425,11073.77
20050426,11035.83
20050427,11005.42
20050428,11008.90
20050502,11002.11
20050506,11192.17
20050509,11171.32
20050510,11159.46
20050511,11120.70
20050512,11077.94
20050513,11049.11
20050516,10947.22
20050517,10825.39
20050518,10835.41
20050519,11077.16
20050520,11037.29
20050523,11158.65
20050524,11133.65
20050525,11014.43
20050526,11027.94
20050527,11192.33
20050530,11266.33
20050531,11276.59
20050601,11329.67
20050602,11280.05
20050603,11300.05
20050606,11270.62
20050607,11217.45
20050608,11281.03
20050609,11160.88
20050610,11304.23
20050613,11311.51
20050614,11335.92
20050615,11415.88
20050616,11416.38
20050617,11514.03
20050620,11483.35
20050621,11488.74
20050622,11547.28
20050623,11576.75
20050624,11537.03
20050627,11414.28
20050628,11513.83
20050629,11577.44
20050630,11584.01
20050701,11630.13
20050704,11651.55
20050705,11616.70
20050706,11603.53
20050707,11590.14
20050708,11565.99
20050711,11674.79
20050712,11692.14
20050713,11659.84
20050714,11764.26
20050715,11758.68
20050719,11764.84
20050720,11789.35
20050721,11786.73
20050722,11695.05
20050725,11762.65
20050726,11737.96
20050727,11835.08
20050728,11858.31
20050729,11899.60
20050801,11946.92
20050802,11940.20
20050803,11981.80
20050804,11883.31
20050805,11766.48
20050808,11778.98
20050809,11900.32
20050810,12098.08
20050811,12263.32
20050812,12261.68
20050815,12256.55
20050816,12315.67
20050817,12273.12
20050818,12307.37
20050819,12291.73
20050822,12452.51
20050823,12472.93
20050824,12502.26
20050825,12405.16
20050826,12439.48
20050829,12309.83
20050830,12453.14
20050831,12413.60
20050901,12506.97
20050902,12600.00
20050905,12634.88
20050906,12599.43
20050907,12607.59
20050908,12533.89
20050909,12692.04
20050912,12896.43
20050913,12901.95
20050914,12834.25
20050915,12986.78
20050916,12958.68
20050920,13148.57
20050921,13196.57
20050922,13159.36
20050926,13392.63
20050927,13310.04
20050928,13435.91
20050929,13617.24
20050930,13574.30
20051003,13525.28
20051004,13738.84
20051005,13689.89
20051006,13359.51
20051007,13227.74
20051011,13556.71
20051012,13463.74
20051013,13449.24
20051014,13420.54
20051017,13400.29
20051018,13352.24
20051019,13129.49
20051020,13190.46
20051021,13199.95
20051024,13106.18
20051025,13280.62
20051026,13395.02
20051027,13417.08
20051028,13346.54
20051031,13606.50
20051101,13867.86
20051102,13894.78
20051104,14075.96
20051107,14061.60
20051108,14036.73
20051109,14072.20
20051110,14080.88
20051111,14155.06
20051114,14116.04
20051115,14091.77
20051116,14170.87
20051117,14411.79
20051118,14623.12
20051121,14680.43
20051122,14708.32
20051124,14742.58
20051125,14784.29
20051128,14986.94
20051129,14927.70
20051130,14872.15
20051201,15130.50
20051202,15421.60
20051205,15551.31
20051206,15423.38
20051207,15484.66
20051208,15183.36
20051209,15404.05
20051212,15738.70
20051213,15778.86
20051214,15464.58
20051215,15254.44
20051216,15173.07
20051219,15391.48
20051220,15641.26
20051221,15957.57
20051222,15941.37
20051226,16107.67
20051227,15969.40
20051228,16194.61
20051229,16344.20
20051230,16111.43
20060104,16361.54
20060105,16425.37
20060106,16428.21
20060110,16124.35
20060111,16363.59
20060112,16445.19
20060113,16454.95
20060116,16268.03
20060117,15805.95
20060118,15341.18
20060119,15696.28
20060120,15696.69
20060123,15360.65
20060124,15648.89
20060125,15651.00
20060126,15891.02
20060127,16460.68
20060130,16551.23
20060131,16649.82
20060201,16480.09
20060202,16710.55
20060203,16659.64
20060206,16747.76
20060207,16720.99
20060208,16272.68
20060209,16439.67
20060210,16257.83
20060213,15877.66
20060214,16184.87
20060215,15932.83
20060216,16043.67
20060217,15713.45
20060220,15437.93
20060221,15894.94
20060222,15781.78
20060223,16096.10
20060224,16101.91
20060227,16192.95
20060228,16205.43
20060301,15964.46
20060302,15909.76
20060303,15663.34
20060306,15901.16
20060307,15726.02
20060308,15627.49
20060309,16036.91
20060310,16115.63
20060313,16361.51
20060314,16238.36
20060315,16319.04
20060316,16096.21
20060317,16339.73
20060320,16624.80
20060322,16495.48
20060323,16489.37
20060324,16560.87
20060327,16650.10
20060328,16690.24
20060329,16938.41
20060330,17045.34
20060331,17059.66
20060403,17333.31
20060404,17292.91
20060405,17243.98
20060406,17489.33
20060407,17563.37
20060410,17456.58
20060411,17418.13
20060412,17162.55
20060413,17199.15
20060414,17233.82
20060417,17000.36
20060418,17232.86
20060419,17350.12
20060420,17317.53
20060421,17403.96
20060424,16914.40
20060425,16970.29
20060426,17055.93
20060427,17114.54
20060428,16906.23
20060501,16925.71
20060502,17153.77
20060508,17291.67
20060509,17190.91
20060510,16951.93
20060511,16862.14
20060512,16601.78
20060515,16486.91
20060516,16158.42
20060517,16307.67
20060518,16087.18
20060519,16155.45
20060522,15857.87
20060523,15599.20
20060524,15907.20
20060525,15693.75
20060526,15970.76
20060529,15915.68
20060530,15859.45
20060531,15467.33
20060601,15503.74
20060602,15789.31
20060605,15668.31
20060606,15384.86
20060607,15096.01
20060608,14633.03
20060609,14750.84
20060612,14833.01
20060613,14218.60
20060614,14309.56
20060615,14470.76
20060616,14879.34
20060619,14860.35
20060620,14648.41
20060621,14644.26
20060622,15135.69
20060623,15124.04
20060626,15152.40
20060627,15171.81
20060628,14886.11
20060629,15121.15
20060630,15505.18
20060703,15571.62
20060704,15638.50
20060705,15523.94
20060706,15321.40
20060707,15307.61
20060710,15552.81
20060711,15473.82
20060712,15249.32
20060713,15097.95
20060714,14845.24
20060718,14437.24
20060719,14500.26
20060720,14946.84
20060721,14821.26
20060724,14794.50
20060725,15005.24
20060726,14884.07
20060727,15179.78
20060728,15342.87
20060731,15456.81
20060801,15440.91
20060802,15464.29
20060803,15470.37
20060804,15499.18
20060807,15154.06
20060808,15464.66
20060809,15656.59
20060810,15630.91
20060811,15565.02
20060814,15857.11
20060815,15816.19
20060816,16071.36
20060817,16020.84
20060818,16105.98
20060821,15969.04
20060822,16181.17
20060823,16163.03
20060824,15960.62
20060825,15938.66
20060828,15762.59
20060829,15890.56
20060830,15872.02
20060831,16140.76
20060901,16134.25
20060904,16358.07
20060905,16385.96
20060906,16284.09
20060907,16012.41
20060908,16080.46
20060911,15794.38
20060912,15719.34
20060913,15750.05
20060914,15942.39
20060915,15866.93
20060919,15874.28
20060920,15718.67
20060921,15834.23
20060922,15634.67
20060925,15633.81
20060926,15557.45
20060927,15947.87
20060928,16024.85
20060929,16127.58
20061002,16254.29
20061003,16242.09
20061004,16082.55
20061005,16449.33
20061006,16436.06
20061010,16477.25
20061011,16400.57
20061012,16368.81
20061013,16536.54
20061016,16692.76
20061017,16611.59
20061018,16653.00
20061019,16551.36
20061020,16651.63
20061023,16788.82
20061024,16780.47
20061025,16699.30
20061026,16811.60
20061027,16669.07
20061030,16351.85
20061031,16399.39
20061101,16375.26
20061102,16350.02
20061106,16364.76
20061107,16393.41
20061108,16215.74
20061109,16198.57
20061110,16112.43
20061113,16022.49
20061114,16289.55
20061115,16243.47
20061116,16163.87
20061117,16091.73
20061120,15725.94
20061121,15734.14
20061122,15914.23
20061124,15734.60
20061127,15885.38
20061128,15855.26
20061129,16076.20
20061130,16274.33
20061201,16321.78
20061204,16303.59
20061205,16265.76
20061206,16371.28
20061207,16473.36
20061208,16417.82
20061211,16527.99
20061212,16637.78
20061213,16692.93
20061214,16829.20
20061215,16914.31
20061218,16962.11
20061219,16776.88
20061220,17011.04
20061221,17047.83
20061222,17104.96
20061225,17092.89
20061226,17169.19
20061227,17223.15
20061228,17224.81
20061229,17225.83
20070104,17353.67
20070105,17091.59
20070109,17237.77
20070110,16942.40
20070111,16838.17
20070112,17057.01
20070115,17209.92
20070116,17202.46
20070117,17261.35
20070118,17370.93
20070119,17310.44
20070122,17424.18
20070123,17408.57
20070124,17507.40
20070125,17458.30
20070126,17421.93
20070129,17470.46
20070130,17490.19
20070131,17383.42
20070201,17519.50
20070202,17547.11
20070205,17344.80
20070206,17406.86
20070207,17292.32
20070208,17292.48
20070209,17504.33
20070213,17621.45
20070214,17752.64
20070215,17897.23
20070216,17875.65
20070219,17940.09
20070220,17939.12
20070221,17913.21
20070222,18108.79
20070223,18188.42
20070226,18215.35
20070227,18119.92
20070228,17604.12
20070301,17453.51
20070302,17217.93
20070305,16642.25
20070306,16844.50
20070307,16764.62
20070308,17090.31
20070309,17164.04
20070312,17292.39
20070313,17178.84
20070314,16676.89
20070315,16860.39
20070316,16744.15
20070319,17009.55
20070320,17163.20
20070322,17419.20
20070323,17480.61
20070326,17521.96
20070327,17365.05
20070328,17254.73
20070329,17263.94
20070330,17287.65
20070402,17028.41
20070403,17244.05
20070404,17544.09
20070405,17491.42
20070406,17484.78
20070409,17743.76
20070410,17664.69
20070411,17670.07
20070412,17540.42
20070413,17363.95
20070416,17628.30
20070417,17527.45
20070418,17667.33
20070419,17371.97
20070420,17452.62
20070423,17455.37
20070424,17451.77
20070425,17236.16
20070426,17429.17
20070427,17400.41
20070501,17274.98
20070502,17394.92
20070507,17669.83
20070508,17656.84
20070509,17748.12
20070510,17736.96
20070511,17553.72
20070514,17677.94
20070515,17512.98
20070516,17529.00
20070517,17498.60
20070518,17399.58
20070521,17556.87
20070522,17680.05
20070523,17705.12
20070524,17696.97
20070525,17481.21
20070528,17587.59
20070529,17672.56
20070530,17588.26
20070531,17875.75
20070601,17958.88
20070604,17973.42
20070605,18053.81
20070606,18040.93
20070607,18053.38
20070608,17779.09
20070611,17834.48
20070612,17760.91
20070613,17732.77
20070614,17842.29
20070615,17971.49
20070618,18149.52
20070619,18163.61
20070620,18211.68
20070621,18240.30
20070622,18188.63
20070625,18087.48
20070626,18066.11
20070627,17849.28
20070628,17932.27
20070629,18138.36
20070702,18146.30
20070703,18149.90
20070704,18168.72
20070705,18221.48
20070706,18140.94
20070709,18261.98
20070710,18252.67
20070711,18049.51
20070712,17984.14
20070713,18238.95
20070717,18217.27
20070718,18015.58
20070719,18116.57
20070720,18157.93
20070723,17963.64
20070724,18002.03
20070725,17858.42
20070726,17702.09
20070727,17283.81
20070730,17289.30
20070731,17248.89
20070801,16870.98
20070802,16984.11
20070803,16979.86
20070806,16914.46
20070807,16921.77
20070808,17029.28
20070809,17170.60
20070810,16764.09
20070813,16800.05
20070814,16844.61
20070815,16475.61
20070816,16148.49
20070817,15273.68
20070820,15732.48
20070821,15901.34
20070822,15900.64
20070823,16316.32
20070824,16248.97
20070827,16301.39
20070828,16287.49
20070829,16012.83
20070830,16153.82
20070831,16569.09
20070903,16524.93
20070904,16420.47
20070905,16158.45
20070906,16257.00
20070907,16122.16
20070910,15764.97
20070911,15877.67
20070912,15797.60
20070913,15821.19
20070914,16127.42
20070918,15801.80
20070919,16381.54
20070920,16413.79
20070921,16312.61
20070925,16401.73
20070926,16435.74
20070927,16832.22
20070928,16785.69
20071001,16845.96
20071002,17046.78
20071003,17199.89
20071004,17092.49
20071005,17065.04
20071009,17159.90
20071010,17177.89
20071011,17458.98
20071012,17331.17
20071015,17358.15
20071016,17137.92
20071017,16955.31
20071018,17106.09
20071019,16814.37
20071022,16438.47
20071023,16450.58
20071024,16358.39
20071025,16284.17
20071026,16505.63
20071029,16698.08
20071030,16651.01
20071031,16737.63
20071101,16870.40
20071102,16517.48
20071105,16268.92
20071106,16249.63
20071107,16096.68
20071108,15771.57
20071109,15583.42
20071112,15197.09
20071113,15126.63
20071114,15499.56
20071115,15396.30
20071116,15154.61
20071119,15042.56
20071120,15211.52
20071121,14837.66
20071122,14888.77
20071126,15135.21
20071127,15222.85
20071128,15153.78
20071129,15513.74
20071130,15680.67
20071203,15628.97
20071204,15480.19
20071205,15608.88
20071206,15874.08
20071207,15956.37
20071210,15924.39
20071211,16044.72
20071212,15932.26
20071213,15536.52
20071214,15514.51
20071217,15249.79
20071218,15207.86
20071219,15030.51
20071220,15031.60
20071221,15257.00
20071225,15552.59
20071226,15653.54
20071227,15564.69
20071228,15307.78
20080104,14691.41
20080107,14500.55
20080108,14528.67
20080109,14599.16
20080110,14388.11
20080111,14110.79
20080115,13972.63
20080116,13504.51
20080117,13783.45
20080118,13861.29
20080121,13325.94
20080122,12573.05
20080123,12829.06
20080124,13092.78
20080125,13629.16
20080128,13087.91
20080129,13478.86
20080130,13345.03
20080131,13592.47
20080201,13497.16
20080204,13859.70
20080205,13745.50
20080206,13099.24
20080207,13207.15
20080208,13017.24
20080212,13021.96
20080213,13068.30
20080214,13626.45
20080215,13622.56
20080218,13635.40
20080219,13757.91
20080220,13310.37
20080221,13688.28
20080222,13500.46
20080225,13914.57
20080226,13824.72
20080227,14031.30
20080228,13925.51
20080229,13603.02
20080303,12992.18
20080304,12992.28
20080305,12972.06
20080306,13215.42
20080307,12782.80
20080310,12532.13
20080311,12658.28
20080312,12861.13
20080313,12433.44
20080314,12241.60
20080317,11787.51
20080318,11964.16
20080319,12260.44
20080321,12482.57
20080324,12480.09
20080325,12745.22
20080326,12706.63
20080327,12604.58
20080328,12820.47
20080331,12525.54
20080401,12656.42
20080402,13189.36
20080403,13389.90
20080404,13293.22
20080407,13450.23
20080408,13250.43
20080409,13111.89
20080410,12945.30
20080411,13323.73
20080414,12917.51
20080415,12990.58
20080416,13146.13
20080417,13398.30
20080418,13476.45
20080421,13696.55
20080422,13547.82
20080423,13579.16
20080424,13540.87
20080425,13863.47
20080428,13894.37
20080430,13849.99
20080501,13766.86
20080502,14049.26
20080507,14102.48
20080508,13943.26
20080509,13655.34
20080512,13743.36
20080513,13953.73
20080514,14118.55
20080515,14251.74
20080516,14219.48
20080519,14269.61
20080520,14160.09
20080521,13926.30
20080522,13978.46
20080523,14012.20
20080526,13690.19
20080527,13893.31
20080528,13709.44
20080529,14124.47
20080530,14338.54
20080602,14440.14
20080603,14209.17
20080604,14435.57
20080605,14341.12
20080606,14489.44
20080609,14181.38
20080610,14021.17
20080611,14183.48
20080612,13888.60
20080613,13973.73
20080616,14354.37
20080617,14348.37
20080618,14452.82
20080619,14130.17
20080620,13942.08
20080623,13857.47
20080624,13849.56
20080625,13829.92
20080626,13822.32
20080627,13544.36
20080630,13481.38
20080701,13463.20
20080702,13286.37
20080703,13265.40
20080704,13237.89
20080707,13360.04
20080708,13033.10
20080709,13052.13
20080710,13067.21
20080711,13039.69
20080714,13010.16
20080715,12754.56
20080716,12760.80
20080717,12887.95
20080718,12803.70
20080722,13184.96
20080723,13312.93
20080724,13603.31
20080725,13334.76
20080728,13353.78
20080729,13159.45
20080730,13367.79
20080731,13376.81
20080801,13094.59
20080804,12933.18
20080805,12914.66
20080806,13254.89
20080807,13124.99
20080808,13168.41
20080811,13430.91
20080812,13303.60
20080813,13023.05
20080814,12956.80
20080815,13019.41
20080818,13165.45
20080819,12865.05
20080820,12851.69
20080821,12752.21
20080822,12666.04
20080825,12878.66
20080826,12778.71
20080827,12752.96
20080828,12768.25
20080829,13072.87
20080901,12834.18
20080902,12609.47
20080903,12689.59
20080904,12557.66
20080905,12212.23
20080908,12624.46
20080909,12400.65
20080910,12346.63
20080911,12102.50
20080912,12214.76
20080916,11609.72
20080917,11749.79
20080918,11489.30
20080919,11920.86
20080922,12090.59
20080924,12115.03
20080925,12006.53
20080926,11893.16
20080929,11743.61
20080930,11259.86
20081001,11368.26
20081002,11154.76
20081003,10938.14
20081006,10473.09
20081007,10155.90
20081008,9203.32
20081009,9157.49
20081010,8276.43
20081014,9447.57
20081015,9547.47
20081016,8458.45
20081017,8693.82
20081020,9005.59
20081021,9306.25
20081022,8674.69
20081023,8460.98
20081024,7649.08
20081027,7162.90
20081028,7621.92
20081029,8211.90
20081030,9029.76
20081031,8576.98
20081104,9114.60
20081105,9521.24
20081106,8899.14
20081107,8583.00
20081110,9081.43
20081111,8809.30
20081112,8695.51
20081113,8238.64
20081114,8462.39
20081117,8522.58
20081118,8328.41
20081119,8273.22
20081120,7703.04
20081121,7910.79
20081125,8323.93
20081126,8213.22
20081127,8373.39
20081128,8512.27
20081201,8397.22
20081202,7863.69
20081203,8004.10
20081204,7924.24
20081205,7917.51
20081208,8329.05
20081209,8395.87
20081210,8660.24
20081211,8720.55
20081212,8235.87
20081215,8664.66
20081216,8568.02
20081217,8612.52
20081218,8667.23
20081219,8588.52
20081222,8723.78
20081224,8517.10
20081225,8599.50
20081226,8739.52
20081229,8747.17
20081230,8859.56
20090105,9043.12
20090106,9080.84
20090107,9239.24
20090108,8876.42
20090109,8836.80
20090113,8413.91
20090114,8438.45
20090115,8023.31
20090116,8230.15
20090119,8256.85
20090120,8065.79
20090121,7901.64
20090122,8051.74
20090123,7745.25
20090126,7682.14
20090127,8061.07
20090128,8106.29
20090129,8251.24
20090130,7994.05
20090202,7873.98
20090203,7825.51
20090204,8038.94
20090205,7949.65
20090206,8076.62
20090209,7969.03
20090210,7945.94
20090212,7705.36
20090213,7779.40
20090216,7750.17
20090217,7645.51
20090218,7534.44
20090219,7557.65
20090220,7416.38
20090223,7376.16
20090224,7268.56
20090225,7461.22
20090226,7457.93
20090227,7568.42
20090302,7280.15
20090303,7229.72
20090304,7290.96
20090305,7433.49
20090306,7173.10
20090309,7086.03
20090310,7054.98
20090311,7376.12
20090312,7198.25
20090313,7569.28
20090316,7704.15
20090317,7949.13
20090318,7972.17
20090319,7945.96
20090323,8215.53
20090324,8488.30
20090325,8479.99
20090326,8636.33
20090327,8626.97
20090330,8236.08
20090331,8109.53
20090401,8351.91
20090402,8719.78
20090403,8749.84
20090406,8857.93
20090407,8832.85
20090408,8595.01
20090409,8916.06
20090410,8964.11
20090413,8924.43
20090414,8842.68
20090415,8742.96
20090416,8755.26
20090417,8907.58
20090420,8924.75
20090421,8711.33
20090422,8727.30
20090423,8847.01
20090424,8707.99
20090427,8726.34
20090428,8493.77
20090430,8828.26
20090501,8977.37
20090507,9385.70
20090508,9432.83
20090511,9451.98
20090512,9298.61
20090513,9340.49
20090514,9093.73
20090515,9265.02
20090518,9038.69
20090519,9290.29
20090520,9344.64
20090521,9264.15
20090522,9225.81
20090525,9347.00
20090526,9310.81
20090527,9438.77
20090528,9451.39
20090529,9522.50
20090601,9677.75
20090602,9704.31
20090603,9741.67
20090604,9668.96
20090605,9768.01
20090608,9865.63
20090609,9786.82
20090610,9991.49
20090611,9981.33
20090612,10135.82
20090615,10039.67
20090616,9752.88
20090617,9840.85
20090618,9703.72
20090619,9786.26
20090622,9826.27
20090623,9549.61
20090624,9590.32
20090625,9796.08
20090626,9877.39
20090629,9783.47
20090630,9958.44
20090701,9939.93
20090702,9876.15
20090703,9816.07
20090706,9680.87
20090707,9647.79
20090708,9420.75
20090709,9291.06
20090710,9287.28
20090713,9050.33
20090714,9261.81
20090715,9269.25
20090716,9344.16
20090717,9395.32
20090721,9652.02
20090722,9723.16
20090723,9792.94
20090724,9944.55
20090727,10088.66
20090728,10087.26
20090729,10113.24
20090730,10165.21
20090731,10356.83
20090803,10352.47
20090804,10375.01
20090805,10252.53
20090806,10388.09
20090807,10412.09
20090810,10524.26
20090811,10585.46
20090812,10435.00
20090813,10517.19
20090814,10597.33
20090817,10268.61
20090818,10284.96
20090819,10204.00
20090820,10383.41
20090821,10238.20
20090824,10581.05
20090825,10497.36
20090826,10639.71
20090827,10473.97
20090828,10534.14
20090831,10492.53
20090902,10280.46
20090903,10214.64
20090904,10187.11
20090907,10320.94
20090908,10393.23
20090909,10312.14
20090910,10513.67
20090911,10444.33
20090914,10202.06
20090915,10217.62
20090916,10270.77
20090917,10443.80
20090918,10370.54
20090924,10544.22
20090925,10265.98
20090928,10009.52
20090929,10100.20
20090930,10133.23
20091001,9978.64
20091002,9731.87
20091005,9674.49
20091006,9691.80
20091007,9799.60
20091008,9832.47
20091009,10016.39
20091013,10076.56
20091014,10060.21
20091015,10238.65
20091016,10257.56
20091019,10236.51
20091020,10336.84
20091021,10333.39
20091022,10267.17
20091023,10282.99
20091026,10362.62
20091027,10212.46
20091028,10075.05
20091029,9891.10
20091030,10034.74
20091102,9802.95
20091104,9844.31
20091105,9717.44
20091106,9789.35
20091109,9808.99
20091110,9870.73
20091111,9871.68
20091112,9804.49
20091113,9770.31
20091116,9791.18
20091117,9729.93
20091118,9676.80
20091119,9549.47
20091120,9497.68
20091124,9401.58
20091125,9441.64
20091126,9383.24
20091127,9081.52
20091130,9345.55
20091201,9572.20
20091202,9608.94
20091203,9977.67
20091204,10022.59
20091207,10167.60
20091208,10140.47
20091209,10004.72
20091210,9862.82
20091211,10107.87
20091214,10105.68
20091215,10083.48
20091216,10177.41
20091217,10163.80
20091218,10142.05
20091221,10183.47
20091222,10378.03
20091224,10536.92
20091225,10494.71
20091228,10634.23
20091229,10638.06
20091230,10546.44
20100104,10654.79
20100105,10681.83
20100106,10731.45
20100107,10681.66
20100108,10798.32
20100112,10879.14
20100113,10735.03
20100114,10907.68
20100115,10982.10
20100118,10855.08
20100119,10764.90
20100120,10737.52
20100121,10868.41
20100122,10590.55
20100125,10512.69
20100126,10325.28
20100127,10252.08
20100128,10414.29
20100129,10198.04
20100201,10205.02
20100202,10371.09
20100203,10404.33
20100204,10355.98
20100205,10057.09
20100208,9951.82
20100209,9932.90
20100210,9963.99
20100212,10092.19
20100215,10013.30
20100216,10034.25
20100217,10306.83
20100218,10335.69
20100219,10123.58
20100222,10400.47
20100223,10352.10
20100224,10198.83
20100225,10101.96
20100226,10126.03
20100301,10172.06
20100302,10221.84
20100303,10253.14
20100304,10145.72
20100305,10368.96
20100308,10585.92
20100309,10567.65
20100310,10563.92
20100311,10664.95
20100312,10751.26
20100315,10751.98
20100316,10721.71
20100317,10846.98
20100318,10744.03
20100319,10824.72
20100323,10774.15
20100324,10815.03
20100325,10828.85
20100326,10996.37
20100329,10986.47
20100330,11097.14
20100331,11089.94
20100401,11244.40
20100402,11286.09
20100405,11339.30
20100406,11282.32
20100407,11292.83
20100408,11168.20
20100409,11204.34
20100412,11251.90
20100413,11161.23
20100414,11204.90
20100415,11273.79
20100416,11102.18
20100419,10908.77
20100420,10900.68
20100421,11090.05
20100422,10949.09
20100423,10914.46
20100426,11165.79
20100427,11212.66
20100428,10924.79
20100430,11057.40
20100506,10695.69
20100507,10364.59
20100510,10530.70
20100511,10411.10
20100512,10394.03
20100513,10620.55
20100514,10462.51
20100517,10235.76
20100518,10242.64
20100519,10186.84
20100520,10030.31
20100521,9784.54
20100524,9758.40
20100525,9459.89
20100526,9522.66
20100527,9639.72
20100528,9762.98
20100531,9768.70
20100601,9711.83
20100602,9603.24
20100603,9914.19
20100604,9901.19
20100607,9520.80
20100608,9537.94
20100609,9439.13
20100610,9542.65
20100611,9705.25
20100614,9879.85
20100615,9887.89
20100616,10067.15
20100617,9999.40
20100618,9995.02
20100621,10238.01
20100622,10112.89
20100623,9923.70
20100624,9928.34
20100625,9737.48
20100628,9693.94
20100629,9570.67
20100630,9382.64
20100701,9191.60
20100702,9203.71
20100705,9266.78
20100706,9338.04
20100707,9279.65
20100708,9535.74
20100709,9585.32
20100712,9548.11
20100713,9537.23
20100714,9795.24
20100715,9685.53
20100716,9408.36
20100721,9278.83
20100722,9220.88
20100723,9430.96
20100726,9503.66
20100727,9496.85
20100728,9753.27
20100729,9696.02
20100730,9537.30
20100802,9570.31
20100803,9694.01
20100804,9489.34
20100805,9653.92
20100806,9642.12
20100809,9572.49
20100810,9551.05
20100811,9292.85
20100812,9212.59
20100813,9253.46
20100816,9196.67
20100817,9161.68
20100818,9240.54
20100819,9362.68
20100820,9179.38
20100823,9116.69
20100824,8995.14
20100825,8845.39
20100826,8906.48
20100827,8991.06
20100830,9149.26
20100831,8824.06
20100901,8927.02
20100902,9062.84
20100903,9114.13
20100906,9301.32
20100907,9226.00
20100908,9024.60
20100909,9098.39
20100910,9239.17
20100913,9321.82
20100914,9299.31
20100916,9509.50
20100917,9626.09
20100921,9602.11
20100922,9566.32
20100924,9471.67
20100927,9603.14
20100928,9495.76
20100929,9559.38
20100930,9369.35
20101001,9404.23
20101004,9381.06
20101005,9518.76
20101006,9691.43
20101007,9684.81
20101008,9588.88
20101012,9388.64
20101013,9403.51
20101014,9583.51
20101015,9500.25
20101018,9498.49
20101019,9539.45
20101020,9381.60
20101021,9376.48
20101022,9426.71
20101025,9401.16
20101026,9377.38
20101027,9387.03
20101028,9366.03
20101029,9202.45
20101101,9154.72
20101102,9159.98
20101104,9358.78
20101105,9625.99
20101108,9732.92
20101109,9694.49
20101110,9830.52
20101111,9861.46
20101112,9724.81
20101115,9827.51
20101116,9797.10
20101117,9811.66
20101118,10013.63
20101119,10022.39
20101122,10115.19
20101124,10030.11
20101125,10079.76
20101126,10039.56
20101129,10125.99
20101130,9937.04
20101201,9988.05
20101202,10168.52
20101203,10178.32
20101206,10167.23
20101207,10141.10
20101208,10232.33
20101209,10285.88
20101210,10211.95
20101213,10293.89
20101214,10316.77
20101215,10309.78
20101216,10311.29
20101217,10303.83
20101220,10216.41
20101221,10370.53
20101222,10346.48
20101224,10279.19
20101227,10355.99
20101228,10292.63
20101229,10344.54
20101230,10228.92
20110104,10398.10
20110105,10380.77
20110106,10529.76
20110107,10541.04
20110111,10510.68
20110112,10512.80
20110113,10589.76
20110114,10499.04
20110117,10502.86
20110118,10518.98
20110119,10557.10
20110120,10437.31
20110121,10274.52
20110124,10345.11
20110125,10464.42
20110126,10401.90
20110127,10478.66
20110128,10360.34
20110131,10237.92
20110201,10274.50
20110202,10457.36
20110203,10431.36
20110204,10543.52
20110207,10592.04
20110208,10635.98
20110209,10617.83
20110210,10605.65
20110214,10725.54
20110215,10746.67
20110216,10808.29
20110217,10836.64
20110218,10842.80
20110221,10857.53
20110222,10664.70
20110223,10579.10
20110224,10452.71
20110225,10526.76
20110228,10624.09
20110301,10754.03
20110302,10492.38
20110303,10586.02
20110304,10693.66
20110307,10505.02
20110308,10525.19
20110309,10589.50
20110310,10434.38
20110311,10254.43
20110314,9620.49
20110315,8605.15
20110316,9093.72
20110317,8962.67
20110318,9206.75
20110322,9608.32
20110323,9449.47
20110324,9435.01
20110325,9536.13
20110328,9478.53
20110329,9459.08
20110330,9708.79
20110331,9755.10
20110401,9708.39
20110404,9718.89
20110405,9615.55
20110406,9584.37
20110407,9590.93
20110408,9768.08
20110411,9719.70
20110412,9555.26
20110413,9641.18
20110414,9653.92
20110415,9591.52
20110418,9556.65
20110419,9441.03
20110420,9606.82
20110421,9685.77
20110422,9682.21
20110425,9671.96
20110426,9558.69
20110427,9691.84
20110428,9849.74
20110502,10004.20
20110506,9859.20
20110509,9794.38
20110510,9818.76
20110511,9864.26
20110512,9716.65
20110513,9648.77
20110516,9558.30
20110517,9567.02
20110518,9662.08
20110519,9620.82
20110520,9607.08
20110523,9460.63
20110524,9477.17
20110525,9422.88
20110526,9562.05
20110527,9521.94
20110530,9504.97
20110531,9693.73
20110601,9719.61
20110602,9555.04
20110603,9492.21
20110606,9380.35
20110607,9442.95
20110608,9449.46
20110609,9467.15
20110610,9514.44
20110613,9448.21
20110614,9547.79
20110615,9574.32
20110616,9411.28
20110617,9351.40
20110620,9354.32
20110621,9459.66
20110622,9629.43
20110623,9596.74
20110624,9678.71
20110627,9578.31
20110628,9648.98
20110629,9797.26
20110630,9816.09
20110701,9868.07
20110704,9965.09
20110705,9972.46
20110706,10082.48
20110707,10071.14
20110708,10137.73
20110711,10069.53
20110712,9925.92
20110713,9963.14
20110714,9936.12
20110715,9974.47
20110719,9889.72
20110720,10005.90
20110721,10010.39
20110722,10132.11
20110725,10050.01
20110726,10097.72
20110727,10047.19
20110728,9901.35
20110729,9833.03
20110801,9965.01
20110802,9844.59
20110803,9637.14
20110804,9659.18
20110805,9299.88
20110808,9097.56
20110809,8944.48
20110810,9038.74
20110811,8981.94
20110812,8963.72
20110815,9086.41
20110816,9107.43
20110817,9057.26
20110818,8943.76
20110819,8719.24
20110822,8628.13
20110823,8733.01
20110824,8639.61
20110825,8772.36
20110826,8797.78
20110829,8851.35
20110830,8953.90
20110831,8955.20
20110901,9060.80
20110902,8950.74
20110905,8784.46
20110906,8590.57
20110907,8763.41
20110908,8793.12
20110909,8737.66
20110912,8535.67
20110913,8616.55
20110914,8518.57
20110915,8668.86
20110916,8864.16
20110920,8721.24
20110921,8741.16
20110922,8560.26
20110926,8374.13
20110927,8609.95
20110928,8615.65
20110929,8701.23
20110930,8700.29
20111003,8545.48
20111004,8456.12
20111005,8382.98
20111006,8522.02
20111007,8605.62
20111011,8773.68
20111012,8738.90
20111013,8823.25
20111014,8747.96
20111017,8879.60
20111018,8741.91
20111019,8772.54
20111020,8682.15
20111021,8678.89
20111024,8843.98
20111025,8762.31
20111026,8748.47
20111027,8926.54
20111028,9050.47
20111031,8988.39
20111101,8835.52
20111102,8640.42
20111104,8801.40
20111107,8767.09
20111108,8655.51
20111109,8755.44
20111110,8500.80
20111111,8514.47
20111114,8603.70
20111115,8541.93
20111116,8463.16
20111117,8479.63
20111118,8374.91
20111121,8348.27
20111122,8314.74
20111124,8165.18
20111125,8160.01
20111128,8287.49
20111129,8477.82
20111130,8434.61
20111201,8597.38
20111202,8643.75
20111205,8695.98
20111206,8575.16
20111207,8722.17
20111208,8664.58
20111209,8536.46
20111212,8653.82
20111213,8552.81
20111214,8519.13
20111215,8377.37
20111216,8401.72
20111219,8296.12
20111220,8336.48
20111221,8459.98
20111222,8395.16
20111226,8479.34
20111227,8440.56
20111228,8423.62
20111229,8398.89
20111230,8455.35
20120104,8560.11
20120105,8488.71
20120106,8390.35
20120110,8422.26
20120111,8447.88
20120112,8385.59
20120113,8500.02
20120116,8378.36
20120117,8466.40
20120118,8550.58
20120119,8639.68
20120120,8766.36
20120123,8765.90
20120124,8785.33
20120125,8883.69
20120126,8849.47
20120127,8841.22
20120130,8793.05
20120131,8802.51
20120201,8809.79
20120202,8876.82
20120203,8831.93
20120206,8929.20
20120207,8917.52
20120208,9015.59
20120209,9002.24
20120210,8947.17
20120213,8999.18
20120214,9052.07
20120215,9260.34
20120216,9238.10
20120217,9384.17
20120220,9485.09
20120221,9463.02
20120222,9554.00
20120223,9595.57
20120224,9647.38
20120227,9633.93
20120228,9722.52
20120229,9723.24
20120301,9707.37
20120302,9777.03
20120305,9698.59
20120306,9637.63
20120307,9576.06
20120308,9768.96
20120309,9929.74
20120312,9889.86
20120313,9899.08
20120314,10050.52
20120315,10123.28
20120316,10129.83
20120319,10141.99
20120321,10086.49
20120322,10127.08
20120323,10011.47
20120326,10018.24
20120327,10255.15
20120328,10182.57
20120329,10114.79
20120330,10083.56
20120402,10109.87
20120403,10050.39
20120404,9819.99
20120405,9767.61
20120406,9688.45
20120409,9546.26
20120410,9538.02
20120411,9458.74
20120412,9524.79
20120413,9637.99
20120416,9470.64
20120417,9464.71
20120418,9667.26
20120419,9588.38
20120420,9561.36
20120423,9542.17
20120424,9468.04
20120425,9561.01
20120426,9561.83
20120427,9520.89
20120501,9350.95
20120502,9380.25
20120507,9119.14
20120508,9181.65
20120509,9045.06
20120510,9009.65
20120511,8953.31
20120514,8973.84
20120515,8900.74
20120516,8801.17
20120517,8876.59
20120518,8611.31
20120521,8633.89
20120522,8729.29
20120523,8556.60
20120524,8563.38
20120525,8580.39
20120528,8593.15
20120529,8657.08
20120530,8633.19
20120531,8542.73
20120601,8440.25
20120604,8295.63
20120605,8382.00
20120606,8533.53
20120607,8639.72
20120608,8459.26
20120611,8624.90
20120612,8536.72
20120613,8587.84
20120614,8568.89
20120615,8569.32
20120618,8721.02
20120619,8655.87
20120620,8752.31
20120621,8824.07
20120622,8798.35
20120625,8734.62
20120626,8663.99
20120627,8730.49
20120628,8874.11
20120629,9006.78
20120702,9003.48
20120703,9066.59
20120704,9104.17
20120705,9079.80
20120706,9020.75
20120709,8896.88
20120710,8857.73
20120711,8851.00
20120712,8720.01
20120713,8724.12
20120717,8755.00
20120718,8726.74
20120719,8795.55
20120720,8669.87
20120723,8508.32
20120724,8488.09
20120725,8365.90
20120726,8443.10
20120727,8566.64
20120730,8635.44
20120731,8695.06
20120801,8641.85
20120802,8653.18
20120803,8555.11
20120806,8726.29
20120807,8803.31
20120808,8881.16
20120809,8978.60
20120810,8891.44
20120813,8885.15
20120814,8929.88
20120815,8925.04
20120816,9092.76
20120817,9162.50
20120820,9171.16
20120821,9156.92
20120822,9131.74
20120823,9178.12
20120824,9070.76
20120827,9085.39
20120828,9033.29
20120829,9069.81
20120830,8983.78
20120831,8839.91
20120903,8783.89
20120904,8775.51
20120905,8679.82
20120906,8680.57
20120907,8871.65
20120910,8869.37
20120911,8807.38
20120912,8959.96
20120913,8995.15
20120914,9159.39
20120918,9123.77
20120919,9232.21
20120920,9086.98
20120921,9110.00
20120924,9069.29
20120925,9091.54
20120926,8906.70
20120927,8949.87
20120928,8870.16
20121001,8796.51
20121002,8786.05
20121003,8746.87
20121004,8824.59
20121005,8863.30
20121009,8769.59
20121010,8596.23
20121011,8546.78
20121012,8534.12
20121015,8577.93
20121016,8701.31
20121017,8806.55
20121018,8982.86
20121019,9002.68
20121022,9010.71
20121023,9014.25
20121024,8954.30
20121025,9055.20
20121026,8933.06
20121029,8929.34
20121030,8841.98
20121031,8928.29
20121101,8946.87
20121102,9051.22
20121105,9007.44
20121106,8975.15
20121107,8972.89
20121108,8837.15
20121109,8757.60
20121112,8676.44
20121113,8661.05
20121114,8664.73
20121115,8829.72
20121116,9024.16
20121119,9153.20
20121120,9142.64
20121121,9222.52
20121122,9366.80
20121126,9388.94
20121127,9423.30
20121128,9308.35
20121129,9400.88
20121130,9446.01
20121203,9458.18
20121204,9432.46
20121205,9468.84
20121206,9545.16
20121207,9527.39
20121210,9533.75
20121211,9525.32
20121212,9581.46
20121213,9742.73
20121214,9737.56
20121217,9828.88
20121218,9923.01
20121219,10160.40
20121220,10039.33
20121221,9940.06
20121225,10080.12
20121226,10230.36
20121227,10322.98
20121228,10395.18
20130104,10688.11
20130107,10599.01
20130108,10508.06
20130109,10578.57
20130110,10652.64
20130111,10801.57
20130115,10879.08
20130116,10600.44
20130117,10609.64
20130118,10913.30
20130121,10747.74
20130122,10709.93
20130123,10486.99
20130124,10620.87
20130125,10926.65
20130128,10824.31
20130129,10866.72
20130130,11113.95
20130131,11138.66
20130201,11191.34
20130204,11260.35
20130205,11046.92
20130206,11463.75
20130207,11357.07
20130208,11153.16
20130212,11369.12
20130213,11251.41
20130214,11307.28
20130215,11173.83
20130218,11407.87
20130219,11372.34
20130220,11468.28
20130221,11309.13
20130222,11385.94
20130225,11662.52
20130226,11398.81
20130227,11253.97
20130228,11559.36
20130301,11606.38
20130304,11652.29
20130305,11683.45
20130306,11932.27
20130307,11968.08
20130308,12283.62
20130311,12349.05
20130312,12314.81
20130313,12239.66
20130314,12381.19
20130315,12560.95
20130318,12220.63
20130319,12468.23
20130321,12635.69
20130322,12338.53
20130325,12546.46
20130326,12471.62
20130327,12493.79
20130328,12335.96
20130329,12397.91
20130401,12135.02
20130402,12003.43
20130403,12362.20
20130404,12634.54
20130405,12833.64
20130408,13192.59
20130409,13192.35
20130410,13288.13
20130411,13549.16
20130412,13485.14
20130415,13275.66
20130416,13221.44
20130417,13382.89
20130418,13220.07
20130419,13316.48
20130422,13568.37
20130423,13529.65
20130424,13843.46
20130425,13926.08
20130426,13884.13
20130430,13860.86
20130501,13799.35
20130502,13694.04
20130507,14180.24
20130508,14285.69
20130509,14191.48
20130510,14607.54
20130513,14782.21
20130514,14758.42
20130515,15096.03
20130516,15037.24
20130517,15138.12
20130520,15360.81
20130521,15381.02
20130522,15627.26
20130523,14483.98
20130524,14612.45
20130527,14142.65
20130528,14311.98
20130529,14326.46
20130530,13589.03
20130531,13774.54
20130603,13261.82
20130604,13533.76
20130605,13014.87
20130606,12904.02
20130607,12877.53
20130610,13514.20
20130611,13317.62
20130612,13289.32
20130613,12445.38
20130614,12686.52
20130617,13033.12
20130618,13007.28
20130619,13245.22
20130620,13014.58
20130621,13230.13
20130624,13062.78
20130625,12969.34
20130626,12834.01
20130627,13213.55
20130628,13677.32
20130701,13852.50
20130702,14098.74
20130703,14055.56
20130704,14018.93
20130705,14309.97
20130708,14109.34
20130709,14472.90
20130710,14416.60
20130711,14472.58
20130712,14506.25
20130716,14599.12
20130717,14615.04
20130718,14808.50
20130719,14589.91
20130722,14658.04
20130723,14778.51
20130724,14731.28
20130725,14562.93
20130726,14129.98
20130729,13661.13
20130730,13869.82
20130731,13668.32
20130801,14005.77
20130802,14466.16
20130805,14258.04
20130806,14401.06
20130807,13824.94
20130808,13605.56
20130809,13615.19
20130812,13519.43
20130813,13867.00
20130814,14050.16
20130815,13752.94
20130816,13650.11
20130819,13758.13
20130820,13396.38
20130821,13424.33
20130822,13365.17
20130823,13660.55
20130826,13636.28
20130827,13542.37
20130828,13338.46
20130829,13459.71
20130830,13388.86
20130902,13572.92
20130903,13978.44
20130904,14053.87
20130905,14064.82
20130906,13860.81
20130909,14205.23
20130910,14423.36
20130911,14425.07
20130912,14387.27
20130913,14404.67
20130917,14311.67
20130918,14505.36
20130919,14766.18
20130920,14742.42
20130924,14732.61
20130925,14620.53
20130926,14799.12
20130927,14760.07
20130930,14455.80
20131001,14484.72
20131002,14170.49
20131003,14157.25
20131004,14024.31
20131007,13853.32
20131008,13894.61
20131009,14037.84
20131010,14194.71
20131011,14404.74
20131015,14441.54
20131016,14467.14
20131017,14586.51
20131018,14561.54
20131021,14693.57
20131022,14713.25
20131023,14426.05
20131024,14486.41
20131025,14088.19
20131028,14396.04
20131029,14325.98
20131030,14502.35
20131031,14327.94
20131101,14201.57
20131105,14225.37
20131106,14337.31
20131107,14228.44
20131108,14086.80
20131111,14269.84
20131112,14588.68
20131113,14567.16
20131114,14876.41
20131115,15165.92
20131118,15164.30
20131119,15126.56
20131120,15076.08
20131121,15365.60
20131122,15381.72
20131125,15619.13
20131126,15515.24
20131127,15449.63
20131128,15727.12
20131129,15661.87
20131202,15655.07
20131203,15749.66
20131204,15407.94
20131205,15177.49
20131206,15299.86
20131209,15650.21
20131210,15611.31
20131211,15515.06
20131212,15341.82
20131213,15403.11
20131216,15152.91
20131217,15278.63
20131218,15587.80
20131219,15859.22
20131220,15870.42
20131224,15889.33
20131225,16009.99
20131226,16174.44
20131227,16178.94
20131230,16291.31
20140106,15908.88
20140107,15814.37
20140108,16121.45
20140109,15880.33
20140110,15912.06
20140114,15422.40
20140115,15808.73
20140116,15747.20
20140117,15734.46
20140120,15641.68
20140121,15795.96
20140122,15820.96
20140123,15695.89
20140124,15391.56
20140127,15005.73
20140128,14980.16
20140129,15383.91
20140130,15007.06
20140131,14914.53
20140203,14619.13
20140204,14008.47
20140205,14180.38
20140206,14155.12
20140207,14462.41
20140210,14718.34
20140212,14800.06
20140213,14534.74
20140214,14313.03
20140217,14393.11
20140218,14843.24
20140219,14766.53
20140220,14449.18
20140221,14865.67
20140224,14837.68
20140225,15051.60
20140226,14970.97
20140227,14923.11
20140228,14841.07
20140303,14652.23
20140304,14721.48
20140305,14897.63
20140306,15134.75
20140307,15274.07
20140310,15120.14
20140311,15224.11
20140312,14830.39
20140313,14815.98
20140314,14327.66
20140317,14277.67
20140318,14411.27
20140319,14462.52
20140320,14224.23
20140324,14475.30
20140325,14423.19
20140326,14477.16
20140327,14622.89
20140328,14696.03
20140331,14827.83
20140401,14791.99
20140402,14946.32
20140403,15071.88
20140404,15063.77
20140407,14808.85
20140408,14606.88
20140409,14299.69
20140410,14300.12
20140411,13960.05
20140414,13910.16
20140415,13996.81
20140416,14417.68
20140417,14417.53
20140418,14516.27
20140421,14512.38
20140422,14388.77
20140423,14546.27
20140424,14404.99
20140425,14429.26
20140428,14288.23
20140430,14304.11
20140501,14485.13
20140502,14457.51
20140507,14033.45
20140508,14163.78
20140509,14199.59
20140512,14149.52
20140513,14425.44
20140514,14405.76
20140515,14298.21
20140516,14096.59
20140519,14006.44
20140520,14075.25
20140521,14042.17
20140522,14337.79
20140523,14462.17
20140526,14602.52
20140527,14636.52
20140528,14670.95
20140529,14681.72
20140530,14632.38
20140602,14935.92
20140603,15034.25
20140604,15067.96
20140605,15079.37
20140606,15077.24
20140609,15124.00
20140610,14994.80
20140611,15069.48
20140612,14973.53
20140613,15097.84
20140616,14933.29
20140617,14975.97
20140618,15115.80
20140619,15361.16
20140620,15349.42
20140623,15369.28
20140624,15376.24
20140625,15266.61
20140626,15308.49
20140627,15095.00
20140630,15162.10
20140701,15326.20
20140702,15369.97
20140703,15348.29
20140704,15437.13
20140707,15379.44
20140708,15314.41
20140709,15302.65
20140710,15216.47
20140711,15164.04
20140714,15296.82
20140715,15395.16
20140716,15379.30
20140717,15370.26
20140718,15215.71
20140722,15343.28
20140723,15328.56
20140724,15284.42
20140725,15457.87
20140728,15529.40
20140729,15618.07
20140730,15646.23
20140731,15620.77
20140801,15523.11
20140804,15474.50
20140805,15320.31
20140806,15159.79
20140807,15232.37
20140808,14778.37
20140811,15130.52
20140812,15161.31
20140813,15213.63
20140814,15314.57
20140815,15318.34
20140818,15322.60
20140819,15449.79
20140820,15454.45
20140821,15586.20
20140822,15539.19
20140825,15613.25
20140826,15521.22
20140827,15534.82
20140828,15459.86
20140829,15424.59
20140901,15476.60
20140902,15668.60
20140903,15728.35
20140904,15676.18
20140905,15668.68
20140908,15705.11
20140909,15749.15
20140910,15788.78
20140911,15909.20
20140912,15948.29
20140916,15911.53
20140917,15888.67
20140918,16067.57
20140919,16321.17
20140922,16205.90
20140924,16167.45
20140925,16374.14
20140926,16229.86
20140929,16310.64
20140930,16173.52
20141001,16082.25
20141002,15661.99
20141003,15708.65
20141006,15890.95
20141007,15783.83
20141008,15595.98
20141009,15478.93
20141010,15300.55
20141014,14936.51
20141015,15073.52
20141016,14738.38
20141017,14532.51
20141020,15111.23
20141021,14804.28
20141022,15195.77
20141023,15138.96
20141024,15291.64
20141027,15388.72
20141028,15329.91
20141029,15553.91
20141030,15658.20
20141031,16413.76
20141104,16862.47
20141105,16937.32
20141106,16792.48
20141107,16880.38
20141110,16780.53
20141111,17124.11
20141112,17197.05
20141113,17392.79
20141114,17490.83
20141117,16973.80
20141118,17344.06
20141119,17288.75
20141120,17300.86
20141121,17357.51
20141125,17407.62
20141126,17383.58
20141127,17248.50
20141128,17459.85
20141201,17590.10
20141202,17663.22
20141203,17720.43
20141204,17887.21
20141205,17920.45
20141208,17935.64
20141209,17813.38
20141210,17412.58
20141211,17257.40
20141212,17371.58
20141215,17099.40
20141216,16755.32
20141217,16819.73
20141218,17210.05
20141219,17621.40
20141222,17635.14
20141224,17854.23
20141225,17808.75
20141226,17818.96
20141229,17729.84
20141230,17450.77
20150105,17408.71
20150106,16883.19
20150107,16885.33
20150108,17167.10
20150109,17197.73
20150113,17087.71
20150114,16795.96
20150115,17108.70
20150116,16864.16
20150119,17014.29
20150120,17366.30
20150121,17280.48
20150122,17329.02
20150123,17511.75
20150126,17468.52
20150127,17768.30
20150128,17795.73
20150129,17606.22
20150130,17674.39
20150202,17558.04
20150203,17335.85
20150204,17678.74
20150205,17504.62
20150206,17648.50
20150209,17711.93
20150210,17652.68
20150212,17979.72
20150213,17913.36
20150216,18004.77
20150217,17987.09
20150218,18199.17
20150219,18264.79
20150220,18332.30
20150223,18466.92
20150224,18603.48
20150225,18585.20
20150226,18785.79
20150227,18797.94
20150302,18826.88
20150303,18815.16
20150304,18703.60
20150305,18751.84
20150306,18971.00
20150309,18790.55
20150310,18665.11
20150311,18723.52
20150312,18991.11
20150313,19254.25
20150316,19246.06
20150317,19437.00
20150318,19544.48
20150319,19476.56
20150320,19560.22
20150323,19754.36
20150324,19713.45
20150325,19746.20
20150326,19471.12
20150327,19285.63
20150330,19411.40
20150331,19206.99
20150401,19034.84
20150402,19312.79
20150403,19435.08
20150406,19397.98
20150407,19640.54
20150408,19789.81
20150409,19937.72
20150410,19907.63
20150413,19905.46
20150414,19908.68
20150415,19869.76
20150416,19885.77
20150417,19652.88
20150420,19634.49
20150421,19909.09
20150422,20133.90
20150423,20187.65
20150424,20020.04
20150427,19983.32
20150428,20058.95
20150430,19520.01
20150501,19531.63
20150507,19291.99
20150508,19379.19
20150511,19620.91
20150512,19624.84
20150513,19764.72
20150514,19570.24
20150515,19732.92
20150518,19890.27
20150519,20026.38
20150520,20196.56
20150521,20202.87
20150522,20264.41
20150525,20413.77
20150526,20437.48
20150527,20472.58
20150528,20551.46
20150529,20563.15
20150601,20569.87
20150602,20543.19
20150603,20473.51
20150604,20488.19
20150605,20460.90
20150608,20457.19
20150609,20096.30
20150610,20046.36
20150611,20382.97
20150612,20407.08
20150615,20387.79
20150616,20257.94
20150617,20219.27
20150618,19990.82
20150619,20174.24
20150622,20428.19
20150623,20809.42
20150624,20868.03
20150625,20771.40
20150626,20706.15
20150629,20109.95
20150630,20235.73
20150701,20329.32
20150702,20522.50
20150703,20539.79
20150706,20112.12
20150707,20376.59
20150708,19737.64
20150709,19855.50
20150710,19779.83
20150713,20089.77
20150714,20385.33
20150715,20463.33
20150716,20600.12
20150717,20650.92
20150721,20841.97
20150722,20593.67
20150723,20683.95
20150724,20544.53
20150727,20350.10
20150728,20328.89
20150729,20302.91
20150730,20522.83
20150731,20585.24
20150803,20548.11
20150804,20520.36
20150805,20614.06
20150806,20664.44
20150807,20724.56
20150810,20808.69
20150811,20720.75
20150812,20392.77
20150813,20595.55
20150814,20519.45
20150817,20620.26
20150818,20554.47
20150819,20222.63
20150820,20033.52
20150821,19435.83
20150824,18540.68
20150825,17806.70
20150826,18376.83
20150827,18574.44
20150828,19136.32
20150831,18890.48
20150901,18165.69
20150902,18095.40
20150903,18182.39
20150904,17792.16
20150907,17860.47
20150908,17427.08
20150909,18770.51
20150910,18299.62
20150911,18264.22
20150914,17965.70
20150915,18026.48
20150916,18171.60
20150917,18432.27
20150918,18070.21
20150924,17571.83
20150925,17880.51
20150928,17645.11
20150929,16930.84
20150930,17388.15
20151001,17722.42
20151002,17725.13
20151005,18005.49
20151006,18186.10
20151007,18322.98
20151008,18141.17
20151009,18438.67
20151013,18234.74
20151014,17891.00
20151015,18096.90
20151016,18291.80
20151019,18131.23
20151020,18207.15
20151021,18554.28
20151022,18435.87
20151023,18825.30
20151026,18947.12
20151027,18777.04
20151028,18903.02
20151029,18935.71
20151030,19083.10
20151102,18683.24
20151104,18926.91
20151105,19116.41
20151106,19265.60
20151109,19642.74
20151110,19671.26
20151111,19691.39
20151112,19697.77
20151113,19596.91
20151116,19393.69
20151117,19630.63
20151118,19649.18
20151119,19859.81
20151120,19879.81
20151124,19924.89
20151125,19847.58
20151126,19944.41
20151127,19883.94
20151130,19747.47
20151201,20012.40
20151202,19938.13
20151203,19939.90
20151204,19504.48
20151207,19698.15
20151208,19492.60
20151209,19301.07
20151210,19046.55
20151211,19230.48
20151214,18883.42
20151215,18565.90
20151216,19049.91
20151217,19353.56
20151218,18986.80
20151221,18916.02
20151222,18886.70
20151224,18789.69
20151225,18769.06
20151228,18873.35
20151229,18982.23
20151230,19033.71
20160104,18450.98
20160105,18374.00
20160106,18191.32
20160107,17767.34
20160108,17697.96
20160112,17218.96
20160113,17715.63
20160114,17240.95
20160115,17147.11
20160118,16955.57
20160119,17048.37
20160120,16416.19
20160121,16017.26
20160122,16958.53
20160125,17110.91
20160126,16708.90
20160127,17163.92
20160128,17041.45
20160129,17518.30
20160201,17865.23
20160202,17750.68
20160203,17191.25
20160204,17044.99
20160205,16819.59
20160208,17004.30
20160209,16085.44
20160210,15713.39
20160212,14952.61
20160215,16022.58
20160216,16054.43
20160217,15836.36
20160218,16196.80
20160219,15967.17
20160222,16111.05
20160223,16052.05
20160224,15915.79
20160225,16140.34
20160226,16188.41
20160229,16026.76
20160301,16085.51
20160302,16746.55
20160303,16960.16
20160304,17014.78
20160307,16911.32
20160308,16783.15
20160309,16642.20
20160310,16852.35
20160311,16938.87
20160314,17233.75
20160315,17117.07
20160316,16974.45
20160317,16936.38
20160318,16724.81
20160322,17048.55
20160323,17000.98
20160324,16892.33
20160325,17002.75
20160328,17134.37
20160329,17103.53
20160330,16878.96
20160331,16758.67
20160401,16164.16
20160404,16123.27
20160405,15732.82
20160406,15715.36
20160407,15749.84
20160408,15821.52
20160411,15751.13
20160412,15928.79
20160413,16381.22
20160414,16911.05
20160415,16848.03
20160418,16275.95
20160419,16874.44
20160420,16906.54
20160421,17363.62
20160422,17572.49
20160425,17439.30
20160426,17353.28
20160427,17290.49
20160428,16666.05
20160502,16147.38
20160506,16106.72
20160509,16216.03
20160510,16565.19
20160511,16579.01
20160512,16646.34
20160513,16412.21
20160516,16466.40
20160517,16652.80
20160518,16644.69
20160519,16646.66
20160520,16736.35
20160523,16654.60
20160524,16498.76
20160525,16757.35
20160526,16772.46
20160527,16834.84
20160530,17068.02
20160531,17234.98
20160601,16955.73
20160602,16562.55
20160603,16642.23
20160606,16580.03
20160607,16675.45
20160608,16830.92
20160609,16668.41
20160610,16601.36
20160613,16019.18
20160614,15859.00
20160615,15919.58
20160616,15434.14
20160617,15599.66
20160620,15965.30
20160621,16169.11
20160622,16065.72
20160623,16238.35
20160624,14952.02
20160627,15309.21
20160628,15323.14
20160629,15566.83
20160630,15575.92
20160701,15682.48
20160704,15775.80
20160705,15669.33
20160706,15378.99
20160707,15276.24
20160708,15106.98
20160711,15708.82
20160712,16095.65
20160713,16231.43
20160714,16385.89
20160715,16497.85
20160719,16723.31
20160720,16681.89
20160721,16810.22
20160722,16627.25
20160725,16620.29
20160726,16383.04
20160727,16664.82
20160728,16476.84
20160729,16569.27
20160801,16635.77
20160802,16391.45
20160803,16083.11
20160804,16254.89
20160805,16254.45
20160808,16650.57
20160809,16764.97
20160810,16735.12
20160812,16919.92
20160815,16869.56
20160816,16596.51
20160817,16745.64
20160818,16486.01
20160819,16545.82
20160822,16598.19
20160823,16497.36
20160824,16597.30
20160825,16555.95
20160826,16360.71
20160829,16737.49
20160830,16725.36
20160831,16887.40
20160901,16926.84
20160902,16925.68
20160905,17037.63
20160906,17081.98
20160907,17012.44
20160908,16958.77
20160909,16965.76
20160912,16672.92
20160913,16729.04
20160914,16614.24
20160915,16405.01
20160916,16519.29
20160920,16492.15
20160921,16807.62
20160923,16754.02
20160926,16544.56
20160927,16683.93
20160928,16465.40
20160929,16693.71
20160930,16449.84
20161003,16598.67
20161004,16735.65
20161005,16819.24
20161006,16899.10
20161007,16860.09
20161011,17024.76
20161012,16840.00
20161013,16774.24
20161014,16856.37
20161017,16900.12
20161018,16963.61
20161019,16998.91
20161020,17235.50
20161021,17184.59
20161024,17234.42
20161025,17365.25
20161026,17391.84
20161027,17336.42
20161028,17446.41
20161031,17425.02
20161101,17442.40
20161102,17134.68
20161104,16905.36
20161107,17177.21
20161108,17171.38
20161109,16251.54
20161110,17344.42
20161111,17374.79
20161114,17672.62
20161115,17668.15
20161116,17862.21
20161117,17862.63
20161118,17967.41
20161121,18106.02
20161122,18162.94
20161124,18333.41
20161125,18381.22
20161128,18356.89
20161129,18307.04
20161130,18308.48
20161201,18513.12
20161202,18426.08
20161205,18274.99
20161206,18360.54
20161207,18496.69
20161208,18765.47
20161209,18996.37
20161212,19155.03
20161213,19250.52
20161214,19253.61
20161215,19273.79
20161216,19401.15
20161219,19391.60
20161220,19494.53
20161221,19444.49
20161222,19427.67
20161226,19396.64
20161227,19403.06
20161228,19401.72
20161229,19145.14
20161230,19114.37
20170104,19594.16
20170105,19520.69
20170106,19454.33
20170110,19301.44
20170111,19364.67
20170112,19134.70
20170113,19287.28
20170116,19095.24
20170117,18813.53
20170118,18894.37
20170119,19072.25
20170120,19137.91
20170123,18891.03
20170124,18787.99
20170125,19057.50
20170126,19402.39
20170127,19467.40
20170130,19368.85
20170131,19041.34
20170201,19148.08
20170202,18914.58
20170203,18918.20
20170206,18976.71
20170207,18910.78
20170208,19007.60
20170209,18907.67
20170210,19378.93
20170213,19459.15
20170214,19238.98
20170215,19437.98
20170216,19347.53
20170217,19234.62
20170220,19251.08
20170221,19381.44
20170222,19379.87
20170223,19371.46
20170224,19283.54
20170227,19107.47
20170228,19118.99
20170301,19393.54
20170302,19564.80
20170303,19469.17
20170306,19379.14
20170307,19344.15
20170308,19254.03
20170309,19318.58
20170310,19604.61
20170313,19633.75
20170314,19609.50
20170315,19577.38
20170316,19590.14
20170317,19521.59
20170321,19455.88
20170322,19041.38
20170323,19085.31
20170324,19262.53
20170327,18985.59
20170328,19202.87
20170329,19217.48
20170330,19063.22
20170331,18909.26
20170403,18983.23
20170404,18810.25
20170405,18861.27
20170406,18597.06
20170407,18664.63
20170410,18797.88
20170411,18747.87
20170412,18552.61
20170413,18426.84
20170414,18335.63
20170417,18355.26
20170418,18418.59
20170419,18432.20
20170420,18430.49
20170421,18620.75
20170424,18875.88
20170425,19079.33
20170426,19289.43
20170427,19251.87
20170428,19196.74
20170501,19310.52
20170502,19445.70
20170508,19895.70
20170509,19843.00
20170510,19900.09
20170511,19961.55
20170512,19883.90
20170515,19869.85
20170516,19919.82
20170517,19814.88
20170518,19553.86
20170519,19590.76
20170522,19678.28
20170523,19613.28
20170524,19742.98
20170525,19813.13
20170526,19686.84
20170529,19682.57
20170530,19677.85
20170531,19650.57
20170601,19860.03
20170602,20177.28
20170605,20170.82
20170606,19979.90
20170607,19984.62
20170608,19909.26
20170609,20013.26
20170612,19908.58
20170613,19898.75
20170614,19883.52
20170615,19831.82
20170616,19943.26
20170619,20067.75
20170620,20230.41
20170621,20138.79
20170622,20110.51
20170623,20132.67
20170626,20153.35
20170627,20225.09
20170628,20130.41
20170629,20220.30
20170630,20033.43
20170703,20055.80
20170704,20032.35
20170705,20081.63
20170706,19994.06
20170707,19929.09
20170710,20080.98
20170711,20195.48
20170712,20098.38
20170713,20099.81
20170714,20118.86
20170718,19999.91
20170719,20020.86
20170720,20144.59
20170721,20099.75
20170724,19975.67
20170725,19955.20
20170726,20050.16
20170727,20079.64
20170728,19959.84
20170731,19925.18
20170801,19985.79
20170802,20080.04
20170803,20029.26
20170804,19952.33
20170807,20055.89
20170808,19996.01
20170809,19738.71
20170810,19729.74
20170814,19537.10
20170815,19753.31
20170816,19729.28
20170817,19702.63
20170818,19470.41
20170821,19393.13
20170822,19383.84
20170823,19434.64
20170824,19353.77
20170825,19452.61
20170828,19449.90
20170829,19362.55
20170830,19506.54
20170831,19646.24
20170901,19691.47
20170904,19508.25
20170905,19385.81
20170906,19357.97
20170907,19396.52
20170908,19274.82
20170911,19545.77
20170912,19776.62
20170913,19865.82
20170914,19807.44
20170915,19909.50
20170919,20299.38
20170920,20310.46
20170921,20347.48
20170922,20296.45
20170925,20397.58
20170926,20330.19
20170927,20267.05
20170928,20363.11
20170929,20356.28
20171002,20400.78
20171003,20614.07
20171004,20626.66
20171005,20628.56
20171006,20690.71
20171010,20823.51
20171011,20881.27
20171012,20954.72
20171013,21155.18
20171016,21255.56
20171017,21336.12
20171018,21363.05
20171019,21448.52
20171020,21457.64
20171023,21696.65
20171024,21805.17
20171025,21707.62
20171026,21739.78
20171027,22008.45
20171030,22011.67
20171031,22011.61
20171101,22420.08
20171102,22539.12
20171106,22548.35
20171107,22937.60
20171108,22913.82
20171109,22868.71
20171110,22681.42
20171113,22380.99
20171114,22380.01
20171115,22028.32
20171116,22351.12
20171117,22396.80
20171120,22261.76
20171121,22416.48
20171122,22523.15
20171124,22550.85
20171127,22495.99
20171128,22486.24
20171129,22597.20
20171130,22724.96
20171201,22819.03
20171204,22707.16
20171205,22622.38
20171206,22177.04
20171207,22498.03
20171208,22811.08
20171211,22938.73
20171212,22866.17
20171213,22758.07
20171214,22694.45
20171215,22553.22
20171218,22901.77
20171219,22868.00
20171220,22891.72
20171221,22866.10
20171222,22902.76
20171225,22939.18
20171226,22892.69
20171227,22911.21
20171228,22783.98
20171229,22764.94
20180104,23506.33
20180105,23714.53
20180109,23849.99
20180110,23788.20
20180111,23710.43
20180112,23653.82
20180115,23714.88
20180116,23951.81
20180117,23868.34
20180118,23763.37
20180119,23808.06
20180122,23816.33
20180123,24124.15
20180124,23940.78
20180125,23669.49
20180126,23631.88
20180129,23629.34
20180130,23291.97
20180131,23098.29
20180201,23486.11
20180202,23274.53
20180205,22682.08
20180206,21610.24
20180207,21645.37
20180208,21890.86
20180209,21382.62
20180213,21244.68
20180214,21154.17
20180215,21464.98
20180216,21720.25
20180219,22149.21
20180220,21925.10
20180221,21970.81
20180222,21736.44
20180223,21892.78
20180226,22153.63
20180227,22389.86
20180228,22068.24
20180301,21724.47
20180302,21181.64
20180305,21042.09
20180306,21417.76
20180307,21252.72
20180308,21368.07
20180309,21469.20
20180312,21824.03
20180313,21968.10
20180314,21777.29
20180315,21803.95
20180316,21676.51
20180319,21480.90
20180320,21380.97
20180322,21591.99
20180323,20617.86
20180326,20766.10
20180327,21317.32
20180328,21031.31
20180329,21159.08
20180330,21454.30
20180402,21388.58
20180403,21292.29
20180404,21319.55
20180405,21645.42
20180406,21567.52
20180409,21678.26
20180410,21794.32
20180411,21687.10
20180412,21660.28
20180413,21778.74
20180416,21835.53
20180417,21847.59
20180418,22158.20
20180419,22191.18
20180420,22162.24
20180423,22088.04
20180424,22278.12
20180425,22215.32
20180426,22319.61
20180427,22467.87
20180501,22508.03
20180502,22472.78
20180507,22467.16
20180508,22508.69
20180509,22408.88
20180510,22497.18
20180511,22758.48
20180514,22865.86
20180515,22818.02
20180516,22717.23
20180517,22838.37
20180518,22930.36
20180521,23002.37
20180522,22960.34
20180523,22689.74
20180524,22437.01
20180525,22450.79
20180528,22481.09
20180529,22358.43
20180530,22018.52
20180531,22201.82
20180601,22171.35
20180604,22475.94
20180605,22539.54
20180606,22625.73
20180607,22823.26
20180608,22694.50
20180611,22804.04
20180612,22878.35
20180613,22966.38
20180614,22738.61
20180615,22851.75
20180618,22680.33
20180619,22278.48
20180620,22555.43
20180621,22693.04
20180622,22516.83
20180625,22338.15
20180626,22342.00
20180627,22271.77
20180628,22270.39
20180629,22304.51
20180702,21811.93
20180703,21785.54
20180704,21717.04
20180705,21546.99
20180706,21788.14
20180709,22052.18
20180710,22196.89
20180711,21932.21
20180712,22187.96
20180713,22597.35
20180716,22597.35
20180717,22697.36
20180718,22794.19
20180719,22764.68
20180720,22697.88
20180723,22396.99
20180724,22510.48
20180725,22614.25
20180726,22586.87
20180727,22712.75
20180730,22544.84
20180731,22553.72
20180801,22746.70
20180802,22512.53
20180803,22525.18
20180806,22507.32
20180807,22662.74
20180808,22644.31
20180809,22598.39
20180810,22298.08
20180813,21857.43
20180814,22356.08
20180815,22204.22
20180816,22192.04
20180817,22270.38
20180820,22199.00
20180821,22219.73
20180822,22362.55
20180823,22410.82
20180824,22601.77
20180827,22799.64
20180828,22813.47
20180829,22848.22
20180830,22869.50
20180831,22865.15
20180903,22707.38
20180904,22696.90
20180905,22580.83
20180906,22487.94
20180907,22307.06
20180910,22373.09
20180911,22664.69
20180912,22604.61
20180913,22821.32
20180914,23094.67
20180918,23420.54
20180919,23672.52
20180920,23674.93
20180921,23869.93
20180925,23940.26
20180926,24033.79
20180927,23796.74
20180928,24120.04
20181001,24245.76
20181002,24270.62
20181003,24110.96
20181004,23975.62
20181005,23783.72
20181009,23469.39
20181010,23506.04
20181011,22590.86
20181012,22694.66
20181015,22271.30
20181016,22549.24
20181017,22841.12
20181018,22658.16
20181019,22532.08
20181022,22614.82
20181023,22010.78
20181024,22091.18
20181025,21268.73
20181026,21184.60
20181029,21149.80
20181030,21457.29
20181031,21920.46
20181101,21687.65
20181102,22243.66
20181105,21898.99
20181106,22147.75
20181107,22085.80
20181108,22486.92
20181109,22250.25
20181112,22269.88
20181113,21810.52
20181114,21846.48
20181115,21803.62
20181116,21680.34
20181119,21821.16
20181120,21583.12
20181121,21507.54
20181122,21646.55
20181126,21812.00
20181127,21952.40
20181128,22177.02
20181129,22262.60
20181130,22351.06
20181203,22574.76
20181204,22036.05
20181205,21919.33
20181206,21501.62
20181207,21678.68
20181210,21219.50
20181211,21148.02
20181212,21602.75
20181213,21816.19
20181214,21374.83
20181217,21506.88
20181218,21115.45
20181219,20987.92
20181220,20392.58
20181221,20166.19
20181225,19155.74
20181226,19327.06
20181227,20077.62
20181228,20014.77
20190104,19561.96
20190107,20038.97
20190108,20204.04
20190109,20427.06
20190110,20163.80
20190111,20359.70
20190115,20555.29
20190116,20442.75
20190117,20402.27
20190118,20666.07
20190121,20719.33
20190122,20622.91
20190123,20593.72
20190124,20574.63
20190125,20773.56
20190128,20649.00
20190129,20664.64
20190130,20556.54
20190131,20773.49
20190201,20788.39
20190204,20883.77
20190205,20844.45
20190206,20874.06
20190207,20751.28
20190208,20333.17
20190212,20864.21
20190213,21144.48
20190214,21139.71
20190215,20900.63
20190218,21281.85
20190219,21302.65
20190220,21431.49
20190221,21464.23
20190222,21425.51
20190225,21528.23
20190226,21449.39
20190227,21556.51
20190228,21385.16
20190301,21602.69
20190304,21822.04
20190305,21726.28
20190306,21596.81
20190307,21456.01
20190308,21025.56
20190311,21125.09
20190312,21503.69
20190313,21290.24
20190314,21287.02
20190315,21450.85
20190318,21584.50
20190319,21566.85
20190320,21608.92
20190322,21627.34
20190325,20977.11
20190326,21428.39
20190327,21378.73
20190328,21033.76
20190329,21205.81
20190401,21509.03
20190402,21505.31
20190403,21713.21
20190404,21724.95
20190405,21807.50
20190408,21761.65
20190409,21802.59
20190410,21687.57
20190411,21711.38
20190412,21870.56
20190415,22169.11
20190416,22221.66
20190417,22277.97
20190418,22090.12
20190419,22200.56
20190422,22217.90
20190423,22259.74
20190424,22200.00
20190425,22307.58
20190426,22258.73
20190507,21923.72
20190508,21602.59
20190509,21402.13
20190510,21344.92
20190513,21191.28
20190514,21067.23
20190515,21188.56
20190516,21062.98
20190517,21250.09
20190520,21301.73
20190521,21272.45
20190522,21283.37
20190523,21151.14
20190524,21117.22
20190527,21182.58
20190528,21260.14
20190529,21003.37
20190530,20942.53
20190531,20601.19
20190603,20410.88
20190604,20408.54
20190605,20776.10
20190606,20774.04
20190607,20884.71
20190610,21134.42
20190611,21204.28
20190612,21129.72
20190613,21032.00
20190614,21116.89
20190617,21124.00
20190618,20972.71
20190619,21333.87
20190620,21462.86
20190621,21258.64
20190624,21285.99
20190625,21193.81
20190626,21086.59
20190627,21338.17
20190628,21275.92
20190701,21729.97
20190702,21754.27
20190703,21638.16
20190704,21702.45
20190705,21746.38
20190708,21534.35
20190709,21565.15
20190710,21533.48
20190711,21643.53
20190712,21685.90
20190716,21535.25
20190717,21469.18
20190718,21046.24
20190719,21466.99
20190722,21416.79
20190723,21620.88
20190724,21709.57
20190725,21756.55
20190726,21658.15
20190729,21616.80
20190730,21709.31
20190731,21521.53
20190801,21540.99
20190802,21087.16
20190805,20720.29
20190806,20585.31
20190807,20516.56
20190808,20593.35
20190809,20684.82
20190813,20455.44
20190814,20655.13
20190815,20405.65
20190816,20418.81
20190819,20563.16
20190820,20677.22
20190821,20618.57
20190822,20628.01
20190823,20710.91
20190826,20261.04
20190827,20456.08
20190828,20479.42
20190829,20460.93
20190830,20704.37
20190902,20620.19
20190903,20625.16
20190904,20649.14
20190905,21085.94
20190906,21199.57
20190909,21318.42
20190910,21392.10
20190911,21597.76
20190912,21759.61
20190913,21988.29
20190917,22001.32
20190918,21960.71
20190919,22044.45
20190920,22079.09
20190924,22098.84
20190925,22020.15
20190926,22048.24
20190927,21878.90
20190930,21755.84
20191001,21885.24
20191002,21778.61
20191003,21341.74
20191004,21410.20
20191007,21375.25
20191008,21587.78
20191009,21456.38
20191010,21551.98
20191011,21798.87
20191015,22207.21
20191016,22472.92
20191017,22451.86
20191018,22492.68
20191021,22548.90
20191023,22625.38
20191024,22750.60
20191025,22799.81
20191028,22867.27
20191029,22974.13
20191030,22843.12
20191031,22927.04
20191101,22850.77
20191105,23251.99
20191106,23303.82
20191107,23330.32
20191108,23391.87
20191111,23331.84
20191112,23520.01
20191113,23319.87
20191114,23141.55
20191115,23303.32
20191118,23416.76
20191119,23292.65
20191120,23148.57
20191121,23038.58
20191122,23112.88
20191125,23292.81
20191126,23373.32
20191127,23437.77
20191128,23409.14
20191129,23293.91
20191202,23529.50
20191203,23379.81
20191204,23135.23
20191205,23300.09
20191206,23354.40
20191209,23430.70
20191210,23410.19
20191211,23391.86
20191212,23424.81
20191213,24023.10
20191216,23952.35
20191217,24066.12
20191218,23934.43
20191219,23864.85
20191220,23816.63
20191223,23821.11
20191224,23830.58
20191225,23782.87
20191226,23924.92
20191227,23837.72
20191230,23656.62
20200106,23204.86
20200107,23575.72
20200108,23204.76
20200109,23739.87
20200110,23850.57
20200114,24025.17
20200115,23916.58
20200116,23933.13
20200117,24041.26
20200120,24083.51
20200121,23864.56
20200122,24031.35
20200123,23795.44
20200124,23827.18
20200127,23343.51
20200128,23215.71
20200129,23379.40
20200130,22977.75
20200131,23205.18
20200203,22971.94
20200204,23084.59
20200205,23319.56
20200206,23873.59
20200207,23827.98
20200210,23685.98
20200212,23861.21
20200213,23827.73
20200214,23687.59
20200217,23523.24
20200218,23193.80
20200219,23400.70
20200220,23479.15
20200221,23386.74
20200225,22605.41
20200226,22426.19
20200227,21948.23
20200228,21142.96
20200302,21344.08
20200303,21082.73
20200304,21100.06
20200305,21329.12
20200306,20749.75
20200309,19698.76
20200310,19867.12
20200311,19416.06
20200312,18559.63
20200313,17431.05
20200316,17002.04
20200317,17011.53
20200318,16726.55
20200319,16552.83
20200323,16887.78
20200324,18092.35
20200325,19546.63
20200326,18664.60
20200327,19389.43
20200330,19084.97
20200331,18917.01
20200401,18065.41
20200402,17818.72
20200403,17820.19
20200406,18576.30
20200407,18950.18
20200408,19353.24
20200409,19345.77
20200410,19498.50
20200413,19043.40
20200414,19638.81
20200415,19550.09
20200416,19290.20
20200417,19897.26
20200420,19669.12
20200421,19280.78
20200422,19137.95
20200423,19429.44
20200424,19262.00
20200427,19783.22
20200428,19771.19
20200430,20193.69
20200501,19619.35
20200507,19674.77
20200508,20179.09
20200511,20390.66
20200512,20366.48
20200513,20267.05
20200514,19914.78
20200515,20037.47
20200518,20133.73
20200519,20433.45
20200520,20595.15
20200521,20552.31
20200522,20388.16
20200525,20741.65
20200526,21271.17
20200527,21419.23
20200528,21916.31
20200529,21877.89
20200601,22062.39
20200602,22325.61
20200603,22613.76
20200604,22695.74
20200605,22863.73
20200608,23178.10
20200609,23091.03
20200610,23124.95
20200611,22472.91
20200612,22305.48
20200615,21530.95
20200616,22582.21
20200617,22455.76
20200618,22355.46
20200619,22478.79
20200622,22437.27
20200623,22549.05
20200624,22534.32
20200625,22259.79
20200626,22512.08
20200629,21995.04
20200630,22288.14
20200701,22121.73
20200702,22145.96
20200703,22306.48
20200706,22714.44
20200707,22614.69
20200708,22438.65
20200709,22529.29
20200710,22290.81
20200713,22784.74
20200714,22587.01
20200715,22945.50
20200716,22770.36
20200717,22696.42
20200720,22717.48
20200721,22884.22
20200722,22751.61
20200727,22715.85
20200728,22657.38
20200729,22397.11
20200730,22339.23
20200731,21710.00
20200803,22195.38
20200804,22573.66
20200805,22514.85
20200806,22418.15
20200807,22329.94
20200811,22750.24
20200812,22843.96
20200813,23249.61
20200814,23289.36
20200817,23096.75
20200818,23051.08
20200819,23110.61
20200820,22880.62
20200821,22920.30
20200824,22985.51
20200825,23296.77
20200826,23290.86
20200827,23208.86
20200828,22882.65
20200831,23139.76
20200901,23138.07
20200902,23247.15
20200903,23465.53
20200904,23205.43
20200907,23089.95
20200908,23274.13
20200909,23032.54
20200910,23235.47
20200911,23406.49
20200914,23559.30
20200915,23454.89
20200916,23475.53
20200917,23319.37
20200918,23360.30
20200923,23346.49
20200924,23087.82
20200925,23204.62
20200928,23511.62
20200929,23539.10
20200930,23185.12
20201002,23029.90
20201005,23312.14
20201006,23433.73
20201007,23422.82
20201008,23647.07
20201009,23619.69
20201012,23558.69
20201013,23601.78
20201014,23626.73
20201015,23507.23
20201016,23410.63
20201019,23671.13
20201020,23567.04
20201021,23639.46
20201022,23474.27
20201023,23516.59
20201026,23494.34
20201027,23485.80
20201028,23418.51
20201029,23331.94
20201030,22977.13
20201102,23295.48
20201104,23695.23
20201105,24105.28
20201106,24325.23
20201109,24839.84
20201110,24905.59
20201111,25349.60
20201112,25520.88
20201113,25385.87
20201116,25906.93
20201117,26014.62
20201118,25728.14
20201119,25634.34
20201120,25527.37
20201124,26165.59
20201125,26296.86
20201126,26537.31
20201127,26644.71
20201130,26433.62
20201201,26787.54
20201202,26800.98
20201203,26809.37
20201204,26751.24
20201207,26547.44
20201208,26467.08
20201209,26817.94
20201210,26756.24
20201211,26652.52
20201214,26732.44
20201215,26687.84
20201216,26757.40
20201217,26806.67
20201218,26763.39
20201221,26714.42
20201222,26436.39
20201223,26524.79
20201224,26668.35
20201225,26656.61
20201228,26854.03
20201229,27568.15
20201230,27444.17
20210104,27258.38
20210105,27158.63
20210106,27055.94
20210107,27490.13
20210108,28139.03
20210112,28164.34
20210113,28456.59
20210114,28698.26
20210115,28519.18
20210118,28242.21
20210119,28633.46
20210120,28523.26
20210121,28756.86
20210122,28631.45
20210125,28822.29
20210126,28546.18
20210127,28635.21
20210128,28197.42
20210129,27663.39
20210201,28091.05
20210202,28362.17
20210203,28646.50
20210204,28341.95
20210205,28779.19
20210208,29388.50
20210209,29505.93
20210210,29562.93
20210212,29520.07
20210215,30084.15
20210216,30467.75
20210217,30292.19
20210218,30236.09
20210219,30017.92
20210222,30156.03
20210224,29671.70
20210225,30168.27
20210226,28966.01
20210301,29663.50
20210302,29408.17
20210303,29559.10
20210304,28930.11
20210305,28864.32
20210308,28743.25
20210309,29027.94
20210310,29036.56
20210311,29211.64
20210312,29717.83
20210315,29766.97
20210316,29921.09
20210317,29914.33
20210318,30216.75
20210319,29792.05
20210322,29174.15
20210323,28995.92
20210324,28405.52
20210325,28729.88
20210326,29176.70
20210329,29384.52
20210330,29432.70
20210331,29178.80
20210401,29388.87
20210402,29854.00
20210405,30089.25
20210406,29696.63
20210407,29730.79
20210408,29708.98
20210409,29768.06
20210412,29538.73
20210413,29751.61
20210414,29620.99
20210415,29642.69
20210416,29683.37
20210419,29685.37
20210420,29100.38
20210421,28508.55
20210422,29188.17
20210423,29020.63
20210426,29126.23
20210427,28991.89
20210428,29053.97
20210430,28812.63
20210506,29331.37
20210507,29357.82
20210510,29518.34
20210511,28608.59
20210512,28147.51
20210513,27448.01
20210514,28084.47
20210517,27824.83
20210518,28406.84
20210519,28044.45
20210520,28098.25
20210521,28317.83
20210524,28364.61
20210525,28553.98
20210526,28642.19
20210527,28549.01
20210528,29149.41
20210531,28860.08
20210601,28814.34
20210602,28946.14
20210603,29058.11
20210604,28941.52
20210607,29019.24
20210608,28963.56
20210609,28860.80
20210610,28958.56
20210611,28948.73
20210614,29161.80
20210615,29441.30
20210616,29291.01
20210617,29018.33
20210618,28964.08
20210621,28010.93
20210622,28884.13
20210623,28874.89
20210624,28875.23
20210625,29066.18
20210628,29048.02
20210629,28812.61
20210630,28791.53
20210701,28707.04
20210702,28783.28
20210705,28598.19
20210706,28643.21
20210707,28366.95
20210708,28118.03
20210709,27940.42
20210712,28569.02
20210713,28718.24
20210714,28608.49
20210715,28279.09
20210716,28003.08
20210719,27652.74
20210720,27388.16
20210721,27548.00
20210726,27833.29
20210727,27970.22
20210728,27581.66
20210729,27782.42
20210730,27283.59
20210802,27781.02
20210803,27641.83
20210804,27584.08
20210805,27728.12
20210806,27820.04
20210810,27888.15
20210811,28070.51
20210812,28015.02
20210813,27977.15
20210816,27523.19
20210817,27424.47
20210818,27585.91
20210819,27281.17
20210820,27013.25
20210823,27494.24
20210824,27732.10
20210825,27724.80
20210826,27742.29
20210827,27641.14
20210830,27789.29
20210831,28089.54
20210901,28451.02
20210902,28543.51
20210903,29128.11
20210906,29659.89
20210907,29916.14
20210908,30181.21
20210909,30008.19
20210910,30381.84
20210913,30447.37
20210914,30670.10
20210915,30511.71
20210916,30323.34
20210917,30500.05
20210921,29839.71
20210922,29639.40
20210924,30248.81
20210927,30240.06
20210928,30183.96
20210929,29544.29
20210930,29452.66
20211001,28771.07
20211004,28444.89
20211005,27822.12
20211006,27528.87
20211007,27678.21
20211008,28048.94
20211011,28498.20
20211012,28230.61
20211013,28140.28
20211014,28550.93
20211015,29068.63
20211018,29025.46
20211019,29215.52
20211020,29255.55
20211021,28708.58
20211022,28804.85
20211025,28600.41
20211026,29106.01
20211027,29098.24
20211028,28820.09
20211029,28892.69
20211101,29647.08
20211102,29520.90
20211104,29794.37
20211105,29611.57
20211108,29507.05
20211109,29285.46
20211110,29106.78
20211111,29277.86
20211112,29609.97
20211115,29776.80
20211116,29808.12
20211117,29688.33
20211118,29598.66
20211119,29745.87
20211122,29774.11
20211124,29302.66
20211125,29499.28
20211126,28751.62
20211129,28283.92
20211130,27821.76
20211201,27935.62
20211202,27753.37
20211203,28029.57
20211206,27927.37
20211207,28455.60
20211208,28860.62
20211209,28725.47
20211210,28437.77
20211213,28640.49
20211214,28432.64
20211215,28459.72
20211216,29066.32
20211217,28545.68
20211220,27937.81
20211221,28517.59
20211222,28562.21
20211223,28798.37
20211224,28782.59
20211227,28676.46
20211228,29069.16
20211229,28906.88
20211230,28791.71
20220104,29301.79
20220105,29332.16
20220106,28487.87
20220107,28478.56
20220111,28222.48
20220112,28765.66
20220113,28489.13
20220114,28124.28
20220117,28333.52
20220118,28257.25
20220119,27467.23
20220120,27772.93
20220121,27522.26
20220124,27588.37
20220125,27131.34
20220126,27011.33
20220127,26170.30
20220128,26717.34
20220131,27001.98
20220201,27078.48
20220202,27533.60
20220203,27241.31
20220204,27439.99
20220207,27248.87
20220208,27284.52
20220209,27579.87
20220210,27696.08
20220214,27079.59
20220215,26865.19
20220216,27460.40
20220217,27232.87
20220218,27122.07
20220221,26910.87
20220222,26449.61
20220224,25970.82
20220225,26476.50
20220228,26526.82
20220301,26844.72
20220302,26393.03
20220303,26577.27
20220304,25985.47
20220307,25221.41
20220308,24790.95
20220309,24717.53
20220310,25690.40
20220311,25162.78
20220314,25307.85
20220315,25346.48
20220316,25762.01
20220317,26652.89
20220318,26827.43
20220322,27224.11
20220323,28040.16
20220324,28110.39
20220325,28149.84
20220328,27943.89
20220329,28252.42
20220330,28027.25
20220331,27821.43
20220401,27665.98
20220404,27736.47
20220405,27787.98
20220406,27350.30
20220407,26888.57
20220408,26985.80
20220411,26821.52
20220412,26334.98
20220413,26843.49
20220414,27172.00
20220415,27093.19
20220418,26799.71
20220419,26985.09
20220420,27217.85
20220421,27553.06
20220422,27105.26
20220425,26590.78
20220426,26700.11
20220427,26386.63
20220428,26847.90
20220502,26818.53
20220506,27003.56
20220509,26319.34
20220510,26167.10
20220511,26213.64
20220512,25748.72
20220513,26427.65
20220516,26547.05
20220517,26659.75
20220518,26911.20
20220519,26402.84
20220520,26739.03
20220523,27001.52
20220524,26748.14
20220525,26677.80
20220526,26604.84
20220527,26781.68
20220530,27369.43
20220531,27279.80
20220601,27457.89
20220602,27413.88
20220603,27761.57
20220606,27915.89
20220607,27943.95
20220608,28234.29
20220609,28246.53
20220610,27824.29
20220613,26987.44
20220614,26629.86
20220615,26326.16
20220616,26431.20
20220617,25963.00
20220620,25771.22
20220621,26246.31
20220622,26149.55
20220623,26171.25
20220624,26491.97
20220627,26871.27
20220628,27049.47
20220629,26804.60
20220630,26393.04
20220701,25935.62
20220704,26153.81
20220705,26423.47
20220706,26107.65
20220707,26490.53
20220708,26517.19
20220711,26812.30
20220712,26336.66
20220713,26478.77
20220714,26643.39
20220715,26788.47
20220719,26961.68
20220720,27680.26
20220721,27803.00
20220722,27914.66
20220725,27699.25
20220726,27655.21
20220727,27715.75
20220728,27815.48
20220729,27801.64
20220801,27993.35
20220802,27594.73
20220803,27741.90
20220804,27932.20
20220805,28175.87
20220808,28249.24
20220809,27999.96
20220810,27819.33
20220812,28546.98
20220815,28871.78
20220816,28868.91
20220817,29222.77
20220818,28942.14
20220819,28930.33
20220822,28794.50
20220823,28452.75
20220824,28313.47
20220825,28479.01
20220826,28641.38
20220829,27878.96
20220830,28195.58
20220831,28091.53
20220901,27661.47
20220902,27650.84
20220905,27619.61
20220906,27626.51
20220907,27430.30
20220908,28065.28
20220909,28214.75
20220912,28542.11
20220913,28614.63
20220914,27818.62
20220915,27875.91
20220916,27567.65
20220920,27688.42
20220921,27313.13
20220922,27153.83
20220926,26431.55
20220927,26571.87
20220928,26173.98
20220929,26422.05
20220930,25937.21
20221003,26215.79
20221004,26992.21
20221005,27120.53
20221006,27311.30
20221007,27116.11
20221011,26401.25
20221012,26396.83
20221013,26237.42
20221014,27090.76
20221017,26775.79
20221018,27156.14
20221019,27257.38
20221020,27006.96
20221021,26890.58
20221024,26974.90
20221025,27250.28
20221026,27431.84
20221027,27345.24
20221028,27105.20
20221031,27587.46
20221101,27678.92
20221102,27663.39
20221104,27199.74
20221107,27527.64
20221108,27872.11
20221109,27716.43
20221110,27446.10
20221111,28263.57
20221114,27963.47
20221115,27990.17
20221116,28028.30
20221117,27930.57
20221118,27899.77
20221121,27944.79
20221122,28115.74
20221124,28383.09
20221125,28283.03
20221128,28162.83
20221129,28027.84
20221130,27968.99
20221201,28226.08
20221202,27777.90
20221205,27820.40
20221206,27885.87
20221207,27686.40
20221208,27574.43
20221209,27901.01
20221212,27842.33
20221213,27954.85
20221214,28156.21
20221215,28051.70
20221216,27527.12
20221219,27237.64
20221220,26568.03
20221221,26387.72
20221222,26507.87
20221223,26235.25
20221226,26405.87
20221227,26447.87
20221228,26340.50
20221229,26093.67
20221230,26094.50
20230104,25716.86
20230105,25820.80
20230106,25973.85
20230110,26175.56
20230111,26446.00
20230112,26449.82
20230113,26119.52
20230116,25822.32
20230117,26138.68
20230118,26791.12
20230119,26405.23
20230120,26553.53
20230123,26906.04
20230124,27299.19
20230125,27395.01
20230126,27362.75
20230127,27382.56
20230130,27433.40
20230131,27327.11
20230201,27346.88
20230202,27402.05
20230203,27509.46
20230206,27693.65
20230207,27685.47
20230208,27606.46
20230209,27584.35
20230210,27670.98
20230213,27427.32
20230214,27602.77
20230215,27501.86
20230216,27696.44
20230217,27513.13
20230220,27531.94
20230221,27473.10
20230222,27104.32
20230224,27453.48
20230227,27423.96
20230228,27445.56
20230301,27516.53
20230302,27498.87
20230303,27927.47
20230306,28237.78
20230307,28309.16
20230308,28444.19
20230309,28623.15
20230310,28143.97
20230313,27832.96
20230314,27222.04
20230315,27229.48
20230316,27010.61
20230317,27333.79
20230320,26945.67
20230322,27466.61
20230323,27419.61
20230324,27385.25
20230327,27476.87
20230328,27518.25
20230329,27883.78
20230330,27782.93
20230331,28041.48
20230403,28188.15
20230404,28287.42
20230405,27813.26
20230406,27472.63
20230407,27518.31
20230410,27633.66
20230411,27923.37
20230412,28082.70
20230413,28156.97
20230414,28493.47
20230417,28514.78
20230418,28658.83
20230419,28606.76
20230420,28657.57
20230421,28564.37
20230424,28593.52
20230425,28620.07
20230426,28416.47
20230427,28457.68
20230428,28856.44
20230501,29123.18
20230502,29157.95
20230508,28949.88
20230509,29242.82
20230510,29122.18
20230511,29126.72
20230512,29388.30
20230515,29626.34
20230516,29842.99
20230517,30093.59
20230518,30573.93
20230519,30808.35
20230522,31086.82
20230523,30957.77
20230524,30682.68
20230525,30801.13
20230526,30916.31
20230529,31233.54
20230530,31328.16
20230531,30887.88
20230601,31148.01
20230602,31524.22
20230605,32217.43
20230606,32506.78
20230607,31913.74
20230608,31641.27
20230609,32265.17
20230612,32434.00
20230613,33018.65
20230614,33502.42
20230615,33485.49
20230616,33706.08
20230619,33370.42
20230620,33388.91
20230621,33575.14
20230622,33264.88
20230623,32781.54
20230626,32698.81
20230627,32538.33
20230628,33193.99
20230629,33234.14
20230630,33189.04
20230703,33753.33
20230704,33422.52
20230705,33338.70
20230706,32773.02
20230707,32388.42
20230710,32189.73
20230711,32203.57
20230712,31943.93
20230713,32419.33
20230714,32391.26
20230718,32493.89
20230719,32896.03
20230720,32490.52
20230721,32304.25
20230724,32700.94
20230725,32682.51
20230726,32668.34
20230727,32891.16
20230728,32759.23
20230731,33172.22
20230801,33476.58
20230802,32707.69
20230803,32159.28
20230804,32192.75
20230807,32254.56
20230808,32377.29
20230809,32204.33
20230810,32473.65
20230814,32059.91
20230815,32238.89
20230816,31766.82
20230817,31626.00
20230818,31450.76
20230821,31565.64
20230822,31856.71
20230823,32010.26
20230824,32287.21
20230825,31624.28
20230828,32169.99
20230829,32226.97
20230830,32333.46
20230831,32619.34
20230901,32710.62
20230904,32939.18
20230905,33036.76
20230906,33241.02
20230907,32991.08
20230908,32606.84
20230911,32467.76
20230912,32776.37
20230913,32706.52
20230914,33168.10
20230915,33533.09
20230919,33242.59
20230920,33023.78
20230921,32571.03
20230922,32402.41
20230925,32678.62
20230926,32315.05
20230927,32371.90
20230928,31872.52
20230929,31857.62
20231002,31759.88
20231003,31237.94
20231004,30526.88
20231005,31075.36
20231006,30994.67
20231010,31746.53
20231011,31936.51
20231012,32494.66
20231013,32315.99
20231016,31659.03
20231017,32040.29
20231018,32042.25
20231019,31430.62
20231020,31259.36
20231023,30999.55
20231024,31062.35
20231025,31269.92
20231026,30601.78
20231027,30991.69
20231030,30696.96
20231031,30858.85
20231101,31601.65
20231102,31949.89
20231106,32708.48
20231107,32271.82
20231108,32166.48
20231109,32646.46
20231110,32568.11
20231113,32585.11
20231114,32695.93
20231115,33519.70
20231116,33424.41
20231117,33585.20
20231120,33388.03
20231121,33354.14
20231122,33451.83
20231124,33625.53
20231127,33447.67
20231128,33408.39
20231129,33321.22
20231130,33486.89
20231201,33431.51
20231204,33231.27
20231205,32775.82
20231206,33445.90
20231207,32858.31
20231208,32307.86
20231211,32791.80
20231212,32843.70
20231213,32926.35
20231214,32686.25
20231215,32970.55
20231218,32758.98
20231219,33219.39
20231220,33675.94
20231221,33140.47
20231222,33169.05
20231225,33254.03
20231226,33305.85
20231227,33681.24
20231228,33539.62
20231229,33464.17
20240104,33288.29
20240105,33377.42
20240109,33763.18
20240110,34441.72
20240111,35049.86
20240112,35577.11
20240115,35901.79
20240116,35619.18
20240117,35477.75
20240118,35466.17
20240119,35963.27
20240122,36546.95
20240123,36517.57
20240124,36226.48
20240125,36236.47
20240126,35751.07
20240129,36026.94
20240130,36065.86
20240131,36286.71
20240201,36011.46
20240202,36158.02
20240205,36354.16
20240206,36160.66
20240207,36119.92
20240208,36863.28
20240209,36897.42
20240213,37963.97
20240214,37703.32
20240215,38157.94
20240216,38487.24
20240219,38470.38
20240220,38363.61
20240221,38262.16
20240222,39098.68
20240226,39233.71
20240227,39239.52
20240228,39208.03
20240229,39166.19
20240301,39910.82
20240304,40109.23
20240305,40097.63
20240306,40090.78
20240307,39598.71
20240308,39688.94
20240311,38820.49
20240312,38797.51
20240313,38695.97
20240314,38807.38
20240315,38707.64
20240318,39740.44
20240319,40003.60
20240321,40815.66
20240322,40888.43
20240325,40414.12
20240326,40398.03
20240327,40762.73
20240328,40168.07
20240329,40369.44
20240401,39803.09
20240402,39838.91
20240403,39451.85
20240404,39773.14
20240405,38992.08
20240408,39347.04
20240409,39773.13
20240410,39581.81
20240411,39442.63
20240412,39523.55
20240415,39232.80
20240416,38471.20
20240417,37961.80
20240418,38079.70
20240419,37068.35
20240422,37438.61
20240423,37552.16
20240424,38460.08
20240425,37628.48
20240426,37934.76
20240430,38405.66
20240501,38274.05
20240502,38236.07
20240507,38835.10
20240508,38202.37
20240509,38073.98
20240510,38229.11
20240513,38179.46
20240514,38356.06
20240515,38385.73
20240516,38920.26
20240517,38787.38
20240520,39069.68
20240521,38946.93
20240522,38617.10
20240523,39103.22
20240524,38646.11
20240527,38900.02
20240528,38855.37
20240529,38556.87
20240530,38054.13
20240531,38487.90
20240603,38923.03
20240604,38837.46
20240605,38490.17
20240606,38703.51
20240607,38683.93
20240610,39038.16
20240611,39134.79
20240612,38876.71
20240613,38720.47
20240614,38814.56
20240617,38102.44
20240618,38482.11
20240619,38570.76
20240620,38633.02
20240621,38596.47
20240624,38804.65
20240625,39173.15
20240626,39667.07
20240627,39341.54
20240628,39583.08
20240701,39631.06
20240702,40074.69
20240703,40580.76
20240704,40913.65
20240705,40912.37
20240708,40780.70
20240709,41580.17
20240710,41831.99
20240711,42224.02
20240712,41190.68
20240716,41275.08
20240717,41097.69
20240718,40126.35
20240719,40063.79
20240722,39599.00
20240723,39594.39
20240724,39154.85
20240725,37869.51
20240726,37667.41
20240729,38468.63
20240730,38525.95
20240731,39101.82
20240801,38126.33
20240802,35909.70
20240805,31458.42
20240806,34675.46
20240807,35089.62
20240808,34831.15
20240809,35025.00
20240813,36232.51
20240814,36442.43
20240815,36726.64
20240816,38062.67
20240819,37388.62
20240820,38062.92
20240821,37951.80
20240822,38211.01
20240823,38364.27
20240826,38110.22
20240827,38288.62
20240828,38371.76
20240829,38362.53
20240830,38647.75
20240902,38700.87
20240903,38686.31
20240904,37047.61
20240905,36657.09
20240906,36391.47
20240909,36215.75
20240910,36159.16
20240911,35619.77
20240912,36833.27
20240913,36581.76
20240917,36203.22
20240918,36380.17
20240919,37155.33
20240920,37723.91
20240924,37940.59
20240925,37870.26
20240926,38925.63
20240927,39829.56
20240930,37919.55
20241001,38651.97
20241002,37808.76
20241003,38552.06
20241004,38635.62
20241007,39332.74
20241008,38937.54
20241009,39277.96
20241010,39380.89
20241011,39605.80
20241015,39910.55
20241016,39180.30
20241017,38911.19
20241018,38981.75
20241021,38954.60
20241022,38411.96
20241023,38104.86
20241024,38143.29
20241025,37913.92
20241028,38605.53
20241029,38903.68
20241030,39277.39
20241031,39081.25
20241101,38053.67
20241105,38474.90
20241106,39480.67
20241107,39381.41
20241108,39500.37
20241111,39533.32
20241112,39376.09
20241113,38721.66
20241114,38535.70
20241115,38642.91
20241118,38220.85
20241119,38414.43
20241120,38352.34
20241121,38026.17
20241122,38283.85
20241125,38780.14
20241126,38442.00
20241127,38134.97
20241128,38349.06
20241129,38208.03
20241202,38513.02
20241203,39248.86
20241204,39276.39
20241205,39395.60
20241206,39091.17
20241209,39160.50
20241210,39367.58
20241211,39372.23
20241212,39849.14
20241213,39470.44
20241216,39457.49
20241217,39364.68
20241218,39081.71
20241219,38813.58
20241220,38701.90
20241223,39161.34
20241224,39036.85
20241225,39130.43
20241226,39568.06
20241227,40281.16
20241230,39894.54
20250106,39307.05
20250107,40083.30
20250108,39981.06
20250109,39605.09
20250110,39190.40
20250114,38474.30
20250115,38444.58
20250116,38572.60
20250117,38451.46
20250120,38902.50
20250121,39027.98
20250122,39646.25
20250123,39958.87
20250124,39931.98
20250127,39565.80
20250128,39016.87
20250129,39414.78
20250130,39513.97
20250131,39572.49
20250203,38520.09
20250204,38798.37
20250205,38831.48
20250206,39066.53
20250207,38787.02
20250210,38801.17
20250212,38963.70
20250213,39461.47
20250214,39149.43
20250217,39174.25
20250218,39270.40
20250219,39164.61
20250220,38678.04
20250221,38776.94
20250225,38237.79
20250226,38142.37
20250227,38256.17
20250228,37155.50
20250303,37785.47
20250304,37331.18
20250305,37418.24
20250306,37704.93
20250307,36887.17
20250310,37028.27
20250311,36793.11
20250312,36819.09
20250313,36790.03
20250314,37053.10
20250317,37396.52
20250318,37845.42
20250319,37751.88
20250321,37677.06
20250324,37608.49
20250325,37780.54
20250326,38027.29
20250327,37799.97
20250328,37120.33
20250331,35617.56
20250401,35624.48
20250402,35725.87
20250403,34735.93
20250404,33780.58
20250407,31136.58
20250408,33012.58
20250409,31714.03
20250410,34609.00
20250411,33585.58
20250414,33982.36
20250415,34267.54
20250416,33920.40
20250417,34377.60
20250418,34730.28
20250421,34279.92
20250422,34220.60
20250423,34868.63
20250424,35039.15
20250425,35705.74
20250428,35839.99
20250430,36045.38
20250501,36452.30
20250502,36830.69
20250507,36779.66
20250508,36928.63
20250509,37503.33
20250512,37644.26
20250513,38183.26
20250514,38128.13
20250515,37755.51
20250516,37753.72
20250519,37498.63
20250520,37529.49
20250521,37298.98
20250522,36985.87
20250523,37160.47
20250526,37531.53
20250527,37724.11
20250528,37722.40
20250529,38432.98
20250530,37965.10
20250602,37470.67
20250603,37446.81
20250604,37747.45
20250605,37554.49
20250606,37741.61
20250609,38088.57
20250610,38211.51
20250611,38421.19
20250612,38173.09
20250613,37834.25
20250616,38311.33
20250617,38536.74
20250618,38885.15
20250619,38488.34
20250620,38403.23
20250623,38354.09
20250624,38790.56
20250625,38942.07
20250626,39584.58
20250627,40150.79
20250630,40487.39
20250701,39986.33
20250702,39762.48
20250703,39785.90
20250704,39810.88
20250707,39587.68
20250708,39688.81
20250709,39821.28
20250710,39646.36
20250711,39569.68
20250714,39459.62
20250715,39678.02
20250716,39663.40
20250717,39901.19
20250718,39819.11
20250722,39774.92
20250723,41171.32
20250724,41826.34
20250725,41456.23
20250728,40998.27
20250729,40674.55
20250730,40654.70
20250731,41069.82
20250801,40799.60
20250804,40290.70
20250805,40549.54
20250806,40794.86
20250807,41059.15
20250808,41820.48
20250812,42718.17
20250813,43274.67
20250814,42649.26
20250815,43378.31
20250818,43714.31
20250819,43546.29
20250820,42888.55
20250821,42610.17
20250822,42633.29
20250825,42807.82
20250826,42394.40
20250827,42520.27
20250828,42828.79
20250829,42718.47
20250901,42188.79
20250902,42310.49
20250903,41938.89
20250904,42580.27
20250905,43018.75
20250908,43643.81
20250909,43459.29
20250910,43837.67
20250911,44372.50
20250912,44768.12
20250916,44902.27
20250917,44790.38
20250918,45303.43
20250919,45045.81
20250922,45493.66
20250924,45630.31
20250925,45754.93
20250926,45354.99
20250929,45043.75
20250930,44932.63
20251001,44550.85
20251002,44936.73
20251003,45769.50
20251006,47944.76
20251007,47950.88
20251008,47734.99
20251009,48580.44
20251010,48088.80
20251014,46847.32
20251015,47672.67
20251016,48277.74
20251017,47582.15
20251020,49185.50
20251021,49316.06
20251022,49307.79
20251023,48641.61
20251024,49299.65
20251027,50512.32
20251028,50219.18
20251029,51307.65
20251030,51325.61
20251031,52411.34
20251104,51497.20
20251105,50212.27
20251106,50883.68
20251107,50276.37
20251110,50911.76
20251111,50842.93
20251112,51063.31
20251113,51281.83
20251114,50376.53
20251117,50323.91
20251118,48702.98
20251119,48537.70
20251120,49823.94
20251121,48625.88
20251125,48659.52
20251126,49559.07
20251127,50167.10
20251128,50253.91
20251201,49303.28
20251202,49303.45
20251203,49864.68
20251204,51028.42
20251205,50491.87
20251208,50581.94
20251209,50655.10
20251210,50602.80
20251211,50148.82
20251212,50836.55
20251215,50168.11
20251216,49383.29
20251217,49512.28
20251218,49001.50
20251219,49507.21
20251222,50402.39
20251223,50412.87
20251224,50344.10
20251225,50407.79
20251226,50750.39
20251229,50526.92
20251230,50339.48
20260105,51832.80
20260106,52518.08
20260107,51961.98
20260108,51117.26
20260109,51939.89
20260113,53549.16
20260114,54341.23
20260115,54110.50
20260116,53936.17
20260119,53583.57
20260120,52991.10
20260121,52774.64
20260122,53688.89
20260123,53846.87
20260126,52885.25
20260127,53333.54
20260128,53358.71
20260129,53375.60
20260130,53322.85
20260202,52655.18
20260203,54720.66
20260204,54293.36
20260205,53818.04
20260206,54253.68
20260209,56363.94
20260210,57650.54
20260212,57639.84
20260213,56941.97
20260216,56806.41
20260217,56566.49
20260218,57143.84
20260219,57467.83
20260220,56825.70
20260224,57321.09
20260225,58583.12
20260226,58753.39
20260227,58850.27
20260302,58057.24
20260303,56279.05
20260304,54245.54
20260305,55278.06
20260306,55620.84
20260309,52728.72
20260310,54248.39
20260311,55025.37
20260312,54452.96
20260313,53819.61
20260316,53751.15
20260317,53700.39
20260318,55239.40
20260319,53372.53
20260323,51515.49
20260324,52252.28
20260325,53749.62
20260326,53603.65
20260327,53373.07
20260330,51885.85
20260331,51063.72
20260401,53739.68
20260402,52463.27
20260403,53123.49
20260406,53413.68
20260407,53429.56
20260408,56308.42
20260409,55895.32
20260410,56924.11
20260413,56502.77
20260414,57877.39
20260415,58134.24
20260416,59518.34
20260417,58475.90
20260420,58824.89
20260421,59349.17
20260422,59585.86
20260423,59140.23
20260424,59716.18
20260427,60537.36
20260428,59917.46
20260430,59284.92
20260501,59513.12
20260507,62833.84
20260508,62713.65
20260511,62417.88
20260512,62742.57
20260513,63272.11
20260514,62654.05
20260515,61409.29
20260518,60815.95
20260519,60550.59
20260520,59804.41
20260521,61684.14
20260522,63339.07
20260525,65158.19
20260526,64996.09
20260527,64999.41
20260528,64693.12
20260529,66329.50
20260601,66934.33
20260602,66734.24
20260603,68402.13
20260604,67470.69
20260605,66588.12
20260608,64024.60
20260609,65416.63
20260610,64179.27
20260611,64217.27
20260612,66020.04
20260615,69317.50
20260616,69404.50
20260617,69902.25
20260618,71053.49
20260619,71250.06
20260622,72353.96
20260623,69788.38
20260624,69174.97
20260625,72366.34
20260626,69360.88
20260629,69468.11
20260630,70062.32
20260701,70474.96
20260702,68733.15
20260703,69744.07
20260706,69737.69
20260707,68256.96
20260708,66819.05
20260709,67743.85
20260710,68557.73
20260713,67242.73
20260714,67743.50
20260715,68751.51
20260716,66835.54
20260717,64141.12
20260721,66232.19
20260722,66115.60
20260723,66422.60
20260724,64611.15
20260727,64931.19
20260728,62364.92
20260729,61434.19
20260730,61867.43
20260731,64362.02
20260803,63754.90
20260804,63957.53
20260805,66300.44
20260806,65683.26
20260807,65606.71
20260810,66970.22
20260812,67524.06
20260813,68308.59
20260814,68713.80
20260817,69220.25
20260818,67460.73
20260819,65326.42
20260820,66216.79
20260821,66016.36
20260824,65528.09
20260825,65856.43
20260826,66262.16
20260827,66131.98
20260828,66405.56
20260831,66311.93
20260901,66215.34
20260902,64325.64
20260903,64214.48
20260904,65020.94
20260907,66399.84
20260908,65269.33
20260909,65142.78
20260910,65270.95
20260911,64011.34
20260914,63492.99
20260915,63484.10
20260916,63923.00
20260917,63966.87
