19851001,112.14
19851002,110.82
19851003,110.87
19851004,110.07
19851007,108.20
19851008,107.16
19851009,108.63
19851010,109.43
19851011,111.05
19851014,113.18
19851015,113.38
19851016,114.32
19851017,114.74
19851018,114.32
19851021,113.68
19851022,114.44
19851023,115.07
19851024,115.49
19851025,113.91
19851028,113.82
19851029,115.40
19851030,115.77
19851031,115.48
19851101,116.28
19851104,116.04
19851105,116.44
19851106,117.38
19851107,117.62
19851108,119.26
19851111,120.40
19851112,121.82
19851113,121.17
19851114,121.83
19851115,122.18
19851118,121.96
19851119,122.57
19851120,122.20
19851121,123.61
19851122,123.97
19851125,123.14
19851126,123.95
19851127,125.77
19851129,126.06
19851202,125.18
19851203,125.23
19851204,127.94
19851205,128.46
19851206,126.96
19851209,127.49
19851210,127.97
19851211,129.18
19851212,129.76
19851213,132.13
19851216,132.61
19851217,131.54
19851218,131.14
19851219,131.93
19851220,132.26
19851223,130.73
19851224,130.03
19851226,130.35
19851227,131.49
19851230,131.95
19851231,132.29
19860102,131.26
19860103,130.55
19860106,130.35
19860107,132.79
19860108,131.16
19860109,128.80
19860110,129.57
19860113,129.10
19860114,129.18
19860115,131.54
19860116,133.06
19860117,132.77
19860120,131.60
19860121,131.09
19860122,129.62
19860123,129.27
19860124,130.20
19860127,130.79
19860128,131.99
19860129,133.06
19860130,132.19
19860131,132.93
19860203,134.24
19860204,134.60
19860205,135.71
19860206,136.64
19860207,137.42
19860210,138.13
19860211,138.26
19860212,138.66
19860213,139.16
19860214,140.16
19860218,140.74
19860219,139.64
19860220,139.95
19860221,141.15
19860224,140.20
19860225,139.40
19860226,138.88
19860227,140.52
19860228,140.43
19860303,139.74
19860304,140.54
19860305,140.24
19860306,140.80
19860307,140.71
19860310,142.43
19860311,145.35
19860312,146.62
19860313,147.01
19860314,147.00
19860317,146.37
19860318,147.63
19860319,147.48
19860320,147.80
19860321,148.01
19860324,147.09
19860325,147.49
19860326,147.26
19860327,148.38
19860331,148.86
19860401,148.45
19860402,148.92
19860403,148.71
19860404,147.04
19860407,146.05
19860408,148.93
19860409,149.05
19860410,151.76
19860411,152.66
19860414,153.93
19860415,154.92
19860416,158.90
19860417,159.05
19860418,157.66
19860421,158.52
19860422,157.86
19860423,157.46
19860424,159.85
19860425,160.46
19860428,159.90
19860429,158.25
19860430,154.91
19860501,154.21
19860502,155.01
19860505,157.14
19860506,157.13
19860507,156.26
19860508,157.16
19860509,157.91
19860512,157.75
19860513,157.05
19860514,157.01
19860515,155.76
19860516,154.99
19860519,155.31
19860520,157.01
19860521,157.44
19860522,159.63
19860523,160.16
19860527,161.18
19860528,161.30
19860529,161.62
19860530,163.16
19860602,162.03
19860603,162.11
19860604,161.82
19860605,162.36
19860606,161.88
19860609,158.61
19860610,158.10
19860611,160.04
19860612,160.37
19860613,162.35
19860616,160.80
19860617,158.57
19860618,158.48
19860619,159.28
19860620,159.59
19860623,159.55
19860624,160.80
19860625,162.00
19860626,161.72
19860627,161.62
19860630,162.62
19860701,163.32
19860702,163.96
19860703,164.51
19860707,157.63
19860708,153.26
19860709,155.41
19860710,154.29
19860711,152.85
19860714,149.29
19860715,146.26
19860716,147.40
19860717,148.46
19860718,147.76
19860721,147.07
19860722,147.40
19860723,147.18
19860724,147.28
19860725,148.26
19860728,145.51
19860729,144.21
19860730,144.52
19860731,144.71
19860801,144.19
19860804,142.52
19860805,141.86
19860806,140.54
19860807,140.70
19860808,142.29
19860811,145.44
19860812,147.06
19860813,148.84
19860814,149.99
19860815,149.57
19860818,149.07
19860819,148.60
19860820,149.76
19860821,150.01
19860822,150.95
19860825,149.91
19860826,151.15
19860827,152.02
19860828,152.04
19860829,151.70
19860902,149.34
19860903,149.82
19860904,151.40
19860905,149.67
19860908,146.55
19860909,145.76
19860910,144.74
19860911,138.46
19860912,135.04
19860915,134.94
19860916,135.21
19860917,136.39
19860918,138.13
19860919,138.46
19860922,140.12
19860923,139.57
19860924,139.24
19860925,137.62
19860926,137.59
19860929,135.54
19860930,137.49
19861001,138.26
19861002,138.22
19861003,138.55
19861006,139.12
19861007,138.26
19861008,139.26
19861009,139.16
19861010,139.87
19861013,140.68
19861014,140.96
19861015,142.10
19861016,141.90
19861017,141.20
19861020,140.10
19861021,139.93
19861022,140.30
19861023,142.15
19861024,141.96
19861027,141.76
19861028,142.49
19861029,143.13
19861030,144.78
19861031,144.48
19861103,144.81
19861104,145.96
19861105,146.18
19861106,145.41
19861107,144.91
19861110,144.29
19861111,145.35
19861112,145.58
19861113,143.41
19861114,143.51
19861117,143.20
19861118,140.66
19861119,139.54
19861120,141.31
19861121,142.90
19861124,144.49
19861125,145.77
19861126,146.87
19861128,147.94
19861201,146.85
19861202,148.87
19861203,150.08
19861204,149.98
19861205,149.04
19861208,147.85
19861209,146.87
19861210,146.96
19861211,146.08
19861212,144.98
19861215,144.07
19861216,144.49
19861217,143.04
19861218,142.85
19861219,143.77
19861222,144.09
19861223,142.80
19861224,142.79
19861226,142.93
19861229,141.51
19861230,141.52
19861231,141.40
19870102,142.86
19870105,147.40
19870106,149.06
19870107,152.98
19870108,155.69
19870109,156.99
19870112,159.30
19870113,159.62
19870114,162.66
19870115,164.15
19870116,162.51
19870119,166.46
19870120,166.52
19870121,164.26
19870122,167.95
19870123,166.76
19870126,164.14
19870127,166.65
19870128,167.63
19870129,165.74
19870130,166.68
19870202,170.30
19870203,171.55
19870204,173.50
19870205,174.63
19870206,174.63
19870209,173.63
19870210,172.32
19870211,175.98
19870212,176.26
19870213,179.07
19870217,183.65
19870218,181.21
19870219,179.87
19870220,178.68
19870223,177.71
19870224,178.94
19870225,180.97
19870226,182.18
19870227,182.75
19870302,181.07
19870303,180.57
19870304,183.27
19870305,184.67
19870306,184.29
19870309,182.48
19870310,184.46
19870311,185.31
19870312,184.77
19870313,183.16
19870316,182.73
19870317,185.90
19870318,186.04
19870319,187.96
19870320,189.82
19870323,189.40
19870324,190.18
19870325,190.20
19870326,190.71
19870327,189.05
19870330,183.84
19870331,186.04
19870401,186.07
19870402,187.66
19870403,191.36
19870406,190.91
19870407,187.43
19870408,189.28
19870409,188.73
19870410,188.29
19870413,183.95
19870414,179.73
19870415,182.46
19870416,183.74
19870420,182.13
19870421,184.63
19870422,183.96
19870423,183.77
19870424,180.38
19870427,179.55
19870428,181.26
19870429,182.22
19870430,184.83
19870501,185.83
19870504,186.45
19870505,189.74
19870506,189.29
19870507,190.01
19870508,190.36
19870511,189.24
19870512,188.98
19870513,190.29
19870514,190.74
19870515,187.91
19870518,185.46
19870519,181.46
19870520,181.70
19870521,182.66
19870522,181.64
19870526,185.17
19870527,185.96
19870528,188.11
19870529,188.77
19870601,185.86
19870602,184.50
19870603,185.76
19870604,186.26
19870605,185.68
19870608,187.54
19870609,189.48
19870610,190.02
19870611,189.66
19870612,190.36
19870615,189.60
19870616,191.14
19870617,191.32
19870618,192.37
19870619,192.05
19870622,192.90
19870623,191.84
19870624,191.90
19870625,191.35
19870626,191.06
19870629,190.70
19870630,189.24
19870701,189.48
19870702,190.38
19870706,189.02
19870707,187.76
19870708,187.38
19870709,187.98
19870710,188.74
19870713,190.42
19870714,194.99
19870715,194.87
19870716,196.04
19870717,195.87
19870720,193.86
19870721,193.20
19870722,193.63
19870723,191.51
19870724,193.02
19870727,193.20
19870728,193.76
19870729,194.73
19870730,196.57
19870731,196.35
19870803,195.24
19870804,195.88
19870805,198.24
19870806,201.87
19870807,203.73
19870810,206.03
19870811,208.39
19870812,207.06
19870813,206.47
19870814,206.46
19870817,206.83
19870818,203.90
19870819,205.39
19870820,208.93
19870821,210.57
19870824,209.48
19870825,210.71
19870826,211.16
19870827,210.63
19870828,208.85
19870831,209.57
19870901,206.89
19870902,205.73
19870903,205.01
19870904,204.06
19870908,199.90
19870909,201.60
19870910,205.16
19870911,206.37
19870914,205.16
19870915,202.26
19870916,201.30
19870917,202.05
19870918,201.68
19870921,197.26
19870922,201.43
19870923,204.07
19870924,204.64
19870925,205.12
19870928,204.63
19870929,204.15
19870930,205.51
19871001,209.71
19871002,212.15
19871005,213.81
19871006,208.07
19871007,206.89
19871008,203.63
19871009,202.46
19871012,199.63
19871013,201.23
19871014,197.49
19871015,193.07
19871016,183.29
19871019,155.65
19871020,143.96
19871021,158.78
19871022,149.99
19871023,145.42
19871026,128.43
19871027,129.87
19871028,131.21
19871029,143.64
19871030,150.07
19871102,152.20
19871103,147.13
19871104,147.95
19871105,153.03
19871106,150.68
19871109,146.49
19871110,143.45
19871111,145.48
19871112,149.85
19871113,147.95
19871116,147.46
19871117,143.57
19871118,144.84
19871119,141.06
19871120,140.84
19871123,141.84
19871124,144.66
19871125,144.99
19871127,143.35
19871130,137.13
19871201,137.16
19871202,137.96
19871203,132.95
19871204,130.43
19871207,133.15
19871208,136.69
19871209,139.76
19871210,139.01
19871211,139.82
19871214,146.08
19871215,146.89
19871216,151.06
19871217,149.91
19871218,154.74
19871221,156.02
19871222,155.55
19871223,158.06
19871224,158.18
19871228,152.78
19871229,154.35
19871230,157.29
19871231,156.25
19880104,161.81
19880105,164.28
19880106,166.18
19880107,168.70
19880108,158.20
19880111,158.88
19880112,155.73
19880113,155.54
19880114,156.04
19880115,159.82
19880118,159.02
19880119,158.01
19880120,152.46
19880121,152.95
19880122,154.35
19880125,157.05
19880126,155.23
19880127,155.43
19880128,157.65
19880129,159.13
19880201,158.62
19880202,158.98
19880203,156.58
19880204,157.38
19880205,158.01
19880208,157.88
19880209,158.93
19880210,162.24
19880211,162.96
19880212,163.93
19880216,165.54
19880217,165.80
19880218,165.75
19880219,167.07
19880222,170.20
19880223,171.29
19880224,172.48
19880225,170.79
19880226,170.65
19880229,172.64
19880301,172.63
19880302,175.12
19880303,176.50
19880304,177.39
19880307,178.46
19880308,179.63
19880309,181.24
19880310,178.43
19880311,177.89
19880314,179.21
19880315,178.32
19880316,180.42
19880317,181.24
19880318,181.04
19880321,178.90
19880322,180.01
19880323,179.24
19880324,174.76
19880325,172.88
19880328,172.84
19880329,173.66
19880330,172.13
19880331,173.26
19880404,171.40
19880405,172.90
19880406,176.60
19880407,177.33
19880408,178.93
19880411,179.94
19880412,180.10
19880413,180.38
19880414,173.27
19880415,173.13
19880418,173.55
19880419,174.35
19880420,172.93
19880421,172.07
19880422,173.32
19880425,174.40
19880426,176.74
19880427,177.21
19880428,176.73
19880429,175.92
19880502,176.74
19880503,178.99
19880504,178.63
19880505,177.68
19880506,177.18
19880509,174.93
19880510,174.32
19880511,170.80
19880512,171.71
19880513,173.85
19880516,174.99
19880517,174.07
19880518,170.29
19880519,170.35
19880520,169.88
19880523,167.65
19880524,169.21
19880525,169.01
19880526,169.85
19880527,169.59
19880531,173.35
19880601,176.68
19880602,176.45
19880603,178.01
19880606,179.74
19880607,179.76
19880608,183.01
19880609,182.77
19880610,184.29
19880613,184.74
19880614,185.77
19880615,186.10
19880616,184.51
19880617,183.94
19880620,183.20
19880621,184.79
19880622,186.98
19880623,187.07
19880624,187.35
19880627,185.12
19880628,188.19
19880629,187.79
19880630,189.02
19880701,189.96
19880705,191.90
19880706,190.43
19880707,189.38
19880708,188.15
19880711,187.68
19880712,187.24
19880713,188.12
19880714,188.68
19880715,188.51
19880718,188.79
19880719,185.78
19880720,185.26
19880721,182.40
19880722,181.86
19880725,181.59
19880726,179.71
19880727,177.37
19880728,178.22
19880729,181.16
19880801,181.44
19880802,180.54
19880803,181.07
19880804,181.18
19880805,179.90
19880808,179.82
19880809,177.27
19880810,172.68
19880811,174.63
19880812,173.74
19880815,170.09
19880816,172.65
19880817,172.90
19880818,173.55
19880819,172.82
19880822,169.90
19880823,169.60
19880824,171.96
19880825,170.53
19880826,170.98
19880829,172.76
19880830,172.37
19880831,170.99
19880901,168.22
19880902,171.46
19880906,171.93
19880907,172.10
19880908,172.96
19880909,175.48
19880912,175.60
19880913,175.87
19880914,176.98
19880915,175.41
19880916,176.65
19880919,176.11
19880920,176.80
19880921,177.80
19880922,178.27
19880923,177.48
19880926,175.87
19880927,175.80
19880928,177.05
19880929,178.82
19880930,179.37
19881003,176.79
19881004,176.29
19881005,175.86
19881006,176.24
19881007,176.00
19881010,174.93
19881011,175.63
19881012,173.29
19881013,174.84
19881014,175.37
19881017,175.79
19881018,176.99
19881019,176.99
19881020,180.37
19881021,179.74
19881024,178.41
19881025,177.40
19881026,176.35
19881027,174.28
19881028,174.88
19881031,174.78
19881101,174.60
19881102,174.01
19881103,174.25
19881104,173.56
19881107,171.34
19881108,173.75
19881109,173.49
19881110,173.27
19881111,169.24
19881114,168.96
19881115,168.10
19881116,165.52
19881117,166.21
19881118,166.52
19881121,163.82
19881122,164.35
19881123,167.19
19881125,165.72
19881128,165.99
19881129,167.17
19881130,169.18
19881201,171.33
19881202,171.62
19881205,172.85
19881206,174.01
19881207,172.84
19881208,171.88
19881209,171.79
19881212,171.11
19881213,170.26
19881214,170.87
19881215,171.62
19881216,174.01
19881219,175.39
19881220,175.07
19881221,174.66
19881222,174.76
19881223,175.61
19881227,175.22
19881228,175.13
19881229,176.68
19881230,177.41
19890103,174.63
19890104,177.56
19890105,177.49
19890106,177.52
19890109,177.65
19890110,177.07
19890111,177.60
19890112,179.00
19890113,179.10
19890116,179.20
19890117,177.09
19890118,178.65
19890119,180.57
19890120,180.32
19890123,178.21
19890124,180.18
19890125,181.56
19890126,183.99
19890127,183.54
19890130,184.79
19890131,186.47
19890201,188.37
19890202,189.87
19890203,189.98
19890206,189.46
19890207,192.05
19890208,190.05
19890209,188.69
19890210,185.71
19890213,185.40
19890214,185.63
19890215,187.41
19890216,187.82
19890217,188.51
19890221,188.17
19890222,185.76
19890223,186.47
19890224,184.59
19890227,183.82
19890228,183.79
19890301,183.60
19890302,185.46
19890303,185.82
19890306,187.51
19890307,186.70
19890308,186.26
19890309,185.35
19890310,184.99
19890313,185.88
19890314,185.35
19890315,185.37
19890316,187.13
19890317,182.01
19890320,179.88
19890321,182.04
19890322,180.59
19890323,181.04
19890327,181.15
19890328,182.01
19890329,183.34
19890330,184.37
19890331,185.87
19890403,185.83
19890404,185.54
19890405,186.09
19890406,186.20
19890407,188.40
19890410,189.27
19890411,190.91
19890412,192.53
19890413,191.83
19890414,194.63
19890417,194.59
19890418,196.83
19890419,198.07
19890420,197.65
19890421,198.86
19890424,198.32
19890425,197.24
19890426,197.25
19890427,199.57
19890428,200.47
19890501,200.75
19890502,200.74
19890503,201.59
19890504,202.10
19890505,203.44
19890508,203.04
19890509,202.68
19890510,203.01
19890511,203.51
19890512,207.15
19890515,208.90
19890516,208.26
19890517,210.73
19890518,211.06
19890519,212.61
19890522,212.37
19890523,210.63
19890524,211.99
19890525,212.84
19890526,214.43
19890530,213.59
19890531,214.54
19890601,215.59
19890602,217.79
19890605,213.40
19890606,214.40
19890607,219.88
19890608,219.39
19890609,218.79
19890612,218.60
19890613,216.54
19890614,216.66
19890615,213.09
19890616,212.82
19890619,212.29
19890620,211.04
19890621,210.91
19890622,212.22
19890623,214.26
19890626,213.62
19890627,213.93
19890628,211.07
19890629,206.77
19890630,204.59
19890703,205.46
19890705,206.37
19890706,207.67
19890707,209.58
19890710,209.33
19890711,209.94
19890712,210.87
19890713,211.48
19890714,212.87
19890717,213.74
19890718,211.38
19890719,213.61
19890720,211.10
19890721,210.87
19890724,208.12
19890725,208.01
19890726,209.90
19890727,212.76
19890728,213.15
19890731,214.27
19890801,212.84
19890802,212.84
19890803,214.56
19890804,215.14
19890807,218.76
19890808,219.73
19890809,217.85
19890810,217.42
19890811,216.30
19890814,214.81
19890815,215.87
19890816,214.87
19890817,216.15
19890818,216.72
19890821,214.18
19890822,215.38
19890823,217.49
19890824,220.40
19890825,220.82
19890828,221.46
19890829,220.30
19890830,221.40
19890831,222.01
19890901,223.51
19890905,223.58
19890906,221.67
19890907,221.20
19890908,222.65
19890911,222.96
19890912,224.32
19890913,224.62
19890914,222.41
19890915,221.96
19890918,221.75
19890919,221.93
19890920,222.30
19890921,222.65
19890922,223.89
19890925,223.89
19890926,223.87
19890927,223.80
19890928,226.25
19890929,226.39
19891002,228.11
19891003,228.74
19891004,230.90
19891005,231.74
19891006,234.40
19891009,236.79
19891010,236.09
19891011,235.09
19891012,234.54
19891013,224.66
19891016,224.95
19891017,224.24
19891018,226.52
19891019,231.53
19891020,231.05
19891023,228.76
19891024,226.18
19891025,226.12
19891026,222.05
19891027,218.84
19891030,219.07
19891031,222.62
19891101,223.31
19891102,219.45
19891103,219.05
19891106,215.18
19891107,217.65
19891108,220.37
19891109,220.65
19891110,222.53
19891113,222.76
19891114,221.37
19891115,222.35
19891116,221.70
19891117,222.63
19891120,223.41
19891121,222.76
19891122,223.63
19891124,224.84
19891127,223.65
19891128,223.59
19891129,223.49
19891130,224.45
19891201,225.32
19891204,226.72
19891205,227.30
19891206,224.15
19891207,224.76
19891208,224.02
19891211,220.26
19891212,217.80
19891213,217.91
19891214,216.35
19891215,214.14
19891218,210.85
19891219,211.18
19891220,213.24
19891221,216.23
19891222,217.63
19891226,217.62
19891227,221.57
19891228,221.58
19891229,223.84
19900102,227.73
19900103,226.10
19900104,224.71
19900105,223.14
19900108,223.54
19900109,221.18
19900110,216.55
19900111,213.51
19900112,208.79
19900115,207.62
19900116,211.91
19900117,210.60
19900118,210.57
19900119,213.91
19900122,208.06
19900123,207.48
19900124,206.74
19900125,205.77
19900126,203.24
19900129,202.05
19900130,197.65
19900131,201.94
19900201,203.04
19900202,205.62
19900205,206.49
19900206,205.07
19900207,206.80
19900208,207.24
19900209,208.49
19900212,206.88
19900213,207.20
19900214,208.06
19900215,209.93
19900216,208.35
19900220,205.07
19900221,204.75
19900222,204.19
19900223,201.79
19900226,204.63
19900227,205.79
19900228,207.91
19900301,209.10
19900302,211.54
19900305,210.39
19900306,210.96
19900307,210.15
19900308,213.11
19900309,213.82
19900312,213.52
19900313,211.51
19900314,212.27
19900315,213.48
19900316,217.96
19900319,219.87
19900320,216.93
19900321,215.85
19900322,212.54
19900323,214.49
19900326,216.43
19900327,217.47
19900328,214.23
19900329,213.11
19900330,213.15
19900402,212.67
19900403,216.81
19900404,215.48
19900405,214.06
19900406,212.48
19900409,212.12
19900410,213.23
19900411,214.52
19900412,216.04
19900416,216.93
19900417,216.50
19900418,213.15
19900419,210.87
19900420,208.62
19900423,205.63
19900424,204.76
19900425,205.58
19900426,205.79
19900427,203.67
19900430,205.82
19900501,207.04
19900502,208.50
19900503,210.09
19900504,212.71
19900507,215.03
19900508,215.17
19900509,215.43
19900510,216.81
19900511,220.89
19900514,223.86
19900515,224.49
19900516,225.13
19900517,226.64
19900518,228.51
19900521,232.21
19900522,232.85
19900523,236.06
19900524,237.04
19900525,232.20
19900529,235.84
19900530,236.35
19900531,236.15
19900601,237.88
19900604,240.11
19900605,237.85
19900606,238.05
19900607,237.38
19900608,234.73
19900611,236.95
19900612,240.11
19900613,242.05
19900614,240.51
19900615,240.79
19900618,236.71
19900619,236.77
19900620,237.32
19900621,238.15
19900622,235.74
19900625,232.91
19900626,232.94
19900627,234.95
19900628,237.41
19900629,238.46
19900702,238.42
19900703,238.18
19900705,237.30
19900706,238.46
19900709,239.60
19900710,238.66
19900711,240.77
19900712,243.43
19900713,244.74
19900716,246.18
19900717,241.52
19900718,238.22
19900719,236.40
19900720,232.44
19900723,227.38
19900724,226.49
19900725,228.76
19900726,227.20
19900727,225.63
19900730,223.92
19900731,223.38
19900801,223.12
19900802,218.97
19900803,212.60
19900806,201.46
19900807,202.65
19900808,205.58
19900809,209.13
19900810,206.23
19900813,207.42
19900814,208.29
19900815,208.46
19900816,202.19
19900817,196.85
19900820,193.10
19900821,188.26
19900822,185.01
19900823,178.29
19900824,184.96
19900827,193.98
19900828,194.90
19900829,192.90
19900830,190.73
19900831,193.62
19900904,194.74
19900905,193.82
19900906,190.67
19900907,191.80
19900910,192.65
19900911,190.96
19900912,192.35
19900913,189.72
19900914,189.52
19900917,189.60
19900918,189.43
19900919,188.77
19900920,183.98
19900921,183.20
19900924,177.60
19900925,180.71
19900926,179.46
19900927,174.19
19900928,177.05
19901001,184.74
19901002,184.92
19901003,180.51
19901004,179.49
19901005,178.37
19901008,179.57
19901009,173.63
19901010,169.46
19901011,165.20
19901012,166.71
19901015,169.35
19901016,165.49
19901017,167.27
19901018,172.38
19901019,174.62
19901022,178.57
19901023,178.40
19901024,178.47
19901025,177.34
19901026,174.21
19901029,171.76
19901030,172.99
19901031,172.55
19901101,172.88
19901102,176.87
19901105,180.46
19901106,180.26
19901107,177.08
19901108,177.71
19901109,182.24
19901112,188.67
19901113,189.88
19901114,192.45
19901115,189.55
19901116,184.96
19901119,187.04
19901120,183.32
19901121,183.93
19901123,184.28
19901126,185.12
19901127,189.18
19901128,189.70
19901129,191.11
19901130,192.58
19901203,194.52
19901204,195.60
19901205,199.02
19901206,199.49
19901207,199.35
19901210,199.44
19901211,196.55
19901212,198.02
19901213,198.03
19901214,196.13
19901217,195.05
19901218,199.24
19901219,200.41
19901220,201.51
19901221,202.76
19901224,201.22
19901226,200.57
19901227,199.16
19901228,199.42
19901231,200.53
19910102,199.76
19910103,196.40
19910104,196.82
19910107,192.35
19910108,192.09
19910109,191.68
19910110,196.08
19910111,196.20
19910114,193.77
19910115,195.34
19910116,202.96
19910117,209.26
19910118,211.49
19910121,214.37
19910122,211.98
19910123,215.83
19910124,219.79
19910125,221.01
19910128,222.24
19910129,224.47
19910130,229.27
19910131,232.43
19910201,234.45
19910204,236.87
19910205,241.57
19910206,247.05
19910207,243.43
19910208,244.48
19910211,249.30
19910212,248.20
19910213,250.34
19910214,245.59
19910215,248.34
19910219,250.82
19910220,247.76
19910221,246.85
19910222,248.63
19910225,250.04
19910226,247.80
19910227,249.71
19910228,250.12
19910301,252.39
19910304,253.38
19910305,262.18
19910306,263.15
19910307,264.57
19910308,262.86
19910311,255.18
19910312,250.67
19910313,257.07
19910314,255.79
19910315,254.63
19910318,255.63
19910319,253.85
19910320,256.09
19910321,252.97
19910322,252.27
19910325,255.77
19910326,264.67
19910327,266.55
19910328,264.90
19910401,264.60
19910402,273.85
19910403,275.15
19910404,277.29
19910405,275.44
19910408,275.65
19910409,272.93
19910410,271.07
19910411,278.45
19910412,279.20
19910415,278.29
19910416,282.03
19910417,283.39
19910418,277.78
19910419,274.01
19910422,271.33
19910423,272.14
19910424,274.54
19910425,271.96
19910426,271.30
19910429,266.14
19910430,263.65
19910501,264.22
19910502,266.52
19910503,267.11
19910506,267.33
19910507,266.24
19910508,267.17
19910509,271.24
19910510,268.71
19910513,268.99
19910514,266.09
19910515,258.11
19910516,260.70
19910517,260.46
19910520,258.62
19910521,261.26
19910522,265.69
19910523,267.17
19910524,269.51
19910528,273.38
19910529,274.36
19910530,277.24
19910531,279.00
19910603,280.93
19910604,281.13
19910605,277.36
19910606,274.21
19910607,270.57
19910610,268.38
19910611,269.26
19910612,265.29
19910613,264.79
19910614,267.80
19910617,267.57
19910618,265.48
19910619,260.27
19910620,260.56
19910621,260.28
19910624,250.88
19910625,250.99
19910626,252.45
19910627,255.26
19910628,254.20
19910701,259.12
19910702,256.09
19910703,252.43
19910705,251.98
19910708,258.93
19910709,260.68
19910710,263.33
19910711,263.84
19910712,267.44
19910715,268.90
19910716,264.48
19910717,263.38
19910718,266.23
19910719,266.92
19910722,264.34
19910723,259.32
19910724,257.86
19910725,261.20
19910726,264.22
19910729,264.63
19910730,269.32
19910731,272.15
19910801,274.24
19910802,275.47
19910805,272.16
19910806,274.74
19910807,276.54
19910808,278.76
19910809,278.15
19910812,280.25
19910813,282.47
19910814,284.73
19910815,281.81
19910816,279.51
19910819,271.96
19910820,274.20
19910821,286.07
19910822,284.55
19910823,286.77
19910826,286.70
19910827,286.77
19910828,289.88
19910829,288.59
19910830,287.40
19910903,284.33
19910904,281.82
19910905,280.73
19910906,279.96
19910909,281.34
19910910,276.39
19910911,279.65
19910912,285.55
19910913,279.49
19910916,278.58
19910917,278.09
19910918,281.04
19910919,283.51
19910920,286.64
19910923,284.86
19910924,287.35
19910925,288.99
19910926,287.92
19910927,285.94
19910930,287.54
19911001,288.37
19911002,285.06
19911003,280.41
19911004,280.52
19911007,278.89
19911008,280.02
19911009,276.51
19911010,279.11
19911011,281.50
19911014,287.17
19911015,293.31
19911016,297.65
19911017,292.46
19911018,293.11
19911021,290.86
19911022,290.79
19911023,289.35
19911024,285.65
19911025,282.94
19911028,286.38
19911029,290.08
19911030,294.72
19911031,292.51
19911101,290.01
19911104,286.93
19911105,289.05
19911106,289.43
19911107,292.88
19911108,295.55
19911111,297.85
19911112,301.96
19911113,302.83
19911114,301.05
19911115,284.52
19911118,288.59
19911119,284.39
19911120,285.20
19911121,288.61
19911122,286.32
19911125,283.02
19911126,284.13
19911127,285.23
19911129,284.79
19911202,293.93
19911203,293.95
19911204,295.11
19911205,294.33
19911206,296.14
19911209,295.77
19911210,296.33
19911211,294.84
19911212,297.98
19911213,301.33
19911216,303.02
19911217,298.89
19911218,299.61
19911219,294.53
19911220,295.82
19911223,303.30
19911224,307.08
19911226,313.68
19911227,316.77
19911230,326.73
19911231,330.86
19920102,333.36
19920103,334.83
19920106,336.89
19920107,339.64
19920108,344.29
19920109,350.32
19920110,347.11
19920113,348.27
19920114,352.59
19920115,355.60
19920116,351.92
19920117,349.73
19920120,341.81
19920121,328.04
19920122,346.32
19920123,346.08
19920124,345.45
19920127,340.48
19920128,340.85
19920129,337.29
19920130,338.39
19920131,338.32
19920203,341.38
19920204,346.92
19920205,350.86
19920206,349.07
19920207,346.80
19920210,345.23
19920211,344.40
19920212,355.98
19920213,349.81
19920214,346.70
19920218,338.55
19920219,338.06
19920220,345.33
19920221,342.39
19920224,338.96
19920225,338.33
19920226,347.81
19920227,347.39
19920228,345.88
19920302,346.64
19920303,345.70
19920304,341.61
19920305,337.52
19920306,333.00
19920309,333.32
19920310,340.32
19920311,335.05
19920312,334.83
19920313,336.47
19920316,338.27
19920317,342.92
19920318,342.63
19920319,342.55
19920320,340.86
19920323,339.04
19920324,336.93
19920325,337.65
19920326,333.30
19920327,324.22
19920330,322.35
19920331,323.05
19920401,323.92
19920402,317.67
19920403,316.39
19920406,324.55
19920407,312.95
19920408,310.85
19920409,319.54
19920410,312.98
19920413,317.15
19920414,320.55
19920415,326.07
19920416,319.23
19920420,307.88
19920421,305.63
19920422,309.54
19920423,307.52
19920424,303.82
19920427,299.65
19920428,294.63
19920429,302.98
19920430,307.86
19920501,307.48
19920504,310.71
19920505,314.77
19920506,315.11
19920507,312.73
19920508,311.27
19920511,311.90
19920512,310.04
19920513,308.75
19920514,304.55
19920515,303.02
19920518,304.58
19920519,306.41
19920520,309.55
19920521,307.94
19920522,308.38
19920526,305.89
19920527,308.08
19920528,311.98
19920529,315.30
19920601,318.98
19920602,317.23
19920603,317.34
19920604,315.93
19920605,313.24
19920608,310.23
19920609,304.86
19920610,302.60
19920611,302.58
19920612,304.11
19920615,303.86
19920616,299.20
19920617,293.40
19920618,291.93
19920619,296.86
19920622,295.24
19920623,297.45
19920624,295.29
19920625,291.26
19920626,290.03
19920629,300.80
19920630,301.23
19920701,306.03
19920702,300.88
19920706,302.40
19920707,296.27
19920708,297.56
19920709,302.19
19920710,302.83
19920713,304.98
19920714,309.24
19920715,309.39
19920716,311.28
19920717,305.54
19920720,300.45
19920721,305.10
19920722,301.17
19920723,302.49
19920724,303.42
19920727,301.84
19920728,306.76
19920729,310.11
19920730,310.93
19920731,310.89
19920803,312.75
19920804,311.08
19920805,306.58
19920806,304.56
19920807,303.32
19920810,304.23
19920811,302.51
19920812,300.95
19920813,301.27
19920814,302.23
19920817,300.39
19920818,300.44
19920819,298.32
19920820,299.42
19920821,295.69
19920824,290.71
19920825,292.08
19920826,296.20
19920827,299.46
19920828,299.14
19920831,299.26
19920901,301.97
19920902,306.57
19920903,308.17
19920904,306.39
19920908,305.77
19920909,309.99
19920910,314.82
19920911,315.19
19920914,324.63
19920915,319.89
19920916,318.45
19920917,319.23
19920918,319.91
19920921,319.26
19920922,314.27
19920923,315.82
19920924,317.54
19920925,310.23
19920928,307.87
19920929,310.65
19920930,313.18
19921001,309.04
19921002,304.39
19921005,303.68
19921006,307.96
19921007,305.38
19921008,308.35
19921009,305.63
19921012,308.11
19921013,310.13
19921014,309.58
19921015,312.14
19921016,316.39
19921019,322.79
19921020,323.38
19921021,326.07
19921022,326.10
19921023,325.44
19921026,327.17
19921027,323.92
19921028,326.67
19921029,331.09
19921030,329.15
19921102,330.33
19921103,325.96
19921104,327.76
19921105,336.49
19921106,338.14
19921109,340.58
19921110,344.39
19921111,347.86
19921112,346.80
19921113,348.49
19921116,344.63
19921117,338.23
19921118,344.31
19921119,346.76
19921120,348.80
19921123,343.44
19921124,349.98
19921125,349.66
19921127,349.32
19921130,350.96
19921201,352.67
19921202,351.57
19921203,354.79
19921204,358.40
19921207,361.83
19921208,360.58
19921209,357.82
19921210,354.55
19921211,350.89
19921214,349.40
19921215,346.95
19921216,348.95
19921217,356.85
19921218,357.89
19921221,359.33
19921222,355.64
19921223,356.49
19921224,357.56
19921228,359.07
19921229,359.81
19921230,359.93
19921231,360.18
19930104,356.37
19930105,360.23
19930106,366.97
19930107,364.02
19930108,365.54
19930111,370.80
19930112,367.90
19930113,375.85
19930114,381.34
19930115,379.23
19930118,378.76
19930119,376.02
19930120,375.73
19930121,379.34
19930122,377.82
19930125,381.05
19930126,379.38
19930127,372.61
19930128,370.67
19930129,370.56
19930201,375.48
19930202,377.44
19930203,376.54
19930204,374.24
19930205,369.00
19930208,365.73
19930209,362.95
19930210,367.30
19930211,366.33
19930212,361.19
19930216,346.89
19930217,345.91
19930218,348.28
19930219,347.92
19930222,340.35
19930223,341.24
19930224,350.13
19930225,351.67
19930226,351.14
19930301,349.10
19930302,356.21
19930303,359.96
19930304,355.53
19930305,355.57
19930308,359.44
19930309,359.40
19930310,361.26
19930311,361.73
19930312,362.65
19930315,364.32
19930316,363.61
19930317,355.65
19930318,355.50
19930319,351.55
19930322,349.42
19930323,348.14
19930324,348.51
19930325,354.38
19930326,352.64
19930329,351.40
19930330,357.72
19930331,359.42
19930401,354.33
19930402,341.18
19930405,344.70
19930406,340.55
19930407,345.18
19930408,341.56
19930412,349.01
19930413,345.87
19930414,346.49
19930415,343.89
19930416,340.65
19930419,337.45
19930420,339.06
19930421,340.20
19930422,338.48
19930423,333.66
19930426,327.28
19930427,334.60
19930428,339.66
19930429,338.98
19930430,339.95
19930503,344.97
19930504,353.28
19930505,355.35
19930506,351.71
19930507,353.23
19930510,354.85
19930511,353.01
19930512,350.96
19930513,347.71
19930514,349.80
19930517,352.67
19930518,356.00
19930519,364.67
19930520,370.45
19930521,366.67
19930524,367.09
19930525,366.22
19930526,374.35
19930527,372.73
19930528,368.11
19930601,372.53
19930602,372.68
19930603,372.06
19930604,368.63
19930607,364.36
19930608,360.74
19930609,360.25
19930610,359.55
19930611,363.08
19930614,367.14
19930615,366.98
19930616,365.02
19930617,364.01
19930618,357.96
19930621,357.86
19930622,356.20
19930623,354.93
19930624,357.83
19930625,362.23
19930628,368.45
19930629,365.96
19930630,366.13
19930701,363.73
19930702,364.21
19930706,360.80
19930707,357.86
19930708,360.70
19930709,362.46
19930712,362.87
19930713,361.98
19930714,363.74
19930715,360.46
19930716,351.07
19930719,349.06
19930720,355.76
19930721,352.64
19930722,348.35
19930723,353.20
19930726,356.40
19930727,352.02
19930728,356.81
19930729,357.33
19930730,352.86
19930802,355.25
19930803,356.23
19930804,360.11
19930805,362.41
19930806,363.14
19930809,362.30
19930810,358.64
19930811,359.73
19930812,359.40
19930813,360.45
19930816,370.60
19930817,374.16
19930818,375.82
19930819,370.27
19930820,370.87
19930823,370.49
19930824,371.00
19930825,367.95
19930826,364.67
19930827,366.50
19930830,369.30
19930831,372.65
19930901,374.16
19930902,374.57
19930903,373.70
19930907,366.68
19930908,364.85
19930909,368.30
19930910,370.64
19930913,367.59
19930914,364.20
19930915,367.32
19930916,365.74
19930917,366.18
19930920,367.45
19930921,365.64
19930922,374.00
19930923,377.07
19930924,378.04
19930927,382.51
19930928,386.02
19930929,386.89
19930930,382.71
19931001,382.81
19931004,384.30
19931005,381.27
19931006,380.42
19931007,377.99
19931008,381.32
19931011,380.65
19931012,382.57
19931013,386.30
19931014,391.98
19931015,392.45
19931018,389.85
19931019,382.73
19931020,383.93
19931021,387.36
19931022,388.19
19931025,387.40
19931026,384.60
19931027,390.25
19931028,389.24
19931029,390.98
19931101,395.03
19931102,395.32
19931103,387.93
19931104,377.46
19931105,383.64
19931108,384.85
19931109,385.92
19931110,392.98
19931111,394.66
19931112,395.17
19931115,391.12
19931116,393.38
19931117,385.80
19931118,381.74
19931119,380.57
19931122,373.37
19931123,381.22
19931124,385.04
19931126,386.32
19931129,383.18
19931130,386.76
19931201,392.95
19931202,396.17
19931203,401.77
19931206,399.01
19931207,396.98
19931208,394.81
19931209,387.25
19931210,386.96
19931213,387.78
19931214,382.83
19931215,384.95
19931216,386.18
19931217,389.04
19931220,389.72
19931221,388.51
19931222,388.40
19931223,390.32
19931227,391.84
19931228,394.74
19931229,395.38
19931230,397.73
19931231,398.28
19940103,395.53
19940104,398.19
19940105,401.07
19940106,404.21
19940107,404.78
19940110,408.91
19940111,407.85
19940112,408.47
19940113,408.00
19940114,411.75
19940117,410.79
19940118,410.95
19940119,406.38
19940120,411.53
19940121,411.59
19940124,409.23
19940125,406.48
19940126,407.19
19940127,409.93
19940128,412.52
19940131,413.99
19940201,410.22
19940202,411.78
19940203,410.05
19940204,397.48
19940207,399.62
19940208,401.46
19940209,403.91
19940210,401.31
19940211,401.83
19940214,405.11
19940215,408.28
19940216,408.74
19940217,407.39
19940218,407.94
19940222,410.48
19940223,408.91
19940224,402.79
19940225,406.45
19940228,412.17
19940301,409.69
19940302,408.18
19940303,408.17
19940304,411.99
19940307,415.30
19940308,411.97
19940309,413.08
19940310,409.77
19940311,409.43
19940314,412.93
19940315,412.83
19940316,415.31
19940317,418.45
19940318,417.52
19940321,412.99
19940322,410.67
19940323,410.50
19940324,403.92
19940325,399.86
19940328,393.92
19940329,383.00
19940330,380.25
19940331,382.96
19940404,375.42
19940405,389.31
19940406,388.76
19940407,390.97
19940408,384.90
19940411,383.85
19940412,375.46
19940413,367.25
19940414,365.65
19940415,366.29
19940418,360.46
19940419,357.36
19940420,355.38
19940421,367.02
19940422,369.08
19940425,374.79
19940426,375.46
19940428,372.45
19940429,373.25
19940502,379.82
19940503,377.07
19940504,377.53
19940505,378.23
19940506,374.57
19940509,368.00
19940510,370.02
19940511,365.18
19940512,366.64
19940513,364.82
19940516,360.49
19940517,360.50
19940518,368.59
19940519,371.71
19940520,370.37
19940523,369.89
19940524,377.00
19940525,378.24
19940526,375.80
19940527,376.81
19940531,378.85
19940601,379.23
19940602,380.66
19940603,382.78
19940606,382.80
19940607,379.99
19940608,371.00
19940609,370.30
19940610,374.64
19940613,371.88
19940614,377.38
19940615,377.78
19940616,377.80
19940617,371.94
19940620,367.83
19940621,360.98
19940622,363.23
19940623,353.49
19940624,351.76
19940627,361.16
19940628,362.05
19940629,362.73
19940630,360.30
19940701,360.03
19940705,356.91
19940706,353.62
19940707,359.23
19940708,359.31
19940711,358.79
19940712,361.31
19940713,369.14
19940714,367.52
19940715,367.24
19940718,368.18
19940719,364.72
19940720,359.53
19940721,362.21
19940722,365.06
19940725,366.11
19940726,364.01
19940727,361.81
19940728,362.14
19940729,370.16
19940801,373.58
19940802,372.78
19940803,370.48
19940804,367.55
19940805,367.15
19940808,368.89
19940809,370.66
19940810,373.93
19940811,374.49
19940812,376.96
19940815,377.08
19940816,380.53
19940817,386.90
19940818,385.63
19940819,384.12
19940822,382.81
19940823,386.74
19940824,388.44
19940825,391.49
19940826,399.26
19940829,398.44
19940830,401.74
19940831,397.90
19940901,391.61
19940902,391.41
19940906,393.69
19940907,397.05
19940908,400.75
19940909,394.84
19940912,391.67
19940913,396.69
19940914,397.79
19940915,407.10
19940916,404.47
19940919,403.88
19940920,396.85
19940921,393.71
19940922,393.55
19940923,390.20
19940926,388.90
19940927,389.33
19940928,391.97
19940929,391.22
19940930,393.85
19941003,392.72
19941004,382.71
19941005,386.99
19941006,382.85
19941007,387.36
19941010,392.85
19941011,400.29
19941012,399.85
19941013,399.86
19941014,398.80
19941017,396.85
19941018,398.00
19941019,403.73
19941020,402.99
19941021,400.52
19941024,398.79
19941025,398.48
19941026,403.83
19941027,405.62
19941028,411.84
19941031,413.05
19941101,410.06
19941102,408.91
19941103,408.17
19941104,401.46
19941107,400.19
19941108,407.44
19941109,408.32
19941110,406.12
19941111,404.78
19941114,412.17
19941115,411.78
19941116,412.72
19941117,410.98
19941118,412.43
19941121,409.28
19941122,397.93
19941123,397.17
19941125,401.17
19941128,403.82
19941129,409.10
19941130,404.82
19941201,397.66
19941202,402.04
19941205,402.71
19941206,399.98
19941207,395.75
19941208,386.30
19941209,388.63
19941212,388.88
19941213,387.53
19941214,391.65
19941215,393.70
19941216,392.01
19941219,390.42
19941220,390.61
19941221,397.80
19941222,399.80
19941223,401.15
19941227,404.03
19941228,400.26
19941229,406.31
19941230,404.27
19950103,398.00
19950104,399.65
19950105,398.02
19950106,401.59
19950109,403.53
19950110,407.57
19950111,407.10
19950112,407.32
19950113,410.48
19950116,413.65
19950117,416.89
19950118,419.26
19950119,417.83
19950120,410.13
19950123,411.89
19950124,413.60
19950125,410.87
19950126,406.50
19950127,407.22
19950130,401.71
19950131,405.33
19950201,407.06
19950202,411.15
19950203,416.14
19950206,420.93
19950207,420.57
19950208,425.66
19950209,426.43
19950210,430.77
19950213,428.77
19950214,429.81
19950215,432.49
19950216,430.86
19950217,425.66
19950221,424.82
19950222,429.21
19950223,431.03
19950224,428.42
19950227,424.75
19950228,432.50
19950301,429.80
19950302,431.68
19950303,436.68
19950306,437.24
19950307,432.12
19950308,437.01
19950309,437.02
19950310,441.76
19950313,440.82
19950314,446.27
19950315,443.57
19950316,444.68
19950317,443.94
19950320,446.61
19950321,447.13
19950322,447.13
19950323,448.82
19950324,455.43
19950327,457.12
19950328,460.54
19950329,451.87
19950330,448.42
19950331,447.15
19950403,448.49
19950404,441.86
19950405,444.66
19950406,439.92
19950407,444.01
19950410,449.36
19950411,453.33
19950412,456.98
19950413,458.93
19950417,457.06
19950418,453.43
19950419,447.06
19950420,449.01
19950421,451.34
19950424,456.41
19950425,459.10
19950426,463.03
19950427,465.34
19950428,469.56
19950501,466.05
19950502,465.38
19950503,474.93
19950504,474.10
19950505,470.30
19950508,476.78
19950509,476.00
19950510,472.88
19950511,479.57
19950512,483.19
19950515,486.34
19950516,491.04
19950517,494.69
19950518,488.02
19950519,489.87
19950522,495.09
19950523,503.12
19950524,500.50
19950525,501.66
19950526,496.06
19950530,482.08
19950531,488.10
19950601,490.96
19950602,492.65
19950605,500.81
19950606,495.12
19950607,497.15
19950608,500.86
19950609,500.41
19950612,501.69
19950613,505.32
19950614,506.09
19950615,511.99
19950616,517.57
19950619,530.53
19950620,539.55
19950621,535.52
19950622,546.06
19950623,544.66
19950626,536.49
19950627,527.84
19950628,530.65
19950629,536.21
19950630,538.03
19950703,538.97
19950705,543.39
19950706,553.87
19950707,567.56
19950710,573.56
19950711,563.98
19950712,579.71
19950713,583.25
19950714,589.85
19950717,596.91
19950718,578.46
19950719,547.12
19950720,550.33
19950721,547.78
19950724,562.64
19950725,572.71
19950726,576.84
19950727,584.25
19950728,574.18
19950731,568.88
19950801,559.21
19950802,551.56
19950803,553.06
19950804,560.58
19950807,563.65
19950808,565.71
19950809,575.49
19950810,569.75
19950811,575.64
19950814,584.73
19950815,584.05
19950816,596.43
19950817,596.28
19950818,595.52
19950821,578.89
19950822,589.25
19950823,591.32
19950824,583.16
19950825,580.10
19950828,566.05
19950829,566.82
19950830,572.83
19950831,576.77
19950901,573.21
19950905,595.36
19950906,594.12
19950907,599.14
19950908,604.27
19950911,609.75
19950912,605.99
19950913,607.70
19950914,604.12
19950915,589.01
19950918,591.13
19950919,601.02
19950920,603.19
19950921,594.85
19950922,592.64
19950925,587.93
19950926,580.77
19950927,576.22
19950928,595.44
19950929,585.08
19951002,573.87
19951003,573.16
19951004,558.99
19951005,572.75
19951006,567.42
19951009,546.93
19951010,550.76
19951011,564.33
19951012,573.10
19951013,570.00
19951016,568.46
19951017,589.43
19951018,597.97
19951019,601.26
19951020,591.88
19951023,593.27
19951024,594.23
19951025,584.33
19951026,582.47
19951027,593.53
19951030,607.10
19951031,598.78
19951101,600.91
19951102,614.69
19951103,621.71
19951106,615.72
19951107,596.23
19951108,598.72
19951109,616.95
19951110,613.61
19951113,608.32
19951114,591.68
19951115,593.48
19951116,591.70
19951117,588.81
19951120,571.67
19951121,574.22
19951122,569.04
19951124,578.32
19951127,573.91
19951128,598.00
19951129,599.58
19951130,593.72
19951201,587.02
19951204,598.00
19951205,591.23
19951206,589.98
19951207,587.13
19951208,599.38
19951211,596.11
19951212,585.04
19951213,587.54
19951214,566.29
19951215,563.28
19951218,548.04
19951219,575.01
19951220,565.15
19951221,580.76
19951222,585.18
19951226,585.09
19951227,580.37
19951228,571.96
19951229,576.23
19960102,585.94
19960103,572.29
19960104,563.48
19960105,565.14
19960108,563.15
19960109,534.42
19960110,535.29
19960111,555.20
19960112,552.71
19960115,534.44
19960116,546.05
19960117,545.51
19960118,554.32
19960119,564.64
19960122,571.25
19960123,567.35
19960124,582.14
19960125,572.26
19960126,577.05
19960129,576.23
19960130,583.99
19960131,591.82
19960201,601.88
19960202,601.42
19960205,615.47
19960206,619.20
19960207,615.07
19960208,623.80
19960209,623.01
19960212,625.29
19960213,618.54
19960214,617.59
19960215,620.23
19960216,619.04
19960220,616.83
19960221,627.28
19960222,643.41
19960223,642.59
19960226,637.92
19960227,631.10
19960228,631.44
19960229,622.83
19960301,604.76
19960304,601.50
19960305,615.88
19960306,607.84
19960307,609.55
19960308,591.71
19960311,605.48
19960312,599.02
19960313,614.75
19960314,610.56
19960315,621.71
19960318,633.26
19960319,629.39
19960320,615.26
19960321,611.51
19960322,612.88
19960325,597.82
19960326,602.08
19960327,608.06
19960328,608.08
19960329,609.69
19960401,612.99
19960402,615.81
19960403,618.57
19960404,618.00
19960408,610.61
19960409,611.06
19960410,609.11
19960411,604.07
19960412,605.05
19960415,611.08
19960416,625.94
19960417,620.71
19960418,633.44
19960419,633.01
19960422,644.29
19960423,654.49
19960424,664.01
19960425,666.68
19960426,666.65
19960429,667.00
19960430,666.73
19960501,673.36
19960502,656.73
19960503,661.07
19960506,662.93
19960507,660.82
19960508,663.53
19960509,662.54
19960510,672.54
19960513,688.52
19960514,695.43
19960515,690.16
19960516,695.25
19960517,690.81
19960520,693.27
19960521,687.86
19960522,688.43
19960523,692.09
19960524,688.91
19960528,685.07
19960529,677.09
19960530,684.04
19960531,692.39
19960603,689.25
19960604,692.59
19960605,699.35
19960606,687.01
19960607,691.46
19960610,688.84
19960611,690.94
19960612,697.16
19960613,691.84
19960614,681.13
19960617,678.44
19960618,666.07
19960619,667.72
19960620,664.45
19960621,672.53
19960624,677.17
19960625,668.04
19960626,659.69
19960627,671.15
19960628,677.30
19960701,687.07
19960702,680.17
19960703,673.84
19960705,657.68
19960708,656.00
19960709,660.76
19960710,657.45
19960711,635.78
19960712,635.06
19960715,606.89
19960716,614.25
19960717,631.30
19960718,643.74
19960719,633.05
19960722,624.03
19960723,598.34
19960724,605.05
19960725,620.39
19960726,633.39
19960729,620.51
19960730,630.32
19960731,636.01
19960801,651.07
19960802,667.84
19960805,661.02
19960806,671.69
19960807,682.37
19960808,677.52
19960809,678.31
19960812,679.39
19960813,669.10
19960814,677.17
19960815,677.09
19960816,672.28
19960819,670.25
19960820,662.87
19960821,667.42
19960822,681.63
19960823,677.57
19960826,672.92
19960827,679.05
19960828,679.67
19960829,671.10
19960830,663.57
19960903,669.29
19960904,669.20
19960905,652.32
19960906,664.22
19960909,671.98
19960910,671.65
19960911,675.12
19960912,685.65
19960913,707.86
19960916,709.22
19960917,722.50
19960918,727.63
19960919,736.76
19960920,743.42
19960923,733.41
19960924,736.61
19960925,745.69
19960926,744.61
19960927,744.73
19960930,737.57
19961001,734.50
19961002,747.55
19961003,743.28
19961004,759.12
19961007,764.82
19961008,753.24
19961009,753.97
19961010,751.44
19961011,765.64
19961014,771.99
19961015,775.08
19961016,767.64
19961017,755.80
19961018,756.83
19961021,746.28
19961022,736.64
19961023,749.70
19961024,748.41
19961025,743.55
19961028,741.64
19961029,731.21
19961030,736.36
19961031,751.99
19961101,755.51
19961104,756.23
19961105,769.91
19961106,786.90
19961107,795.42
19961108,798.66
19961111,804.72
19961112,794.09
19961113,798.70
19961114,809.75
19961115,799.44
19961118,793.29
19961119,805.78
19961120,808.39
19961121,800.47
19961122,818.37
19961125,821.24
19961126,825.51
19961127,832.37
19961129,834.01
19961202,844.63
19961203,837.91
19961204,834.65
19961205,835.80
19961206,827.21
19961209,856.64
19961210,848.96
19961211,856.38
19961212,843.37
19961213,828.45
19961216,804.78
19961217,815.79
19961218,836.54
19961219,843.73
19961220,834.05
19961223,824.79
19961224,835.40
19961226,842.98
19961227,835.46
19961230,826.49
19961231,821.36
19970102,815.60
19970103,848.17
19970106,853.25
19970107,864.55
19970108,853.09
19970109,856.95
19970110,865.58
19970113,864.38
19970114,881.38
19970115,864.29
19970116,873.63
19970117,883.44
19970120,899.78
19970121,913.73
19970122,925.52
19970123,912.74
19970124,898.37
19970127,889.82
19970128,890.79
19970129,892.46
19970130,911.71
19970131,921.55
19970203,918.01
19970204,916.30
19970205,887.39
19970206,885.52
19970207,899.84
19970210,872.06
19970211,871.71
19970212,900.50
19970213,907.54
19970214,899.91
19970218,897.53
19970219,897.65
19970220,880.28
19970221,864.28
19970224,880.26
19970225,882.04
19970226,880.74
19970227,848.58
19970228,850.46
19970303,856.08
19970304,862.04
19970305,872.07
19970306,851.51
19970307,841.03
19970310,854.84
19970311,848.50
19970312,839.32
19970313,840.50
19970314,838.98
19970317,832.24
19970318,827.57
19970319,811.80
19970320,821.73
19970321,812.73
19970324,802.37
19970325,807.19
19970326,834.38
19970327,818.74
19970331,797.06
19970401,796.79
19970402,783.92
19970403,804.67
19970404,822.40
19970407,832.31
19970408,840.36
19970409,828.73
19970410,813.43
19970411,789.97
19970414,806.79
19970415,798.00
19970416,798.68
19970417,808.22
19970418,816.43
19970421,802.50
19970422,818.08
19970423,837.97
19970424,837.75
19970425,818.57
19970428,829.39
19970429,856.26
19970430,874.74
19970501,882.12
19970502,909.49
19970505,932.89
19970506,914.90
19970507,909.29
19970508,919.31
19970509,919.08
19970512,924.64
19970513,910.57
19970514,909.92
19970515,931.83
19970516,915.29
19970519,913.57
19970520,942.11
19970521,950.53
19970522,946.10
19970523,959.08
19970527,984.61
19970528,982.60
19970529,970.54
19970530,958.85
19970602,958.69
19970603,929.81
19970604,921.96
19970605,930.61
19970606,944.99
19970609,954.76
19970610,941.18
19970611,949.00
19970612,950.00
19970613,964.40
19970616,975.99
19970617,989.37
19970618,971.55
19970619,981.95
19970620,981.41
19970623,969.06
19970624,986.42
19970625,979.22
19970626,967.34
19970627,963.01
19970630,957.30
19970701,953.44
19970702,975.93
19970703,986.52
19970707,991.04
19970708,1005.81
19970709,1010.10
19970710,1010.04
19970711,1015.62
19970714,1041.88
19970715,1059.02
19970716,1103.43
19970717,1094.85
19970718,1070.99
19970721,1058.45
19970722,1090.94
19970723,1092.06
19970724,1088.18
19970725,1085.39
19970728,1075.18
19970729,1087.92
19970730,1100.98
19970731,1107.03
19970801,1108.94
19970804,1124.08
19970805,1136.41
19970806,1141.82
19970807,1135.61
19970808,1115.02
19970811,1101.18
19970812,1090.78
19970813,1099.10
19970814,1103.51
19970815,1076.67
19970818,1089.55
19970819,1121.18
19970820,1145.07
19970821,1118.72
19970822,1110.91
19970825,1107.75
19970826,1093.21
19970827,1091.89
19970828,1070.57
19970829,1074.05
19970902,1102.75
19970903,1100.44
19970904,1105.82
19970905,1111.15
19970908,1117.82
19970909,1126.73
19970910,1102.95
19970911,1105.06
19970912,1106.07
19970915,1080.29
19970916,1116.52
19970917,1108.63
19970918,1109.29
19970919,1118.68
19970922,1123.65
19970923,1135.04
19970924,1115.88
19970925,1106.48
19970926,1106.82
19970929,1118.77
19970930,1097.16
19971001,1102.06
19971002,1112.84
19971003,1124.44
19971006,1125.93
19971007,1140.74
19971008,1145.34
19971009,1148.21
19971010,1137.77
19971013,1140.48
19971014,1131.43
19971015,1119.07
19971016,1099.38
19971017,1075.12
19971020,1088.25
19971021,1110.55
19971022,1098.71
19971023,1074.65
19971024,1057.34
19971027,978.13
19971028,1046.87
19971029,1029.76
19971030,1000.70
19971031,1019.62
19971103,1050.72
19971104,1047.62
19971105,1046.92
19971106,1034.17
19971107,1028.32
19971110,1011.54
19971111,1010.96
19971112,980.12
19971113,1005.25
19971114,1027.85
19971117,1049.70
19971118,1036.31
19971119,1039.12
19971120,1062.49
19971121,1056.59
19971124,1030.22
19971125,1038.06
19971126,1044.24
19971128,1050.51
19971201,1079.23
19971202,1052.07
19971203,1061.62
19971204,1052.76
19971205,1070.27
19971208,1082.92
19971209,1050.67
19971210,1033.21
19971211,1001.88
19971212,978.49
19971215,984.38
19971216,997.31
19971217,983.63
19971218,966.77
19971219,969.90
19971222,975.67
19971223,949.57
19971224,938.99
19971226,954.07
19971229,978.53
19971230,998.46
19971231,990.83
19980102,1008.23
19980105,1017.42
19980106,1006.29
19980107,991.19
19980108,994.55
19980109,956.19
19980112,971.17
19980113,995.05
19980114,996.37
19980115,995.58
19980116,1005.87
19980120,1026.88
19980121,1026.52
19980122,1020.63
19980123,1024.47
19980126,1016.40
19980127,1035.76
19980128,1063.20
19980129,1069.00
19980130,1071.13
19980202,1100.99
19980203,1111.26
19980204,1124.44
19980205,1114.86
19980206,1134.32
19980209,1122.72
19980210,1139.79
19980211,1138.81
19980212,1144.80
19980213,1136.69
19980217,1128.63
19980218,1140.74
19980219,1156.75
19980220,1159.73
19980223,1185.53
19980224,1172.40
19980225,1200.39
19980226,1206.97
19980227,1194.13
19980302,1177.59
19980303,1175.72
19980304,1179.87
19980305,1126.83
19980306,1163.11
19980309,1128.37
19980310,1148.61
19980311,1153.87
19980312,1163.27
19980313,1169.29
19980316,1180.17
19980317,1167.89
19980318,1177.01
19980319,1186.16
19980320,1169.43
19980323,1179.18
19980324,1197.81
19980325,1214.82
19980326,1217.94
19980327,1211.64
19980330,1206.64
19980331,1220.66
19980401,1228.41
19980402,1230.18
19980403,1233.66
19980406,1205.37
19980407,1182.13
19980408,1191.06
19980409,1196.90
19980413,1202.97
19980414,1213.12
19980415,1231.36
19980416,1227.53
19980417,1231.25
19980420,1253.11
19980421,1269.70
19980422,1290.90
19980423,1258.58
19980424,1250.14
19980427,1220.05
19980428,1222.50
19980429,1239.56
19980430,1248.12
19980501,1251.53
19980504,1255.82
19980505,1247.27
19980506,1242.25
19980507,1222.68
19980508,1254.03
19980511,1237.66
19980512,1256.41
19980513,1263.08
19980514,1266.15
19980515,1249.49
19980518,1242.50
19980519,1255.59
19980520,1237.75
19980521,1223.70
19980522,1214.13
19980526,1200.12
19980527,1209.46
19980528,1214.83
19980529,1192.07
19980601,1165.55
19980602,1187.15
19980603,1163.98
19980604,1195.19
19980605,1206.70
19980608,1207.02
19980609,1223.48
19980610,1199.31
19980611,1185.11
19980612,1186.99
19980615,1173.57
19980616,1210.90
19980617,1224.08
19980618,1227.33
19980619,1239.71
19980622,1263.93
19980623,1302.39
19980624,1331.16
19980625,1311.40
19980626,1320.94
19980629,1339.71
19980630,1337.34
19980701,1356.14
19980702,1332.53
19980706,1342.58
19980707,1346.32
19980708,1377.84
19980709,1383.22
19980710,1391.11
19980713,1420.58
19980714,1418.13
19980715,1449.58
19980716,1452.62
19980717,1463.97
19980720,1465.89
19980721,1431.89
19980722,1430.58
19980723,1405.80
19980724,1408.60
19980727,1426.37
19980728,1393.28
19980729,1380.08
19980730,1422.05
19980731,1377.26
19980803,1368.44
19980804,1317.24
19980805,1329.90
19980806,1365.87
19980807,1364.07
19980810,1362.88
19980811,1330.13
19980812,1354.66
19980813,1338.39
19980814,1330.04
19980817,1367.79
19980818,1401.24
19980819,1398.26
19980820,1398.20
19980821,1374.77
19980824,1370.92
19980825,1388.35
19980826,1374.05
19980827,1311.53
19980828,1265.04
19980831,1140.34
19980901,1215.06
19980902,1221.44
19980903,1208.96
19980904,1205.41
19980908,1286.47
19980909,1261.77
19980910,1235.37
19980911,1290.20
19980914,1308.23
19980915,1324.19
19980916,1331.45
19980917,1291.79
19980918,1300.70
19980921,1327.70
19980922,1336.19
19980923,1394.65
19980924,1356.46
19980925,1390.09
19980928,1383.25
19980929,1384.89
19980930,1345.48
19981001,1273.74
19981002,1276.44
19981005,1207.68
19981006,1184.84
19981007,1151.09
19981008,1128.88
19981009,1197.87
19981012,1243.40
19981013,1206.90
19981014,1235.67
19981015,1299.66
19981016,1293.91
19981019,1310.17
19981020,1283.23
19981021,1332.05
19981022,1355.19
19981023,1340.60
19981026,1368.93
19981027,1353.34
19981028,1379.96
19981029,1396.30
19981030,1400.52
19981102,1418.79
19981103,1401.73
19981104,1434.00
19981105,1442.04
19981106,1458.34
19981109,1467.63
19981110,1477.48
19981111,1480.71
19981112,1466.54
19981113,1465.22
19981116,1475.60
19981117,1498.55
19981118,1514.89
19981119,1537.45
19981120,1544.22
19981123,1589.06
19981124,1580.83
19981125,1598.48
19981127,1628.35
19981130,1557.96
19981201,1632.53
19981202,1619.09
19981203,1573.78
19981204,1630.01
19981207,1676.89
19981208,1668.16
19981209,1685.38
19981210,1652.76
19981211,1675.01
19981214,1614.09
19981215,1663.78
19981216,1656.28
19981217,1689.63
19981218,1735.00
19981221,1787.30
19981222,1767.82
19981223,1818.96
19981224,1806.04
19981228,1823.99
19981229,1823.31
19981230,1810.97
19981231,1836.01
19990104,1854.39
19990105,1903.00
19990106,1963.95
19990107,1966.35
19990108,1973.66
19990111,2000.18
19990112,1939.08
19990113,1948.71
19990114,1906.12
19990115,1981.62
19990119,2033.71
19990120,2033.71
19990121,1961.76
19990122,1964.21
19990125,1997.16
19990126,2062.20
19990127,2030.36
19990128,2104.59
19990129,2127.19
19990201,2130.93
19990202,2078.69
19990203,2119.94
19990204,2027.66
19990205,1988.55
19990208,2034.21
19990209,1935.33
19990210,1944.18
19990211,2044.68
19990212,1958.60
19990216,1954.49
19990217,1891.37
19990218,1906.09
19990219,1931.59
19990222,1996.02
19990223,2028.23
19990224,1989.14
19990225,1974.39
19990226,1925.28
19990301,1937.70
19990302,1888.66
19990303,1899.81
19990304,1933.03
19990305,1969.87
19990308,2034.05
19990309,2028.57
19990310,2038.51
19990311,2043.76
19990312,2008.96
19990315,2060.34
19990316,2073.31
19990317,2064.50
19990318,2102.77
19990319,2053.69
19990322,2027.14
19990323,1961.31
19990324,2013.55
19990325,2083.35
19990326,2067.30
19990329,2144.66
19990330,2125.69
19990331,2106.39
19990401,2146.13
19990405,2219.64
19990406,2218.83
19990407,2192.29
19990408,2224.75
19990409,2232.47
19990412,2219.21
19990413,2175.18
19990414,2103.63
19990415,2135.81
19990416,2086.46
19990419,1967.58
19990420,2030.28
19990421,2105.82
19990422,2183.49
19990423,2210.44
19990426,2260.66
19990427,2207.03
19990428,2150.44
19990429,2119.29
19990430,2136.39
19990503,2137.95
19990504,2097.55
19990505,2155.77
19990506,2078.63
19990507,2117.73
19990510,2134.75
19990511,2175.85
19990512,2217.68
19990513,2179.08
19990514,2125.15
19990517,2175.74
19990518,2159.26
19990519,2186.20
19990520,2139.95
19990521,2114.40
19990524,2060.59
19990525,1999.04
19990526,2053.04
19990527,2050.09
19990528,2089.70
19990601,2025.79
19990602,2074.54
19990603,2030.40
19990604,2109.41
19990607,2152.69
19990608,2086.75
19990609,2135.48
19990610,2097.79
19990611,2062.29
19990614,2028.92
19990615,2058.17
19990616,2167.49
19990617,2190.83
19990618,2205.46
19990621,2268.66
19990622,2209.89
19990623,2239.33
19990624,2184.87
19990625,2185.76
19990628,2243.94
19990629,2280.06
19990630,2296.77
19990701,2322.32
19990702,2347.88
19990706,2330.73
19990707,2340.67
19990708,2374.58
19990709,2393.02
19990712,2384.24
19990713,2373.66
19990714,2417.05
19990715,2429.27
19990716,2459.48
19990719,2424.62
19990720,2329.32
19990721,2363.63
19990722,2281.92
19990723,2302.02
19990726,2233.51
19990727,2308.78
19990728,2333.78
19990729,2263.06
19990730,2270.93
19990802,2264.81
19990803,2239.18
19990804,2204.33
19990805,2232.23
19990806,2212.15
19990809,2187.61
19990810,2163.77
19990811,2241.80
19990812,2214.33
19990813,2307.06
19990816,2313.08
19990817,2337.37
19990818,2317.39
19990819,2278.79
19990820,2315.07
19990823,2385.87
19990824,2404.82
19990825,2460.92
19990826,2417.30
19990827,2402.57
19990830,2366.88
19990831,2396.87
19990901,2404.94
19990902,2392.60
19990903,2506.69
19990907,2491.82
19990908,2454.67
19990909,2505.50
19990910,2534.61
19990913,2483.10
19990914,2522.46
19990915,2463.09
19990916,2466.88
19990917,2536.91
19990920,2545.41
19990921,2473.74
19990922,2513.94
19990923,2403.07
19990924,2399.58
19990927,2426.51
19990928,2428.11
19990929,2398.78
19990930,2407.90
19991001,2404.45
19991004,2467.92
19991005,2471.50
19991006,2532.40
19991007,2532.00
19991008,2555.36
19991011,2578.88
19991012,2526.82
19991013,2454.49
19991014,2470.99
19991015,2403.81
19991018,2362.11
19991019,2362.25
19991020,2466.29
19991021,2477.14
19991022,2485.90
19991025,2484.19
19991026,2466.40
19991027,2457.46
19991028,2539.93
19991029,2637.44
19991101,2616.36
19991102,2626.99
19991103,2672.72
19991104,2703.11
19991105,2755.70
19991108,2786.27
19991109,2763.58
19991110,2797.61
19991111,2849.81
19991112,2888.91
19991115,2875.87
19991116,2940.25
19991117,2911.69
19991118,3003.49
19991119,3028.84
19991122,3049.61
19991123,2999.78
19991124,3108.52
19991126,3116.62
19991129,3063.23
19991130,2966.71
19991201,2997.28
19991202,3108.47
19991203,3172.37
19991206,3191.09
19991207,3205.08
19991208,3164.08
19991209,3167.52
19991210,3203.28
19991213,3242.37
19991214,3167.29
19991215,3239.18
19991216,3332.31
19991217,3359.86
19991220,3390.01
19991221,3528.53
19991222,3562.29
19991223,3590.28
19991227,3598.51
19991228,3579.95
19991229,3689.68
19991230,3683.67
19991231,3707.83
20000103,3790.55
20000104,3546.20
20000105,3507.31
20000106,3340.81
20000107,3529.60
20000110,3717.41
20000111,3544.35
20000112,3478.14
20000113,3612.08
20000114,3704.74
20000118,3757.78
20000119,3790.89
20000120,3841.74
20000121,3849.96
20000124,3660.96
20000125,3759.11
20000126,3621.21
20000127,3593.15
20000128,3446.13
20000131,3570.05
20000201,3701.78
20000202,3724.46
20000203,3851.16
20000204,3874.37
20000207,3933.34
20000208,4062.77
20000209,3968.46
20000210,4090.00
20000211,3968.89
20000214,3986.13
20000215,3997.03
20000216,3997.97
20000217,4125.38
20000218,3965.75
20000222,3969.13
20000223,4170.09
20000224,4253.05
20000225,4178.58
20000228,4162.13
20000229,4266.94
20000301,4309.01
20000302,4234.26
20000303,4442.87
20000306,4457.18
20000307,4390.83
20000308,4445.68
20000309,4586.26
20000310,4587.16
20000313,4426.80
20000314,4226.99
20000315,4130.01
20000316,4353.33
20000317,4440.45
20000320,4261.15
20000321,4449.33
20000322,4596.81
20000323,4660.62
20000324,4691.61
20000327,4704.73
20000328,4583.39
20000329,4413.92
20000330,4250.19
20000331,4397.84
20000403,4077.02
20000404,4034.17
20000405,4030.26
20000406,4086.73
20000407,4291.53
20000410,3998.26
20000411,3909.21
20000412,3633.63
20000413,3553.81
20000414,3207.96
20000417,3529.45
20000418,3715.81
20000419,3583.07
20000420,3505.29
20000424,3353.53
20000425,3621.56
20000426,3505.71
20000427,3692.57
20000428,3773.18
20000501,3829.84
20000502,3627.31
20000503,3562.16
20000504,3570.73
20000505,3688.36
20000508,3521.60
20000509,3445.26
20000510,3244.73
20000511,3381.57
20000512,3406.25
20000515,3512.11
20000516,3646.89
20000517,3550.50
20000518,3426.35
20000519,3260.64
20000522,3264.71
20000523,3023.42
20000524,3180.31
20000525,3099.28
20000526,3101.44
20000530,3414.03
20000531,3324.08
20000601,3518.98
20000602,3755.67
20000605,3730.31
20000606,3646.32
20000607,3736.01
20000608,3707.31
20000609,3760.26
20000612,3638.42
20000613,3765.81
20000614,3677.49
20000615,3752.01
20000616,3787.36
20000619,3933.70
20000620,3933.83
20000621,3970.00
20000622,3804.11
20000623,3685.30
20000626,3771.45
20000627,3699.00
20000628,3771.06
20000629,3665.83
20000630,3763.79
20000703,3804.78
20000705,3649.80
20000706,3793.48
20000707,3841.27
20000710,3772.20
20000711,3744.53
20000712,3901.12
20000713,3956.67
20000714,4041.15
20000717,4061.88
20000718,3960.96
20000719,3843.98
20000720,3995.46
20000721,3908.75
20000724,3790.62
20000725,3865.39
20000726,3818.31
20000727,3681.63
20000728,3477.31
20000731,3609.35
20000801,3521.15
20000802,3490.34
20000803,3623.50
20000804,3618.63
20000807,3710.39
20000808,3686.37
20000809,3693.04
20000810,3595.19
20000811,3644.61
20000814,3719.61
20000815,3722.62
20000816,3721.25
20000817,3830.59
20000818,3807.51
20000821,3827.62
20000822,3827.89
20000823,3896.92
20000824,3949.57
20000825,3931.25
20000828,3954.24
20000829,3951.94
20000830,3968.73
20000831,4077.59
20000901,4099.30
20000905,3987.03
20000906,3837.62
20000907,3953.36
20000908,3813.44
20000911,3706.74
20000912,3666.87
20000913,3741.75
20000914,3737.42
20000915,3676.33
20000918,3585.52
20000919,3756.40
20000920,3790.45
20000921,3718.15
20000922,3701.18
20000925,3622.10
20000926,3582.59
20000927,3571.90
20000928,3725.15
20000929,3570.61
20001002,3457.97
20001003,3353.34
20001004,3453.36
20001005,3424.32
20001006,3311.94
20001009,3318.90
20001010,3188.29
20001011,3100.53
20001012,3004.45
20001013,3277.77
20001016,3249.46
20001017,3172.19
20001018,3139.31
20001019,3402.95
20001020,3456.61
20001023,3422.00
20001024,3353.26
20001025,3107.61
20001026,3167.14
20001027,3175.25
20001030,3081.07
20001031,3282.30
20001101,3225.27
20001102,3308.48
20001103,3321.91
20001106,3290.47
20001107,3279.57
20001108,3059.09
20001109,3057.06
20001110,2890.26
20001113,2836.62
20001114,3039.50
20001115,3076.70
20001116,2925.16
20001117,2934.81
20001120,2792.41
20001121,2786.53
20001122,2668.25
20001124,2830.09
20001127,2769.32
20001128,2621.11
20001129,2602.85
20001130,2506.54
20001201,2549.74
20001204,2554.40
20001205,2852.87
20001206,2743.70
20001207,2719.91
20001208,2895.39
20001211,2972.91
20001212,2863.21
20001213,2748.88
20001214,2639.26
20001215,2543.09
20001218,2543.09
20001219,2399.63
20001220,2210.32
20001221,2224.84
20001222,2436.26
20001226,2404.60
20001227,2460.21
20001228,2464.62
20001229,2341.70
20010102,2128.78
20010103,2528.38
20010104,2460.04
20010105,2267.85
20010108,2281.54
20010109,2311.40
20010110,2413.71
20010111,2524.29
20010112,2506.05
20010116,2470.72
20010117,2558.67
20010118,2670.47
20010119,2655.77
20010122,2643.13
20010123,2730.05
20010124,2726.45
20010125,2595.85
20010126,2631.78
20010129,2694.53
20010130,2686.14
20010131,2593.00
20010201,2607.16
20010202,2472.18
20010205,2467.30
20010206,2473.24
20010207,2409.66
20010208,2355.67
20010209,2261.77
20010212,2286.76
20010213,2208.40
20010214,2305.82
20010215,2371.04
20010216,2212.51
20010220,2095.11
20010221,2058.54
20010222,2032.42
20010223,2056.06
20010226,2097.64
20010227,1964.52
20010228,1908.32
20010301,1968.02
20010302,1881.34
20010305,1916.68
20010306,1976.31
20010307,1996.23
20010308,1938.15
20010309,1813.02
20010312,1680.64
20010313,1789.70
20010314,1745.13
20010315,1697.92
20010316,1647.51
20010319,1730.46
20010320,1614.47
20010321,1605.04
20010322,1701.90
20010323,1705.02
20010326,1676.90
20010327,1735.63
20010328,1602.22
20010329,1563.14
20010330,1573.25
20010402,1516.58
20010403,1399.05
20010404,1370.75
20010405,1519.05
20010406,1448.16
20010409,1481.22
20010410,1597.87
20010411,1647.36
20010412,1714.29
20010416,1650.21
20010417,1671.51
20010418,1830.79
20010419,1953.28
20010420,1933.57
20010423,1811.89
20010424,1762.21
20010425,1814.33
20010426,1763.33
20010427,1810.47
20010430,1855.15
20010501,1919.01
20010502,1962.42
20010503,1877.80
20010504,1924.12
20010507,1895.41
20010508,1929.24
20010509,1876.60
20010510,1838.32
20010511,1821.20
20010514,1795.06
20010515,1797.08
20010516,1899.47
20010517,1925.14
20010518,1927.69
20010521,2052.57
20010522,2042.93
20010523,1957.56
20010524,2003.37
20010525,1960.74
20010529,1873.53
20010530,1779.00
20010531,1799.89
20010601,1840.83
20010604,1838.84
20010605,1923.90
20010606,1903.84
20010607,1963.31
20010608,1896.22
20010611,1846.50
20010612,1852.03
20010613,1790.21
20010614,1711.39
20010615,1701.53
20010618,1666.49
20010619,1675.90
20010620,1721.56
20010621,1751.22
20010622,1727.47
20010625,1743.90
20010626,1751.62
20010627,1756.02
20010628,1808.94
20010629,1830.19
20010702,1830.19
20010703,1822.16
20010705,1751.00
20010706,1668.59
20010709,1697.05
20010710,1624.95
20010711,1641.56
20010712,1750.13
20010713,1751.11
20010716,1685.74
20010717,1729.55
20010718,1666.87
20010719,1695.89
20010720,1676.46
20010723,1629.93
20010724,1604.86
20010725,1627.86
20010726,1673.39
20010727,1683.18
20010730,1670.03
20010731,1683.61
20010801,1729.53
20010802,1751.45
20010803,1725.90
20010806,1702.84
20010807,1696.37
20010808,1626.20
20010809,1628.92
20010810,1617.45
20010813,1653.27
20010814,1629.95
20010815,1572.03
20010816,1581.98
20010817,1516.58
20010820,1535.99
20010821,1480.74
20010822,1515.41
20010823,1496.98
20010824,1579.62
20010827,1578.33
20010828,1526.30
20010829,1499.76
20010830,1453.90
20010831,1469.70
20010904,1424.12
20010905,1415.30
20010906,1361.69
20010907,1354.27
20010910,1365.39
20010917,1252.70
20010918,1224.64
20010919,1208.23
20010920,1166.27
20010921,1126.95
20010924,1191.02
20010925,1187.77
20010926,1143.48
20010927,1144.27
20010928,1168.37
20011001,1151.24
20011002,1159.37
20011003,1249.41
20011004,1260.66
20011005,1271.73
20011008,1279.63
20011009,1244.56
20011010,1304.68
20011011,1389.87
20011012,1393.84
20011015,1378.92
20011016,1404.81
20011017,1314.80
20011018,1330.33
20011019,1347.59
20011022,1383.07
20011023,1384.06
20011024,1424.69
20011025,1479.05
20011026,1454.90
20011029,1374.58
20011030,1342.26
20011031,1364.78
20011101,1424.15
20011102,1425.78
20011105,1480.21
20011106,1523.09
20011107,1524.67
20011108,1510.60
20011109,1514.96
20011112,1528.75
20011113,1580.76
20011114,1585.89
20011115,1582.58
20011116,1582.14
20011119,1617.58
20011120,1549.70
20011121,1552.01
20011123,1577.47
20011126,1619.65
20011127,1609.87
20011128,1557.03
20011129,1599.30
20011130,1596.05
20011203,1567.54
20011204,1634.27
20011205,1720.91
20011206,1717.97
20011207,1673.90
20011210,1645.36
20011211,1661.27
20011212,1669.95
20011213,1601.91
20011214,1605.67
20011217,1640.34
20011218,1657.68
20011219,1628.69
20011220,1557.36
20011221,1578.27
20011224,1577.31
20011226,1590.84
20011227,1606.48
20011228,1621.13
20011231,1577.05
20020102,1610.39
20020103,1666.66
20020104,1675.03
20020107,1649.83
20020108,1666.58
20020109,1653.76
20020110,1656.68
20020111,1634.17
20020114,1603.76
20020115,1612.46
20020116,1558.98
20020117,1602.32
20020118,1548.22
20020122,1501.78
20020123,1549.21
20020124,1565.13
20020125,1558.26
20020128,1564.86
20020129,1519.33
20020130,1538.94
20020131,1550.17
20020201,1528.15
20020204,1479.17
20020205,1462.86
20020206,1445.96
20020207,1413.86
20020208,1452.17
20020211,1477.64
20020212,1464.76
20020213,1486.75
20020214,1474.71
20020215,1436.70
20020219,1387.27
20020220,1408.26
20020221,1348.25
20020222,1356.16
20020225,1407.99
20020226,1401.19
20020227,1378.48
20020228,1359.22
20020301,1435.41
20020304,1494.70
20020305,1498.95
20020306,1519.95
20020307,1506.81
20020308,1555.11
20020311,1553.80
20020312,1520.54
20020313,1486.27
20020314,1477.19
20020315,1495.41
20020318,1505.89
20020319,1504.67
20020320,1451.02
20020321,1488.97
20020322,1470.10
20020325,1427.60
20020326,1439.55
20020327,1436.51
20020328,1452.81
20020401,1478.52
20020402,1410.41
20020403,1394.21
20020404,1396.97
20020405,1376.72
20020408,1392.96
20020409,1345.32
20020410,1363.29
20020411,1324.65
20020412,1351.85
20020415,1355.09
20020416,1413.93
20020417,1403.71
20020418,1395.90
20020419,1385.01
20020422,1349.83
20020423,1322.81
20020424,1302.32
20020425,1302.32
20020426,1250.89
20020429,1246.75
20020430,1277.07
20020501,1267.44
20020502,1225.37
20020503,1190.74
20020506,1161.16
20020507,1159.25
20020508,1282.41
20020509,1240.41
20020510,1188.78
20020513,1241.54
20020514,1305.55
20020515,1311.05
20020516,1315.85
20020517,1325.80
20020520,1292.21
20020521,1255.91
20020522,1264.51
20020523,1286.77
20020524,1253.03
20020528,1244.82
20020529,1218.68
20020530,1227.90
20020531,1208.34
20020603,1159.15
20020604,1178.80
20020605,1195.60
20020606,1157.62
20020607,1140.24
20020610,1135.62
20020611,1100.97
20020612,1123.34
20020613,1106.54
20020614,1109.60
20020617,1149.91
20020618,1138.47
20020619,1097.54
20020620,1062.45
20020621,1035.63
20020624,1057.68
20020625,1022.74
20020626,1027.22
20020627,1050.64
20020628,1051.41
20020701,998.17
20020702,963.66
20020703,995.68
20020705,1060.89
20020708,1014.33
20020709,990.23
20020710,959.05
20020711,998.03
20020712,1000.82
20020715,1021.02
20020716,1011.30
20020717,1028.74
20020718,994.61
20020719,965.37
20020722,939.10
20020723,896.82
20020724,951.58
20020725,894.45
20020726,910.91
20020729,970.13
20020730,980.36
20020731,962.10
20020801,913.59
20020802,892.51
20020805,857.08
20020806,901.91
20020807,919.08
20020808,947.24
20020809,937.33
20020812,938.98
20020813,907.62
20020814,968.84
20020815,980.98
20020816,996.06
20020819,1026.06
20020820,1008.02
20020821,1035.47
20020822,1049.03
20020823,1010.49
20020826,1016.79
20020827,974.47
20020828,944.83
20020829,961.75
20020830,942.38
20020903,899.64
20020904,920.98
20020905,882.92
20020906,922.22
20020909,932.23
20020910,947.72
20020911,946.40
20020912,915.01
20020913,923.83
20020916,908.48
20020917,897.53
20020918,895.20
20020919,865.93
20020920,871.60
20020923,843.08
20020924,843.61
20020925,880.44
20020926,873.74
20020927,860.35
20020930,832.52
20021001,870.63
20021002,849.55
20021003,833.21
20021004,815.40
20021007,804.64
20021008,811.50
20021009,807.42
20021010,849.57
20021011,890.61
20021014,900.75
20021015,950.42
20021016,910.13
20021017,945.06
20021018,956.13
20021021,979.35
20021022,963.87
20021023,989.32
20021024,964.91
20021025,995.55
20021028,979.55
20021029,960.82
20021030,986.09
20021031,989.54
20021101,1019.06
20021104,1046.99
20021105,1050.39
20021106,1065.86
20021107,1025.79
20021108,1008.35
20021111,972.48
20021112,1001.94
20021113,1011.94
20021114,1057.83
20021115,1061.28
20021118,1045.19
20021119,1025.96
20021120,1070.53
20021121,1118.14
20021122,1116.01
20021125,1127.06
20021126,1087.49
20021127,1125.67
20021129,1116.10
20021202,1120.49
20021203,1088.80
20021204,1069.44
20021205,1053.06
20021206,1065.97
20021209,1014.84
20021210,1033.07
20021211,1036.34
20021212,1039.95
20021213,1005.85
20021216,1042.44
20021217,1040.01
20021218,1013.67
20021219,1006.05
20021220,1013.90
20021223,1032.30
20021224,1023.29
20021226,1016.46
20021227,997.85
20021230,989.89
20021231,984.37
20030102,1027.86
20030103,1031.63
20030106,1061.48
20030107,1071.85
20030108,1042.52
20030109,1076.05
20030110,1087.36
20030113,1083.00
20030114,1094.87
20030115,1073.60
20030116,1061.46
20030117,1017.58
20030121,1008.93
20030122,1006.51
20030123,1032.67
20030124,996.18
20030127,986.41
20030128,1001.41
20030129,1016.56
20030130,985.52
20030131,983.05
20030203,987.07
20030204,971.73
20030205,968.97
20030206,970.55
20030207,957.05
20030210,969.96
20030211,971.61
20030212,956.77
20030213,951.90
20030214,982.09
20030218,1014.91
20030219,1005.88
20030220,1001.47
20030221,1015.92
20030224,994.69
20030225,999.28
20030226,974.49
20030227,994.80
20030228,1009.74
20030303,991.07
20030304,982.98
20030305,990.23
20030306,983.96
20030307,986.82
20030310,964.29
20030311,958.82
20030312,970.54
20030313,1029.79
20030314,1030.45
20030317,1077.01
20030318,1082.19
20030319,1074.97
20030320,1080.24
20030321,1093.12
20030324,1047.10
20030325,1066.57
20030326,1066.30
20030327,1061.93
20030328,1046.72
20030331,1018.66
20030401,1022.63
20030402,1063.46
20030403,1064.06
20030404,1050.70
20030407,1053.28
20030408,1046.30
20030409,1023.52
20030410,1033.14
20030411,1026.15
20030414,1048.31
20030415,1053.08
20030416,1054.89
20030417,1083.56
20030421,1081.04
20030422,1102.44
20030423,1112.93
20030424,1108.12
20030425,1083.19
20030428,1107.13
20030429,1116.79
20030430,1106.06
20030501,1113.21
20030502,1136.35
20030505,1136.26
20030506,1152.78
20030507,1135.85
20030508,1118.76
20030509,1143.55
20030512,1160.42
20030513,1155.97
20030514,1148.14
20030515,1162.93
20030516,1154.48
20030519,1112.49
20030520,1112.85
20030521,1113.68
20030522,1131.45
20030523,1130.05
20030527,1172.58
20030528,1173.31
20030529,1181.82
20030530,1197.89
20030602,1185.13
20030603,1198.57
20030604,1224.76
20030605,1231.72
20030606,1213.11
20030609,1195.55
20030610,1212.99
20030611,1228.24
20030612,1229.32
20030613,1203.91
20030616,1241.58
20030617,1239.63
20030618,1247.90
20030619,1225.89
20030620,1223.40
20030623,1200.17
20030624,1191.70
20030625,1188.33
20030626,1214.58
20030627,1205.24
20030630,1201.69
20030701,1217.37
20030702,1245.75
20030703,1231.34
20030707,1281.89
20030708,1298.37
20030709,1295.16
20030710,1268.65
20030711,1280.57
20030714,1295.74
20030715,1294.47
20030716,1291.99
20030717,1255.94
20030718,1259.91
20030721,1240.78
20030722,1257.63
20030723,1268.52
20030724,1253.76
20030725,1278.31
20030728,1280.53
20030729,1275.17
20030730,1263.78
20030731,1276.94
20030801,1264.34
20030804,1267.38
20030805,1229.72
20030806,1215.13
20030807,1217.17
20030808,1207.28
20030811,1223.14
20030812,1240.70
20030813,1240.37
20030814,1251.90
20030815,1253.63
20030818,1284.81
20030819,1299.69
20030820,1299.73
20030821,1314.65
20030822,1304.54
20030825,1306.64
20030826,1309.05
20030827,1318.93
20030828,1332.33
20030829,1341.20
20030902,1361.09
20030903,1360.19
20030904,1373.26
20030905,1361.90
20030908,1386.73
20030909,1370.56
20030910,1332.28
20030911,1350.80
20030912,1357.63
20030915,1347.77
20030916,1382.82
20030917,1376.80
20030918,1400.13
20030919,1392.26
20030922,1366.32
20030923,1388.15
20030924,1339.64
20030925,1325.75
20030926,1309.31
20030929,1335.51
20030930,1303.70
20031001,1335.34
20031002,1337.10
20031003,1375.32
20031006,1381.70
20031007,1392.56
20031008,1382.40
20031009,1396.95
20031010,1404.87
20031013,1414.72
20031014,1420.66
20031015,1417.59
20031016,1426.71
20031017,1394.02
20031020,1409.31
20031021,1422.13
20031022,1387.40
20031023,1378.11
20031024,1370.61
20031027,1377.41
20031028,1420.02
20031029,1419.92
20031030,1417.38
20031031,1416.39
20031103,1443.13
20031104,1429.38
20031105,1429.56
20031106,1440.08
20031107,1436.73
20031110,1414.62
20031111,1409.64
20031112,1443.52
20031113,1439.87
20031114,1407.51
20031117,1393.75
20031118,1364.70
20031119,1378.90
20031120,1363.49
20031121,1373.32
20031124,1419.31
20031125,1411.36
20031126,1420.11
20031128,1424.25
20031201,1447.08
20031202,1431.89
20031203,1419.77
20031204,1432.38
20031205,1406.91
20031208,1418.05
20031209,1383.66
20031210,1388.96
20031211,1416.96
20031212,1417.27
20031215,1396.82
20031216,1403.28
20031217,1400.00
20031218,1431.31
20031219,1426.17
20031222,1431.71
20031223,1448.17
20031224,1443.19
20031226,1443.86
20031229,1470.37
20031230,1470.01
20031231,1467.92
20040102,1463.57
20040105,1496.58
20040106,1501.26
20040107,1514.26
20040108,1530.65
20040109,1520.46
20040112,1539.77
20040113,1524.78
20040114,1534.08
20040115,1532.01
20040116,1553.62
20040120,1552.87
20040121,1546.60
20040122,1530.42
20040123,1531.21
20040126,1553.66
20040127,1519.23
20040128,1491.57
20040129,1496.40
20040130,1493.08
20040202,1487.84
20040203,1491.85
20040204,1462.61
20040205,1465.03
20040206,1498.95
20040209,1490.91
20040210,1500.29
20040211,1514.18
20040212,1501.34
20040213,1484.47
20040217,1506.57
20040218,1507.49
20040219,1484.80
20040220,1482.10
20040223,1463.75
20040224,1462.05
20040225,1470.22
20040226,1477.13
20040227,1470.38
20040301,1489.49
20040302,1473.22
20040303,1466.09
20040304,1481.36
20040305,1472.99
20040308,1441.12
20040309,1437.47
20040310,1417.50
20040311,1402.20
20040312,1431.40
20040315,1399.87
20040316,1407.07
20040317,1428.89
20040318,1417.77
20040319,1398.58
20040322,1381.39
20040323,1370.04
20040324,1381.86
20040325,1425.86
20040326,1415.39
20040329,1442.31
20040330,1445.25
20040331,1438.41
20040401,1453.22
20040402,1490.30
20040405,1508.37
20040406,1493.58
20040407,1481.96
20040408,1485.51
20040412,1495.93
20040413,1472.88
20040414,1475.66
20040415,1459.45
20040416,1449.06
20040419,1473.48
20040420,1436.90
20040421,1451.01
20040422,1485.50
20040423,1497.01
20040426,1480.53
20040427,1479.47
20040428,1453.03
20040429,1431.36
20040430,1401.36
20040503,1415.29
20040504,1422.11
20040505,1428.42
20040506,1415.60
20040507,1406.19
20040510,1397.10
20040511,1421.89
20040512,1414.83
20040513,1417.09
20040514,1399.85
20040517,1379.90
20040518,1397.47
20040519,1396.34
20040520,1396.87
20040521,1408.17
20040524,1413.97
20040525,1447.72
20040526,1453.87
20040527,1463.11
20040528,1466.22
20040601,1468.54
20040602,1464.22
20040603,1445.21
20040604,1455.04
20040607,1491.45
20040608,1495.97
20040609,1469.50
20040610,1481.27
20040614,1458.64
20040615,1479.20
20040616,1479.99
20040617,1464.03
20040618,1464.65
20040621,1453.23
20040622,1474.87
20040623,1493.52
20040624,1488.31
20040625,1498.38
20040628,1493.07
20040629,1505.65
20040630,1516.64
20040701,1489.57
20040702,1481.19
20040706,1445.71
20040707,1452.49
20040708,1431.13
20040709,1440.00
20040712,1432.11
20040713,1428.68
20040714,1416.05
20040715,1415.92
20040716,1392.17
20040719,1396.77
20040720,1421.07
20040721,1386.57
20040722,1408.51
20040723,1375.48
20040726,1368.40
20040727,1391.50
20040728,1383.75
20040729,1398.55
20040730,1400.39
20040802,1406.33
20040803,1379.14
20040804,1379.21
20040805,1353.44
20040806,1315.30
20040809,1318.83
20040810,1346.71
20040811,1324.65
20040812,1304.43
20040813,1307.82
20040816,1326.84
20040817,1335.72
20040818,1363.73
20040819,1353.24
20040820,1366.73
20040823,1370.90
20040824,1369.78
20040825,1389.17
20040826,1383.98
20040827,1388.56
20040830,1367.94
20040831,1368.68
20040901,1377.96
20040902,1398.34
20040903,1371.82
20040907,1381.84
20040908,1376.77
20040909,1391.53
20040910,1413.00
20040913,1427.34
20040914,1434.37
20040915,1415.30
20040916,1417.97
20040917,1426.30
20040920,1424.72
20040921,1435.91
20040922,1404.22
20040923,1405.77
20040924,1399.05
20040927,1385.55
20040928,1389.70
20040929,1410.86
20040930,1412.74
20041001,1452.94
20041004,1459.01
20041005,1461.76
20041006,1474.36
20041007,1455.77
20041008,1430.96
20041011,1437.73
20041012,1435.00
20041013,1434.46
20041014,1425.21
20041015,1430.98
20041018,1457.31
20041019,1443.80
20041020,1452.26
20041021,1474.79
20041022,1438.25
20041025,1432.57
20041026,1442.14
20041027,1480.03
20041028,1487.12
20041029,1486.72
20041101,1488.79
20041102,1494.83
20041103,1503.89
20041104,1516.20
20041105,1525.24
20041108,1527.13
20041109,1527.00
20041110,1517.06
20041111,1541.70
20041112,1558.41
20041115,1560.96
20041116,1548.53
20041117,1571.12
20041118,1580.81
20041119,1552.11
20041122,1568.28
20041123,1562.60
20041124,1582.55
20041126,1578.26
20041129,1580.44
20041130,1571.50
20041201,1607.15
20041202,1613.15
20041203,1614.40
20041206,1619.59
20041207,1589.33
20041208,1601.91
20041209,1609.79
20041210,1605.16
20041213,1621.16
20041214,1627.46
20041215,1623.63
20041216,1607.62
20041217,1596.61
20041220,1591.97
20041221,1609.26
20041222,1613.57
20041223,1613.77
20041227,1607.59
20041228,1624.19
20041229,1624.95
20041230,1623.76
20041231,1621.12
20050103,1603.51
20050104,1571.83
20050105,1563.76
20050106,1557.52
20050107,1564.81
20050110,1564.92
20050111,1553.40
20050112,1565.78
20050113,1545.18
20050114,1561.11
20050118,1573.49
20050119,1545.65
20050120,1514.56
20050121,1503.64
20050124,1480.66
20050125,1490.57
20050126,1509.01
20050127,1507.55
20050128,1499.46
20050131,1519.63
20050201,1523.66
20050202,1525.10
20050203,1508.24
20050204,1534.49
20050207,1529.05
20050208,1532.69
20050209,1506.81
20050210,1506.83
20050211,1530.51
20050214,1538.21
20050215,1547.30
20050216,1542.41
20050217,1519.29
20050218,1515.40
20050222,1494.07
20050223,1497.09
20050224,1517.71
20050225,1526.90
20050228,1511.02
20050301,1527.25
20050302,1525.28
20050303,1511.89
20050304,1520.58
20050307,1545.20
20050308,1528.65
20050309,1521.98
20050310,1524.38
20050311,1505.64
20050314,1515.09
20050315,1502.06
20050316,1486.23
20050317,1487.63
20050318,1484.40
20050321,1484.45
20050322,1465.09
20050323,1471.77
20050324,1469.94
20050328,1472.71
20050329,1464.34
20050330,1491.74
20050331,1482.53
20050401,1469.35
20050404,1476.72
20050405,1483.75
20050406,1480.67
20050407,1499.71
20050408,1485.60
20050411,1478.55
20050412,1489.16
20050413,1461.68
20050414,1441.13
20050415,1408.59
20050418,1409.98
20050419,1420.80
20050420,1406.85
20050421,1447.37
20050422,1421.21
20050425,1437.31
20050426,1420.43
20050427,1423.76
20050428,1409.29
20050429,1420.79
20050502,1423.71
20050503,1427.61
20050504,1452.20
20050505,1450.16
20050506,1456.00
20050509,1463.38
20050510,1450.36
20050511,1459.55
20050512,1454.79
20050513,1470.63
20050516,1480.68
20050517,1490.14
20050518,1509.26
20050519,1521.43
20050520,1528.06
20050523,1535.22
20050524,1540.47
20050525,1532.71
20050526,1548.80
20050527,1549.80
20050531,1542.63
20050601,1559.50
20050602,1568.96
20050603,1544.48
20050606,1545.27
20050607,1531.12
20050608,1527.68
20050609,1539.46
20050610,1521.02
20050613,1529.13
20050614,1524.42
20050615,1529.49
20050616,1537.42
20050617,1538.13
20050620,1537.31
20050621,1536.48
20050622,1534.36
20050623,1515.95
20050624,1500.18
20050627,1493.75
20050628,1508.61
20050629,1504.11
20050630,1493.52
20050701,1490.53
20050705,1506.35
20050706,1498.05
20050707,1503.78
20050708,1533.27
20050711,1547.66
20050712,1555.59
20050713,1557.62
20050714,1573.44
20050715,1577.82
20050718,1570.09
20050719,1590.49
20050720,1602.75
20050721,1601.89
20050722,1600.76
20050725,1593.57
20050726,1598.93
20050727,1611.95
20050728,1618.64
20050729,1605.14
20050801,1610.11
20050802,1627.01
20050803,1627.19
20050804,1608.74
20050805,1601.59
20050808,1589.97
20050809,1601.14
20050810,1585.71
20050811,1600.65
20050812,1591.75
20050815,1600.71
20050816,1574.01
20050817,1582.29
20050818,1575.76
20050819,1573.72
20050822,1575.59
20050823,1571.30
20050824,1561.71
20050825,1565.88
20050826,1558.84
20050829,1571.52
20050830,1565.73
20050831,1581.71
20050901,1577.25
20050902,1573.12
20050906,1597.27
20050907,1599.86
20050908,1597.68
20050909,1607.83
20050912,1612.20
20050913,1607.38
20050914,1589.63
20050915,1588.55
20050916,1599.44
20050919,1586.05
20050920,1578.20
20050921,1561.84
20050922,1567.36
20050923,1571.75
20050926,1572.86
20050927,1568.84
20050928,1568.81
20050929,1589.93
20050930,1601.66
20051003,1605.59
20051004,1595.54
20051005,1571.52
20051006,1552.94
20051007,1555.92
20051010,1546.99
20051011,1539.31
20051012,1521.19
20051013,1533.80
20051014,1544.29
20051017,1549.88
20051018,1538.43
20051019,1569.61
20051020,1555.59
20051021,1565.12
20051024,1590.65
20051025,1585.82
20051026,1575.14
20051027,1543.38
20051028,1557.11
20051031,1579.18
20051101,1576.52
20051102,1597.29
20051103,1619.67
20051104,1628.03
20051107,1629.27
20051108,1628.40
20051109,1630.21
20051110,1650.93
20051111,1653.36
20051114,1651.90
20051115,1644.31
20051116,1651.45
20051117,1676.39
20051118,1679.85
20051121,1686.23
20051122,1694.14
20051123,1696.77
20051125,1701.05
20051128,1684.39
20051129,1676.84
20051130,1672.56
20051201,1704.28
20051202,1709.10
20051205,1694.77
20051206,1701.35
20051207,1697.04
20051208,1685.59
20051209,1692.62
20051212,1698.35
20051213,1705.77
20051214,1698.98
20051215,1701.70
20051216,1688.68
20051219,1664.36
20051220,1665.07
20051221,1670.61
20051222,1683.35
20051223,1682.92
20051227,1668.37
20051228,1667.10
20051229,1655.36
20051230,1645.20
20060103,1679.93
20060104,1695.83
20060105,1705.29
20060106,1734.99
20060109,1741.90
20060110,1744.02
20060111,1758.24
20060112,1747.35
20060113,1746.78
20060117,1736.39
20060118,1716.62
20060119,1729.92
20060120,1676.38
20060123,1676.30
20060124,1686.22
20060125,1677.00
20060126,1690.49
20060127,1711.11
20060130,1713.45
20060131,1710.75
20060201,1713.02
20060202,1685.77
20060203,1664.53
20060206,1657.54
20060207,1651.84
20060208,1670.47
20060209,1654.08
20060210,1663.75
20060213,1645.83
20060214,1661.95
20060215,1673.15
20060216,1688.61
20060217,1675.21
20060221,1655.68
20060222,1677.52
20060223,1672.29
20060224,1676.50
20060227,1695.66
20060228,1670.57
20060301,1694.58
20060302,1693.78
20060303,1684.32
20060306,1669.94
20060307,1661.02
20060308,1661.86
20060309,1645.09
20060310,1648.23
20060313,1653.79
20060314,1681.15
20060315,1694.46
20060316,1679.05
20060317,1685.66
20060320,1688.98
20060321,1672.47
20060322,1676.32
20060323,1670.73
20060324,1679.81
20060327,1680.63
20060328,1673.03
20060329,1703.84
20060330,1708.68
20060331,1703.66
20060403,1706.77
20060404,1716.55
20060405,1732.74
20060406,1739.20
20060407,1723.03
20060410,1718.86
20060411,1704.40
20060412,1704.75
20060413,1712.07
20060417,1694.32
20060418,1726.64
20060419,1734.04
20060420,1728.90
20060421,1709.02
20060424,1706.44
20060425,1701.47
20060426,1702.20
20060427,1717.14
20060428,1700.71
20060501,1686.61
20060502,1689.93
20060503,1686.30
20060504,1701.03
20060505,1713.84
20060508,1715.23
20060509,1711.17
20060510,1694.82
20060511,1657.48
20060512,1635.81
20060515,1634.78
20060516,1623.69
20060517,1598.91
20060518,1587.11
20060519,1600.86
20060522,1584.57
20060523,1569.01
20060524,1580.18
20060525,1599.68
20060526,1606.37
20060530,1571.29
20060531,1579.58
20060601,1616.57
20060602,1612.90
20060605,1577.50
20060606,1575.39
20060607,1565.22
20060608,1561.55
20060609,1550.97
20060612,1520.31
20060613,1516.85
20060614,1530.26
20060615,1573.08
20060616,1562.84
20060619,1548.94
20060620,1548.32
20060621,1573.56
20060622,1554.49
20060623,1551.05
20060626,1556.17
20060627,1527.00
20060628,1538.25
20060629,1585.56
20060630,1575.23
20060703,1586.25
20060705,1553.95
20060706,1551.55
20060707,1533.71
20060710,1520.90
20060711,1533.06
20060712,1501.46
20060713,1478.16
20060714,1462.17
20060717,1468.50
20060718,1472.34
20060719,1490.60
20060720,1466.89
20060721,1451.88
20060724,1482.34
20060725,1489.52
20060726,1487.88
20060727,1478.53
20060728,1510.30
20060731,1509.43
20060801,1484.94
20060802,1500.48
20060803,1510.60
20060804,1503.84
20060807,1494.13
20060808,1484.80
20060809,1485.64
20060810,1496.28
20060811,1486.74
20060814,1494.33
20060815,1534.43
20060816,1570.06
20060817,1573.59
20060818,1576.46
20060821,1561.12
20060822,1563.43
20060823,1550.41
20060824,1555.19
20060825,1557.70
20060828,1570.29
20060829,1573.65
20060830,1581.95
20060831,1579.73
20060901,1589.47
20060905,1603.69
20060906,1572.20
20060907,1564.84
20060908,1574.71
20060911,1583.78
20060912,1615.75
20060913,1623.99
20060914,1625.98
20060915,1632.44
20060918,1632.17
20060919,1621.07
20060920,1645.35
20060921,1634.87
20060922,1622.37
20060925,1650.37
20060926,1659.20
20060927,1655.67
20060928,1661.59
20060929,1654.13
20061002,1632.81
20061003,1640.29
20061004,1681.14
20061005,1689.43
20061006,1684.88
20061009,1691.08
20061010,1693.29
20061011,1691.28
20061012,1718.54
20061013,1727.21
20061016,1727.61
20061017,1709.61
20061018,1700.75
20061019,1706.37
20061020,1709.58
20061023,1725.93
20061024,1713.88
20061025,1726.76
20061026,1744.07
20061027,1717.61
20061030,1727.80
20061031,1732.54
20061101,1707.65
20061102,1710.17
20061103,1703.98
20061106,1732.26
20061107,1741.53
20061108,1749.75
20061109,1740.14
20061110,1751.11
20061113,1768.00
20061114,1787.23
20061115,1793.82
20061116,1801.97
20061117,1800.67
20061120,1803.81
20061121,1808.88
20061122,1819.76
20061124,1815.53
20061127,1775.17
20061128,1780.34
20061129,1792.77
20061130,1791.25
20061201,1775.12
20061204,1799.93
20061205,1804.85
20061206,1799.13
20061207,1777.46
20061208,1786.21
20061211,1791.74
20061212,1781.97
20061213,1783.44
20061214,1803.41
20061215,1808.56
20061218,1790.99
20061219,1785.12
20061220,1777.92
20061221,1766.28
20061222,1748.61
20061226,1753.55
20061227,1763.41
20061228,1758.94
20061229,1756.90
20070103,1759.37
20070104,1792.91
20070105,1785.30
20070108,1787.14
20070109,1795.63
20070110,1816.15
20070111,1834.86
20070112,1844.81
20070116,1842.44
20070117,1827.68
20070118,1793.68
20070119,1796.81
20070122,1779.02
20070123,1773.40
20070124,1802.63
20070125,1777.75
20070126,1772.97
20070129,1775.08
20070130,1777.76
20070131,1792.28
20070201,1791.45
20070202,1798.13
20070205,1795.39
20070206,1793.06
20070207,1810.95
20070208,1810.54
20070209,1785.53
20070212,1778.42
20070213,1783.82
20070214,1814.98
20070215,1823.41
20070216,1821.49
20070220,1833.71
20070221,1839.13
20070222,1846.34
20070223,1839.77
20070226,1830.59
20070227,1756.27
20070228,1761.60
20070301,1753.45
20070302,1726.03
20070305,1712.94
20070306,1743.10
20070307,1736.10
20070308,1746.43
20070309,1744.74
20070312,1756.42
20070313,1722.48
20070314,1743.15
20070315,1744.87
20070316,1742.23
20070319,1758.23
20070320,1767.25
20070321,1806.35
20070322,1799.75
20070323,1794.04
20070326,1802.95
20070327,1789.93
20070328,1770.54
20070329,1771.72
20070330,1772.36
20070402,1773.33
20070403,1796.31
20070404,1801.74
20070405,1812.94
20070409,1808.19
20070410,1816.93
20070411,1798.09
20070412,1813.49
20070413,1816.85
20070416,1833.96
20070417,1834.91
20070418,1832.39
20070419,1832.47
20070420,1845.89
20070423,1850.18
20070424,1858.87
20070425,1881.33
20070426,1889.57
20070427,1891.06
20070430,1867.75
20070501,1873.43
20070502,1889.73
20070503,1895.64
20070504,1895.70
20070507,1895.96
20070508,1899.83
20070509,1905.65
20070510,1875.20
20070511,1898.79
20070514,1888.08
20070515,1871.79
20070516,1891.57
20070517,1884.68
20070518,1896.93
20070521,1911.16
20070522,1916.45
20070523,1904.41
20070524,1874.60
20070525,1889.25
20070529,1899.79
20070530,1918.08
20070531,1928.19
20070601,1928.26
20070604,1933.73
20070605,1932.35
20070606,1914.85
20070607,1882.17
20070608,1906.26
20070611,1901.96
20070612,1890.67
20070613,1913.87
20070614,1924.54
20070615,1942.41
20070618,1944.37
20070619,1941.75
20070620,1922.12
20070621,1941.32
20070622,1921.94
20070625,1912.90
20070626,1908.64
20070627,1933.06
20070628,1931.67
20070629,1934.10
20070702,1954.12
20070703,1965.20
20070705,1981.06
20070706,1988.31
20070709,1989.20
20070710,1971.89
20070711,1984.08
20070712,2021.03
20070713,2032.16
20070716,2028.02
20070717,2041.78
20070718,2037.98
20070719,2052.99
20070720,2035.88
20070723,2036.33
20070724,2000.55
20070725,2011.14
20070726,1986.60
20070727,1956.19
20070730,1973.93
20070731,1932.06
20070801,1945.08
20070802,1966.60
20070803,1918.56
20070806,1954.37
20070807,1961.64
20070808,1987.34
20070809,1936.76
20070810,1925.14
20070813,1934.41
20070814,1901.32
20070815,1864.92
20070816,1846.09
20070817,1888.78
20070820,1893.05
20070821,1910.99
20070822,1936.77
20070823,1931.88
20070824,1961.38
20070827,1947.49
20070828,1899.24
20070829,1954.85
20070830,1963.75
20070831,1988.73
20070904,2020.51
20070905,1994.38
20070906,1998.67
20070907,1958.35
20070910,1960.20
20070911,1988.98
20070912,1988.96
20070913,1998.63
20070914,2000.82
20070917,1983.08
20070918,2035.37
20070919,2041.36
20070920,2032.61
20070921,2049.48
20070924,2057.25
20070925,2076.83
20070926,2088.38
20070927,2096.39
20070928,2091.11
20071001,2116.97
20071002,2115.89
20071003,2103.01
20071004,2105.56
20071005,2149.67
20071008,2163.26
20071009,2171.21
20071010,2176.98
20071011,2140.92
20071012,2177.99
20071015,2158.92
20071016,2151.14
20071017,2179.14
20071018,2187.52
20071019,2131.08
20071022,2157.45
20071023,2205.18
20071024,2188.59
20071025,2161.52
20071026,2194.59
20071029,2203.42
20071030,2207.61
20071031,2238.98
20071101,2197.07
20071102,2213.86
20071105,2200.48
20071106,2223.97
20071107,2169.43
20071108,2106.16
20071109,2034.30
20071112,1982.16
20071113,2066.08
20071114,2038.05
20071115,2024.03
20071116,2048.62
20071119,2021.14
20071120,2029.94
20071121,2006.38
20071123,2028.90
20071126,1989.36
20071127,2033.76
20071128,2095.39
20071129,2102.42
20071130,2089.10
20071203,2067.45
20071204,2059.06
20071205,2099.31
20071206,2127.65
20071207,2130.00
20071210,2134.88
20071211,2083.72
20071212,2101.36
20071213,2094.68
20071214,2072.11
20071217,2020.80
20071218,2029.49
20071219,2031.00
20071220,2069.68
20071221,2111.77
20071224,2128.62
20071226,2136.94
20071227,2106.09
20071228,2107.05
20071231,2084.93
20080102,2049.71
20080103,2051.76
20080104,1963.52
20080107,1957.44
20080108,1910.33
20080109,1949.20
20080110,1953.64
20080111,1912.81
20080114,1949.15
20080115,1894.09
20080116,1872.29
20080117,1842.10
20080118,1844.09
20080122,1795.61
20080123,1789.53
20080124,1826.92
20080125,1789.17
20080128,1805.08
20080129,1807.67
20080130,1808.51
20080131,1841.42
20080201,1855.27
20080204,1828.80
20080205,1773.49
20080206,1740.95
20080207,1753.30
20080208,1773.74
20080211,1793.09
20080212,1780.54
20080213,1823.00
20080214,1787.59
20080215,1780.38
20080219,1764.81
20080220,1787.45
20080221,1766.30
20080222,1773.44
20080225,1785.46
20080226,1791.31
20080227,1799.94
20080228,1794.46
20080229,1745.27
20080303,1733.27
20080304,1743.70
20080305,1753.57
20080306,1712.50
20080307,1707.50
20080310,1673.03
20080311,1740.95
20080312,1735.18
20080313,1750.40
20080314,1713.83
20080317,1687.19
20080318,1761.05
20080319,1715.59
20080320,1751.99
20080324,1814.40
20080325,1824.54
20080326,1817.28
20080327,1777.89
20080328,1767.57
20080331,1781.93
20080401,1855.48
20080402,1848.80
20080403,1855.19
20080404,1865.87
20080407,1860.83
20080408,1846.14
20080409,1826.19
20080410,1852.97
20080411,1798.72
20080414,1790.93
20080415,1794.73
20080416,1846.89
20080417,1840.88
20080418,1900.28
20080421,1913.12
20080422,1881.65
20080423,1906.66
20080424,1924.58
20080425,1918.58
20080428,1923.26
20080429,1933.60
20080430,1917.70
20080501,1980.44
20080502,1981.87
20080505,1975.82
20080506,1990.61
20080507,1951.42
20080508,1966.86
20080509,1960.29
20080512,1997.02
20080513,2000.61
20080514,1997.30
20080515,2031.34
20080516,2031.27
20080519,2016.60
20080520,2000.67
20080521,1956.80
20080522,1964.92
20080523,1958.96
20080527,1995.44
20080528,2000.07
20080529,2019.02
20080530,2032.57
20080602,2006.84
20080603,1996.79
20080604,2021.45
20080605,2055.11
20080606,1990.39
20080609,1979.71
20080610,1972.54
20080611,1924.33
20080612,1924.26
20080613,1966.01
20080616,1984.76
20080617,1972.82
20080618,1951.10
20080619,1982.69
20080620,1928.39
20080623,1913.31
20080624,1903.74
20080625,1933.86
20080626,1855.39
20080627,1855.72
20080630,1837.09
20080701,1862.71
20080702,1816.15
20080703,1816.35
20080707,1826.93
20080708,1871.28
20080709,1819.18
20080710,1839.57
20080711,1810.88
20080714,1798.03
20080715,1798.35
20080716,1843.87
20080717,1853.47
20080718,1823.23
20080721,1819.76
20080722,1821.62
20080723,1845.56
20080724,1816.98
20080725,1846.55
20080728,1802.99
20080729,1845.55
20080730,1852.80
20080731,1849.15
20080801,1826.56
20080804,1804.84
20080805,1869.76
20080806,1895.21
20080807,1880.09
20080808,1926.23
20080811,1941.23
20080812,1941.07
20080813,1942.02
20080814,1964.38
20080815,1957.56
20080818,1932.70
20080819,1908.68
20080820,1913.02
20080821,1906.74
20080822,1931.47
20080825,1889.72
20080826,1886.32
20080827,1900.30
20080828,1915.12
20080829,1872.54
20080902,1850.14
20080903,1833.09
20080904,1774.78
20080905,1768.23
20080908,1762.95
20080909,1721.55
20080910,1738.07
20080911,1773.65
20080912,1767.13
20080915,1705.46
20080916,1724.08
20080917,1632.45
20080918,1697.42
20080919,1745.06
20080922,1665.94
20080923,1648.40
20080924,1661.33
20080925,1687.55
20080926,1672.04
20080929,1496.15
20080930,1594.63
20081001,1563.80
20081002,1491.11
20081003,1470.84
20081006,1411.28
20081007,1329.98
20081008,1330.61
20081009,1275.10
20081010,1269.80
20081013,1429.54
20081014,1364.59
20081015,1244.23
20081016,1312.97
20081017,1311.72
20081020,1352.76
20081021,1283.43
20081022,1237.09
20081023,1239.16
20081024,1202.27
20081027,1169.78
20081028,1297.57
20081029,1302.12
20081030,1333.94
20081031,1334.78
20081103,1334.75
20081104,1378.40
20081105,1299.98
20081106,1241.97
20081107,1271.62
20081110,1251.00
20081111,1225.59
20081112,1165.38
20081113,1240.93
20081114,1179.63
20081117,1151.96
20081118,1155.75
20081119,1087.60
20081120,1036.51
20081121,1085.57
20081124,1154.34
20081125,1142.58
20081126,1193.09
20081128,1185.75
20081201,1091.16
20081202,1130.00
20081203,1166.20
20081204,1127.75
20081205,1177.87
20081208,1225.06
20081209,1212.45
20081210,1222.38
20081211,1180.46
20081212,1206.65
20081215,1181.87
20081216,1243.49
20081217,1225.86
20081218,1204.69
20081219,1217.19
20081222,1189.15
20081223,1183.19
20081224,1184.30
20081226,1185.44
20081229,1173.15
20081230,1201.34
20081231,1211.65
20090102,1263.70
20090105,1262.52
20090106,1274.49
20090107,1238.60
20090108,1252.52
20090109,1223.01
20090112,1201.13
20090113,1202.65
20090114,1163.42
20090115,1183.52
20090116,1198.14
20090120,1136.61
20090121,1185.76
20090122,1168.08
20090123,1175.89
20090126,1184.56
20090127,1194.41
20090128,1235.91
20090129,1203.85
20090130,1180.25
20090202,1195.75
20090203,1215.66
20090204,1215.43
20090205,1245.11
20090206,1277.49
20090209,1281.65
20090210,1229.29
20090211,1227.05
20090212,1242.81
20090213,1236.85
20090217,1187.04
20090218,1188.77
20090219,1167.89
20090220,1172.71
20090223,1128.97
20090224,1171.45
20090225,1160.83
20090226,1127.10
20090227,1116.99
20090302,1076.67
20090303,1080.67
20090304,1110.30
20090305,1074.52
20090306,1064.70
20090309,1043.87
20090310,1112.44
20090311,1125.95
20090312,1164.71
20090313,1168.52
20090316,1145.45
20090317,1192.17
20090318,1206.96
20090319,1204.21
20090320,1187.18
20090323,1259.81
20090324,1234.34
20090325,1236.66
20090326,1281.30
20090327,1251.47
20090330,1220.81
20090331,1237.01
20090401,1252.51
20090402,1294.30
20090403,1316.16
20090406,1313.10
20090407,1275.42
20090408,1300.75
20090409,1340.28
20090413,1336.67
20090414,1322.31
20090415,1316.51
20090416,1352.98
20090417,1353.92
20090420,1309.37
20090421,1329.06
20090422,1335.72
20090423,1344.41
20090424,1373.28
20090427,1369.94
20090428,1361.92
20090429,1382.38
20090430,1394.33
20090501,1396.62
20090504,1427.96
20090505,1423.81
20090506,1423.85
20090507,1389.83
20090508,1394.16
20090511,1395.79
20090512,1377.40
20090513,1339.83
20090514,1359.67
20090515,1355.11
20090518,1392.73
20090519,1398.05
20090520,1393.72
20090521,1367.39
20090522,1363.17
20090526,1412.61
20090527,1401.88
20090528,1420.31
20090529,1435.57
20090601,1477.12
20090602,1480.31
20090603,1475.44
20090604,1492.74
20090605,1493.21
20090608,1488.49
20090609,1501.55
20090610,1495.27
20090611,1497.01
20090612,1489.97
20090615,1456.96
20090616,1443.25
20090617,1455.89
20090618,1453.80
20090619,1471.23
20090622,1426.61
20090623,1424.46
20090624,1447.06
20090625,1475.82
20090626,1480.20
20090629,1483.83
20090630,1477.25
20090701,1481.34
20090702,1446.28
20090706,1441.01
20090707,1404.78
20090708,1411.53
20090709,1414.98
20090710,1419.84
20090713,1447.70
20090714,1452.84
20090715,1500.98
20090716,1518.87
20090717,1527.26
20090720,1544.00
20090721,1553.01
20090722,1565.00
20090723,1601.52
20090724,1599.06
20090727,1599.31
20090728,1605.47
20090729,1599.61
20090730,1609.87
20090731,1603.36
20090803,1628.12
20090804,1628.49
20090805,1614.44
20090806,1600.29
20090807,1619.49
20090810,1610.43
20090811,1594.69
20090812,1619.59
20090813,1628.65
20090814,1611.58
20090817,1564.89
20090818,1586.50
20090819,1596.61
20090820,1614.22
20090821,1637.78
20090824,1634.78
20090825,1639.90
20090826,1637.00
20090827,1640.97
20090828,1643.24
20090831,1625.19
20090901,1595.84
20090902,1594.28
20090903,1605.98
20090904,1638.07
20090908,1654.81
20090909,1669.23
20090910,1686.16
20090911,1685.46
20090914,1693.76
20090915,1699.53
20090916,1723.73
20090917,1721.09
20090918,1725.24
20090921,1731.58
20090922,1734.09
20090923,1724.27
20090924,1709.76
20090925,1694.15
20090928,1724.59
20090929,1717.67
20090930,1718.99
20091001,1666.41
20091002,1662.49
20091005,1675.64
20091006,1705.25
20091007,1710.45
20091008,1717.79
20091009,1727.76
20091012,1729.63
20091013,1730.27
20091014,1754.26
20091015,1753.36
20091016,1739.32
20091019,1756.68
20091020,1756.19
20091021,1753.56
20091022,1763.15
20091023,1753.63
20091026,1746.75
20091027,1722.46
20091028,1682.06
20091029,1711.27
20091030,1667.13
20091102,1672.91
20091103,1679.20
20091104,1680.67
20091105,1721.09
20091106,1730.76
20091109,1768.40
20091110,1773.17
20091111,1782.95
20091112,1773.14
20091113,1788.61
20091116,1807.56
20091117,1812.21
20091118,1801.74
20091119,1773.19
20091120,1764.39
20091123,1792.94
20091124,1786.25
20091125,1793.67
20091127,1765.46
20091130,1767.43
20091201,1787.71
20091202,1790.82
20091203,1782.91
20091204,1791.91
20091207,1783.65
20091208,1772.73
20091209,1789.70
20091210,1799.37
20091211,1792.06
20091214,1809.09
20091215,1798.21
20091216,1800.82
20091217,1778.27
20091218,1807.36
20091221,1828.79
20091222,1839.51
20091223,1851.99
20091224,1869.84
20091228,1878.18
20091229,1872.02
20091230,1878.65
20091231,1860.31
20100104,1886.70
20100105,1888.43
20100106,1878.42
20100107,1876.72
20100108,1892.59
20100111,1886.24
20100112,1861.79
20100113,1886.13
20100114,1886.52
20100115,1864.52
20100119,1895.48
20100120,1867.95
20100121,1850.57
20100122,1794.82
20100125,1802.39
20100126,1803.86
20100127,1818.90
20100128,1771.10
20100129,1741.04
20100201,1760.72
20100202,1776.92
20100203,1784.70
20100204,1732.99
20100205,1746.12
20100208,1734.88
20100209,1753.84
20100210,1749.76
20100211,1775.74
20100212,1779.11
20100216,1802.06
20100217,1810.86
20100218,1823.39
20100219,1823.32
20100222,1817.63
20100223,1793.82
20100224,1812.51
20100225,1812.91
20100226,1818.68
20100301,1846.40
20100302,1851.21
20100303,1851.57
20100304,1859.72
20100305,1888.56
20100308,1890.89
20100309,1901.38
20100310,1917.35
20100311,1923.81
20100312,1924.43
20100315,1920.09
20100316,1932.24
20100317,1936.22
20100318,1943.94
20100319,1932.43
20100322,1949.59
20100323,1963.20
20100324,1951.84
20100325,1949.15
20100326,1952.63
20100329,1961.22
20100330,1967.96
20100331,1958.34
20100401,1959.56
20100405,1977.83
20100406,1981.95
20100407,1977.30
20100408,1980.73
20100409,1994.43
20100412,1995.65
20100413,2003.81
20100414,2028.82
20100415,2038.64
20100416,2012.84
20100419,2013.53
20100420,2023.60
20100421,2034.53
20100422,2045.16
20100423,2055.33
20100426,2049.09
20100427,2006.25
20100428,2007.59
20100429,2042.89
20100430,2000.63
20100503,2031.60
20100504,1968.97
20100505,1958.26
20100506,1893.75
20100507,1849.44
20100510,1942.61
20100511,1940.48
20100512,1975.58
20100513,1945.52
20100514,1907.10
20100517,1915.45
20100518,1887.06
20100519,1873.42
20100520,1800.12
20100521,1822.77
20100524,1815.28
20100525,1815.68
20100526,1796.47
20100527,1862.71
20100528,1852.39
20100601,1835.04
20100602,1879.59
20100603,1895.66
20100604,1832.04
20100607,1798.16
20100608,1795.70
20100609,1778.92
20100610,1830.09
20100611,1847.15
20100614,1845.48
20100615,1897.48
20100616,1905.31
20100617,1910.65
20100618,1913.48
20100621,1895.84
20100622,1880.54
20100623,1874.42
20100624,1844.59
20100625,1838.52
20100628,1836.00
20100629,1764.06
20100630,1739.14
20100701,1734.41
20100702,1728.34
20100706,1734.68
20100707,1789.72
20100708,1798.31
20100709,1814.79
20100712,1821.03
20100713,1845.03
20100714,1853.41
20100715,1856.24
20100716,1803.48
20100719,1819.28
20100720,1840.67
20100721,1817.30
20100722,1863.10
20100723,1875.38
20100726,1890.40
20100727,1888.81
20100728,1872.62
20100729,1860.30
20100730,1864.00
20100802,1898.99
20100803,1891.81
20100804,1909.20
20100805,1904.95
20100806,1902.88
20100809,1915.17
20100810,1899.24
20100811,1845.38
20100812,1832.17
20100813,1818.80
20100816,1821.51
20100817,1845.37
20100818,1850.80
20100819,1823.00
20100820,1825.75
20100823,1808.31
20100824,1775.27
20100825,1790.88
20100826,1769.02
20100827,1791.64
20100830,1772.07
20100831,1767.43
20100901,1820.05
20100902,1840.58
20100903,1870.31
20100907,1856.50
20100908,1880.00
20100909,1886.14
20100910,1892.34
20100913,1921.67
20100914,1928.59
20100915,1939.60
20100916,1948.11
20100917,1955.83
20100920,1989.43
20100921,1989.11
20100922,1982.76
20100923,1982.15
20100924,2023.84
20100927,2010.99
20100928,2012.43
20100929,2009.08
20100930,1998.04
20101001,1996.60
20101004,1975.33
20101005,2024.63
20101006,2006.52
20101007,2011.63
20101008,2027.03
20101011,2026.98
20101012,2041.55
20101013,2057.25
20101014,2054.51
20101015,2097.73
20101018,2104.15
20101019,2069.73
20101020,2085.75
20101021,2090.10
20101022,2104.21
20101025,2113.55
20101026,2119.05
20101027,2125.88
20101028,2129.73
20101029,2124.45
20101101,2128.42
20101102,2151.72
20101103,2158.36
20101104,2187.80
20101105,2186.71
20101108,2188.94
20101109,2176.88
20101110,2187.74
20101111,2173.11
20101112,2137.95
20101115,2131.48
20101116,2093.63
20101117,2100.00
20101118,2134.77
20101119,2135.27
20101122,2150.86
20101123,2116.61
20101124,2160.52
20101126,2153.91
20101129,2144.56
20101130,2117.33
20101201,2162.83
20101202,2185.30
20101203,2191.17
20101206,2189.81
20101207,2189.35
20101208,2200.60
20101209,2201.57
20101210,2215.34
20101213,2207.45
20101214,2212.59
20101215,2202.45
20101216,2218.02
20101217,2218.29
20101220,2223.04
20101221,2234.57
20101222,2235.91
20101223,2230.27
20101227,2229.86
20101228,2227.42
20101229,2231.64
20101230,2225.72
20101231,2217.86
20110103,2254.23
20110104,2251.46
20110105,2270.40
20110106,2277.51
20110107,2276.70
20110110,2284.38
20110111,2288.73
20110112,2304.88
20110113,2305.53
20110114,2323.43
20110118,2328.79
20110119,2303.32
20110120,2286.08
20110121,2268.32
20110124,2300.39
20110125,2304.03
20110126,2314.19
20110127,2330.07
20110128,2270.51
20110131,2281.91
20110201,2324.95
20110202,2321.09
20110203,2323.07
20110204,2338.20
20110207,2349.20
20110208,2363.61
20110209,2360.95
20110210,2364.35
20110211,2379.15
20110214,2385.60
20110215,2381.92
20110216,2397.94
20110217,2397.57
20110218,2392.47
20110222,2322.86
20110223,2300.94
20110224,2313.31
20110225,2346.29
20110228,2350.99
20110301,2315.26
20110302,2326.77
20110303,2371.76
20110304,2359.96
20110307,2328.07
20110308,2337.55
20110309,2322.69
20110310,2284.29
20110311,2299.26
20110314,2290.72
20110315,2259.62
20110316,2202.97
20110317,2225.24
20110318,2221.07
20110321,2262.70
20110322,2257.96
20110323,2270.50
20110324,2312.09
20110325,2316.36
20110328,2303.10
20110329,2325.54
20110330,2336.52
20110331,2338.99
20110401,2342.92
20110404,2334.54
20110405,2327.87
20110406,2332.34
20110407,2332.88
20110408,2321.18
20110411,2314.50
20110412,2298.30
20110413,2316.63
20110414,2311.25
20110415,2307.58
20110418,2292.34
20110419,2306.77
20110420,2357.76
20110421,2377.30
20110425,2383.72
20110426,2396.03
20110427,2413.59
20110428,2409.90
20110429,2404.08
20110502,2404.24
20110503,2392.80
20110504,2387.51
20110505,2375.21
20110506,2383.18
20110509,2390.97
20110510,2411.35
20110511,2393.08
20110512,2407.89
20110513,2379.24
20110516,2337.85
20110517,2343.51
20110518,2362.95
20110519,2369.67
20110520,2351.43
20110523,2316.78
20110524,2303.55
20110525,2310.95
20110526,2325.93
20110527,2336.09
20110531,2372.54
20110601,2322.48
20110602,2326.70
20110603,2292.31
20110606,2274.48
20110607,2268.96
20110608,2252.89
20110609,2256.65
20110610,2221.09
20110613,2222.28
20110614,2250.34
20110615,2209.01
20110616,2199.93
20110617,2192.96
20110620,2204.36
20110621,2251.82
20110622,2235.75
20110623,2255.05
20110624,2217.06
20110627,2252.24
20110628,2285.75
20110629,2294.43
20110630,2325.07
20110701,2361.39
20110705,2371.21
20110706,2378.58
20110707,2412.89
20110708,2405.89
20110711,2362.00
20110712,2343.79
20110713,2352.43
20110714,2325.06
20110715,2356.67
20110718,2344.01
20110719,2398.17
20110720,2387.80
20110721,2404.24
20110722,2429.50
20110725,2424.15
20110726,2429.45
20110727,2367.16
20110728,2371.77
20110729,2362.81
20110801,2354.05
20110802,2292.85
20110803,2312.78
20110804,2207.20
20110805,2194.38
20110808,2060.29
20110809,2160.79
20110810,2073.09
20110811,2167.07
20110812,2182.05
20110815,2214.12
20110816,2194.27
20110817,2181.62
20110818,2073.03
20110819,2038.22
20110822,2044.73
20110823,2129.27
20110824,2145.04
20110825,2108.21
20110826,2161.97
20110829,2223.96
20110830,2237.69
20110831,2241.01
20110901,2219.05
20110902,2167.83
20110906,2167.60
20110907,2223.75
20110908,2214.29
20110909,2163.66
20110912,2191.84
20110913,2220.58
20110914,2252.75
20110915,2286.56
20110916,2306.09
20110919,2308.76
20110920,2295.89
20110921,2258.30
20110922,2184.59
20110923,2206.86
20110926,2234.28
20110927,2253.55
20110928,2220.84
20110929,2197.68
20110930,2139.18
20111003,2085.04
20111004,2129.21
20111005,2182.77
20111006,2217.99
20111007,2202.76
20111010,2278.65
20111011,2294.92
20111012,2307.18
20111013,2326.88
20111014,2371.94
20111017,2334.38
20111018,2364.87
20111019,2316.81
20111020,2306.29
20111021,2335.93
20111024,2384.42
20111025,2335.87
20111026,2334.79
20111027,2399.83
20111028,2401.29
20111031,2360.08
20111101,2298.37
20111102,2318.32
20111103,2367.71
20111104,2356.32
20111107,2371.04
20111108,2400.01
20111109,2314.10
20111110,2312.07
20111111,2355.78
20111114,2341.32
20111115,2366.24
20111116,2324.37
20111117,2272.09
20111118,2253.95
20111121,2211.14
20111122,2216.33
20111123,2166.54
20111125,2150.88
20111128,2224.22
20111129,2211.39
20111130,2295.20
20111201,2309.20
20111202,2302.04
20111205,2326.95
20111206,2321.49
20111207,2320.54
20111208,2282.59
20111209,2318.68
20111212,2292.24
20111213,2268.37
20111214,2233.03
20111215,2226.71
20111216,2238.18
20111219,2215.27
20111220,2281.94
20111221,2249.03
20111222,2266.77
20111223,2287.57
20111227,2293.12
20111228,2267.08
20111229,2285.07
20111230,2277.83
20120103,2321.96
20120104,2329.71
20120105,2348.98
20120106,2356.17
20120109,2350.65
20120110,2367.38
20120111,2372.25
20120112,2381.99
20120113,2371.98
20120117,2393.24
20120118,2425.96
20120119,2441.70
20120120,2437.02
20120123,2437.22
20120124,2433.96
20120125,2465.66
20120126,2454.63
20120127,2461.77
20120130,2465.32
20120131,2467.95
20120201,2488.18
20120202,2495.83
20120203,2529.17
20120206,2528.30
20120207,2532.06
20120208,2545.72
20120209,2563.93
20120210,2547.32
20120213,2569.49
20120214,2575.24
20120215,2556.01
20120216,2592.29
20120217,2584.24
20120221,2590.24
20120222,2579.78
20120223,2594.93
20120224,2604.21
20120227,2606.76
20120228,2633.46
20120229,2623.10
20120301,2643.54
20120302,2641.58
20120305,2614.92
20120306,2588.95
20120307,2607.85
20120308,2637.18
20120309,2646.85
20120312,2646.85
20120313,2697.43
20120314,2708.41
20120315,2714.79
20120316,2712.78
20120319,2733.26
20120320,2737.63
20120321,2736.88
20120322,2731.50
20120323,2728.55
20120326,2778.02
20120327,2782.12
20120328,2770.97
20120329,2762.05
20120330,2755.27
20120402,2784.42
20120403,2782.78
20120404,2745.00
20120405,2762.50
20120409,2739.98
20120410,2695.12
20120411,2708.13
20120412,2740.26
20120413,2698.99
20120416,2670.10
20120417,2723.58
20120418,2716.14
20120419,2686.82
20120420,2676.04
20120423,2653.50
20120424,2638.73
20120425,2709.62
20120426,2725.23
20120427,2741.34
20120430,2723.68
20120501,2726.92
20120502,2734.77
20120503,2704.59
20120504,2637.92
20120507,2639.28
20120508,2629.87
20120509,2621.35
20120510,2616.24
20120511,2615.98
20120514,2590.28
20120515,2580.75
20120516,2561.56
20120517,2509.05
20120518,2478.53
20120521,2545.43
20120522,2539.20
20120523,2547.08
20120524,2531.35
20120525,2527.05
20120529,2558.97
20120530,2537.40
20120531,2524.87
20120601,2458.83
20120604,2478.13
20120605,2487.50
20120606,2546.32
20120607,2535.41
20120608,2559.21
20120611,2517.18
20120612,2546.20
20120613,2527.44
20120614,2539.97
20120615,2571.23
20120618,2592.52
20120619,2620.83
20120620,2623.33
20120621,2556.96
20120622,2585.53
20120625,2533.54
20120626,2549.84
20120627,2565.53
20120628,2536.65
20120629,2615.72
20120702,2625.03
20120703,2645.84
20120705,2647.47
20120706,2612.29
20120709,2610.31
20120710,2585.52
20120711,2570.99
20120712,2545.30
20120713,2584.97
20120716,2577.05
20120717,2591.65
20120718,2625.87
20120719,2655.81
20120720,2618.04
20120723,2589.93
20120724,2567.46
20120725,2549.20
20120726,2584.85
20120727,2647.03
20120730,2642.12
20120731,2642.53
20120801,2635.13
20120802,2625.52
20120803,2676.00
20120806,2694.09
20120807,2717.16
20120808,2714.02
20120809,2719.61
20120810,2722.96
20120813,2728.68
20120814,2727.79
20120815,2735.47
20120816,2768.09
20120817,2780.30
20120820,2784.33
20120821,2772.20
20120822,2783.42
20120823,2762.02
20120824,2778.05
20120827,2782.55
20120828,2782.69
20120829,2784.00
20120830,2753.74
20120831,2772.24
20120904,2772.03
20120905,2766.95
20120906,2829.71
20120907,2825.11
20120910,2788.35
20120911,2784.89
20120912,2791.68
20120913,2831.35
20120914,2855.23
20120917,2856.44
20120918,2857.38
20120919,2864.03
20120920,2861.70
20120921,2861.64
20120924,2843.98
20120925,2804.53
20120926,2781.63
20120927,2821.60
20120928,2799.19
20121001,2794.28
20121002,2799.29
20121003,2818.84
20121004,2828.60
20121005,2811.94
20121008,2786.92
20121009,2741.92
20121010,2728.54
20121011,2719.21
20121012,2720.14
20121015,2739.87
20121016,2778.38
20121017,2775.62
20121018,2744.17
20121019,2678.32
20121022,2694.56
20121023,2666.02
20121024,2655.55
20121025,2657.66
20121026,2665.83
20121031,2647.92
20121101,2687.52
20121102,2656.28
20121105,2672.91
20121106,2681.05
20121107,2612.69
20121108,2572.57
20121109,2584.10
20121112,2582.77
20121113,2561.86
20121114,2531.87
20121115,2524.36
20121116,2534.16
20121119,2595.83
20121120,2594.66
20121121,2600.48
20121123,2639.59
20121126,2651.67
20121127,2641.42
20121128,2665.27
20121129,2680.03
20121130,2677.88
20121203,2671.84
20121204,2667.89
20121205,2637.89
20121206,2656.30
20121207,2640.54
20121210,2647.57
20121211,2682.07
20121212,2674.57
20121213,2654.01
20121214,2628.09
20121217,2664.26
20121218,2705.39
20121219,2690.99
20121220,2693.55
20121221,2664.67
20121224,2658.05
20121226,2637.18
20121227,2632.94
20121228,2606.36
20121231,2660.93
20130102,2746.47
20130103,2732.26
20130104,2724.49
20130107,2724.22
20130108,2718.72
20130109,2727.65
20130110,2744.18
20130111,2748.26
20130114,2735.70
20130115,2722.98
20130116,2734.73
20130117,2747.15
20130118,2743.24
20130122,2746.19
20130123,2762.17
20130124,2723.53
20130125,2736.73
20130128,2742.43
20130129,2743.58
20130130,2738.71
20130131,2731.53
20130201,2763.96
20130204,2715.68
20130205,2754.99
20130206,2746.35
20130207,2746.50
20130208,2775.56
20130211,2774.64
20130212,2762.62
20130213,2773.77
20130214,2771.43
20130215,2764.67
20130219,2782.86
20130220,2739.99
20130221,2711.51
20130222,2737.28
20130225,2700.97
20130226,2713.02
20130227,2741.26
20130228,2738.58
20130301,2747.75
20130304,2759.53
20130305,2799.25
20130306,2792.56
20130307,2799.49
20130308,2804.11
20130311,2811.86
20130312,2800.81
20130313,2798.68
20130314,2807.30
20130315,2799.41
20130318,2792.30
20130319,2787.27
20130320,2805.91
20130321,2774.85
20130322,2800.81
20130325,2789.45
20130326,2806.50
20130327,2809.98
20130328,2818.69
20130401,2797.07
20130402,2820.62
20130403,2795.04
20130404,2794.92
20130405,2771.75
20130408,2786.13
20130409,2804.67
20130410,2859.21
20130411,2859.07
20130412,2856.48
20130415,2797.47
20130416,2838.41
20130417,2781.98
20130418,2741.95
20130419,2780.46
20130422,2810.07
20130423,2835.37
20130424,2834.12
20130425,2848.66
20130426,2840.55
20130429,2866.95
20130430,2887.44
20130501,2873.35
20130502,2911.14
20130503,2944.59
20130506,2955.36
20130507,2952.88
20130508,2968.24
20130509,2961.12
20130510,2981.02
20130513,2982.09
20130514,2996.05
20130515,3002.62
20130516,2999.34
20130517,3028.96
20130520,3020.97
20130521,3026.45
20130522,2999.13
20130523,2991.45
20130524,2991.02
20130528,3011.94
20130529,2994.82
20130530,3011.83
20130531,2981.76
20130603,2990.79
20130604,2973.69
20130605,2937.14
20130606,2950.30
20130607,2990.87
20130610,2990.49
20130611,2959.84
20130612,2926.14
20130613,2962.90
20130614,2943.86
20130617,2971.26
20130618,2996.09
20130619,2959.50
20130620,2890.33
20130621,2877.94
20130624,2848.20
20130625,2866.50
20130626,2893.85
20130627,2906.84
20130628,2909.60
20130701,2927.35
20130702,2929.63
20130703,2941.41
20130705,2963.22
20130708,2966.13
20130709,2984.32
20130710,3000.66
20130711,3059.46
20130712,3079.07
20130715,3079.85
20130716,3077.47
20130717,3085.28
20130718,3077.82
20130719,3044.93
20130722,3055.23
20130723,3031.40
20130724,3041.16
20130725,3061.67
20130726,3076.23
20130729,3068.95
20130730,3085.33
20130731,3090.19
20130801,3126.30
20130802,3143.52
20130805,3143.19
20130806,3122.20
20130807,3118.69
20130808,3130.13
20130809,3118.57
20130812,3125.93
20130813,3141.06
20130814,3129.45
20130815,3076.23
20130816,3073.91
20130819,3069.76
20130820,3082.17
20130821,3071.47
20130822,3101.82
20130823,3124.27
20130826,3122.67
20130827,3059.58
20130828,3072.17
20130829,3093.36
20130830,3073.81
20130903,3091.76
20130904,3124.54
20130905,3129.94
20130906,3133.38
20130909,3169.93
20130910,3185.07
20130911,3179.86
20130912,3175.57
20130913,3178.28
20130916,3168.69
20130917,3190.83
20130918,3231.31
20130919,3237.61
20130920,3224.73
20130923,3219.34
20130924,3218.66
20130925,3208.55
20130926,3234.04
20130927,3230.30
20130930,3218.20
20131001,3253.05
20131002,3253.26
20131003,3213.83
20131004,3242.57
20131007,3215.69
20131008,3153.87
20131009,3142.54
20131010,3210.84
20131011,3233.83
20131014,3256.02
20131015,3244.66
20131016,3281.67
20131017,3301.28
20131018,3353.88
20131021,3361.18
20131022,3366.93
20131023,3346.05
20131024,3362.38
20131025,3383.83
20131028,3382.68
20131029,3391.75
20131030,3385.38
20131031,3377.73
20131101,3379.76
20131104,3384.75
20131105,3388.82
20131106,3385.38
20131107,3321.41
20131108,3366.84
20131111,3362.98
20131112,3365.23
20131113,3405.56
20131114,3415.14
20131115,3422.58
20131118,3388.87
20131119,3378.13
20131120,3367.17
20131121,3402.74
20131122,3422.02
20131125,3427.49
20131126,3445.76
20131127,3470.48
20131129,3487.82
20131202,3481.15
20131203,3479.34
20131204,3483.01
20131205,3477.73
20131206,3504.26
20131209,3516.17
20131210,3514.20
20131211,3468.99
20131212,3460.29
20131213,3456.40
20131216,3475.79
20131217,3469.32
20131218,3509.63
20131219,3498.63
20131220,3531.19
20131223,3569.40
20131224,3572.80
20131226,3584.58
20131227,3574.02
20131230,3570.08
20131231,3592.00
20140102,3563.57
20140103,3538.73
20140106,3526.96
20140107,3557.85
20140108,3567.54
20140109,3552.58
20140110,3565.08
20140113,3512.80
20140114,3580.65
20140115,3609.84
20140116,3611.29
20140117,3591.25
20140121,3617.70
20140122,3627.72
20140123,3613.76
20140124,3541.48
20140127,3509.02
20140128,3505.72
20140129,3467.82
20140130,3532.41
20140131,3521.92
20140203,3440.50
20140204,3470.20
20140205,3454.90
20140206,3497.60
20140207,3561.91
20140210,3582.11
20140211,3621.72
20140212,3627.36
20140213,3659.56
20140214,3663.88
20140218,3679.43
20140219,3652.85
20140220,3671.93
20140221,3662.60
20140224,3685.81
20140225,3679.14
20140226,3676.60
20140227,3699.80
20140228,3696.10
20140303,3668.37
20140304,3719.93
20140305,3727.19
20140306,3720.93
20140307,3703.40
20140310,3706.34
20140311,3691.50
20140312,3707.06
20140313,3651.49
20140314,3627.87
20140317,3662.51
20140318,3706.62
20140319,3682.74
20140320,3693.97
20140321,3653.07
20140324,3617.39
20140325,3629.73
20140326,3582.89
20140327,3563.13
20140328,3571.49
20140331,3595.74
20140401,3658.40
20140402,3665.99
20140403,3637.58
20140404,3539.38
20140407,3507.75
20140408,3538.23
20140409,3600.44
20140410,3487.76
20140411,3446.85
20140414,3474.63
20140415,3487.85
20140416,3533.09
20140417,3534.53
20140421,3559.95
20140422,3588.81
20140423,3557.04
20140424,3591.03
20140425,3533.10
20140428,3545.03
20140429,3573.99
20140430,3582.02
20140501,3594.36
20140502,3587.64
20140505,3605.09
20140506,3556.51
20140507,3546.47
20140508,3540.42
20140509,3555.70
20140512,3612.73
20140513,3611.13
20140514,3593.25
20140515,3565.17
20140516,3587.20
20140519,3615.62
20140520,3600.31
20140521,3635.61
20140522,3650.86
20140523,3677.33
20140527,3723.07
20140528,3712.26
20140529,3735.72
20140530,3736.82
20140602,3732.96
20140603,3730.07
20140604,3743.59
20140605,3776.95
20140606,3794.57
20140609,3795.74
20140610,3800.86
20140611,3797.85
20140612,3763.80
20140613,3775.56
20140616,3779.93
20140617,3781.32
20140618,3804.61
20140619,3800.80
20140620,3802.64
20140623,3805.31
20140624,3799.53
20140625,3827.33
20140626,3826.91
20140627,3844.44
20140630,3849.48
20140701,3894.33
20140702,3899.27
20140703,3923.01
20140707,3910.71
20140708,3864.07
20140709,3892.91
20140710,3880.04
20140711,3904.58
20140714,3929.46
20140715,3914.46
20140716,3932.33
20140717,3878.01
20140718,3939.89
20140721,3934.14
20140722,3961.62
20140723,3986.19
20140724,3983.19
20140725,3965.17
20140728,3967.24
20140729,3959.03
20140730,3976.07
20140731,3892.50
20140801,3879.67
20140804,3908.77
20140805,3874.94
20140806,3874.27
20140807,3857.94
20140808,3888.09
20140811,3910.46
20140812,3905.23
20140813,3949.20
20140814,3969.11
20140815,3987.51
20140818,4020.50
20140819,4040.13
20140820,4040.71
20140821,4047.03
20140822,4052.75
20140825,4067.48
20140826,4071.67
20140827,4073.18
20140828,4066.27
20140829,4082.56
20140902,4095.81
20140903,4070.96
20140904,4066.13
20140905,4089.92
20140908,4095.47
20140909,4061.88
20140910,4094.97
20140911,4092.65
20140912,4069.23
20140915,4029.89
20140916,4067.27
20140917,4073.57
20140918,4103.08
20140919,4100.09
20140922,4061.23
20140923,4051.57
20140924,4094.31
20140925,4007.82
20140926,4053.72
20140929,4047.18
20140930,4049.45
20141001,3984.74
20141002,3985.87
20141003,4027.31
20141006,4016.27
20141007,3958.59
20141008,4041.12
20141009,3969.32
20141010,3870.86
20141013,3808.00
20141014,3810.45
20141015,3785.97
20141016,3765.28
20141017,3815.47
20141020,3870.08
20141021,3971.39
20141022,3949.59
20141023,4012.27
20141024,4042.02
20141027,4046.02
20141028,4106.63
20141029,4090.55
20141030,4100.64
20141031,4158.21
20141103,4169.28
20141104,4156.23
20141105,4153.27
20141106,4164.08
20141107,4160.50
20141110,4175.95
20141111,4187.16
20141112,4195.40
20141113,4213.48
20141114,4224.99
20141117,4213.79
20141118,4242.19
20141119,4222.66
20141120,4242.09
20141121,4251.32
20141124,4284.32
20141125,4288.23
20141126,4317.99
20141128,4337.79
20141201,4287.81
20141202,4305.96
20141203,4312.93
20141204,4311.93
20141205,4311.57
20141208,4278.34
20141209,4294.67
20141210,4224.87
20141211,4246.48
20141212,4199.28
20141215,4157.41
20141216,4089.60
20141217,4165.10
20141218,4267.77
20141219,4281.78
20141222,4293.67
20141223,4279.30
20141224,4283.10
20141226,4314.09
20141229,4312.64
20141230,4282.35
20141231,4236.28
20150102,4230.24
20150105,4160.96
20150106,4110.83
20150107,4160.00
20150108,4240.55
20150109,4213.28
20150112,4169.97
20150113,4166.20
20150114,4145.84
20150115,4089.65
20150116,4142.14
20150120,4171.21
20150121,4192.09
20150122,4270.36
20150123,4278.14
20150126,4275.72
20150127,4165.50
20150128,4140.38
20150129,4181.35
20150130,4148.43
20150202,4188.59
20150203,4229.15
20150204,4221.20
20150205,4256.18
20150206,4228.68
20150209,4216.09
20150210,4281.16
20150211,4297.28
20150212,4347.97
20150213,4384.03
20150217,4385.34
20150218,4390.91
20150219,4411.86
20150220,4443.05
20150223,4449.49
20150224,4451.03
20150225,4440.59
20150226,4462.27
20150227,4440.67
20150302,4483.05
20150303,4458.78
20150304,4445.36
20150305,4452.06
20150306,4399.23
20150309,4412.99
20150310,4329.08
20150311,4305.38
20150312,4336.23
20150313,4314.90
20150316,4370.47
20150317,4375.63
20150318,4422.50
20150319,4426.82
20150320,4458.54
20150323,4445.54
20150324,4430.99
20150325,4329.29
20150326,4315.26
20150327,4332.86
20150330,4382.82
20150331,4333.69
20150401,4311.26
20150402,4316.01
20150406,4350.98
20150407,4344.08
20150408,4375.96
20150409,4403.95
20150410,4422.02
20150413,4409.21
20150414,4397.64
20150415,4424.53
20150416,4418.83
20150417,4351.80
20150420,4417.40
20150421,4435.98
20150422,4460.81
20150423,4477.07
20150424,4536.78
20150427,4525.04
20150428,4515.27
20150429,4488.15
20150430,4414.25
20150501,4479.06
20150504,4482.61
20150505,4409.39
20150506,4379.75
20150507,4401.55
20150508,4458.65
20150511,4438.64
20150512,4420.65
20150513,4426.56
20150514,4495.04
20150515,4494.29
20150518,4512.95
20150519,4503.72
20150520,4505.30
20150521,4529.47
20150522,4527.16
20150526,4472.96
20150527,4546.06
20150528,4535.66
20150529,4508.25
20150601,4521.85
20150602,4508.89
20150603,4519.86
20150604,4487.03
20150605,4477.19
20150608,4431.51
20150609,4427.61
20150610,4485.46
20150611,4488.47
20150612,4453.79
20150615,4432.92
20150616,4455.90
20150617,4468.98
20150618,4531.85
20150619,4513.42
20150622,4544.04
20150623,4548.74
20150624,4524.60
20150625,4514.01
20150626,4484.28
20150629,4379.87
20150630,4396.76
20150701,4429.23
20150702,4433.39
20150706,4418.66
20150707,4429.06
20150708,4351.58
20150709,4352.03
20150710,4420.15
20150713,4494.47
20150714,4523.47
20150715,4528.36
20150716,4594.90
20150717,4661.60
20150720,4679.68
20150721,4674.41
20150722,4623.24
20150723,4602.83
20150724,4557.37
20150727,4519.09
20150728,4560.23
20150729,4581.60
20150730,4598.59
20150731,4588.91
20150803,4580.46
20150804,4567.47
20150805,4602.24
20150806,4528.51
20150807,4520.08
20150810,4573.11
20150811,4513.99
20150812,4528.19
20150813,4519.32
20150814,4530.74
20150817,4566.37
20150818,4542.07
20150819,4510.90
20150820,4385.13
20150821,4197.27
20150824,4038.60
20150825,4016.32
20150826,4219.60
20150827,4324.82
20150828,4329.12
20150831,4274.58
20150901,4142.63
20150902,4256.23
20150903,4234.65
20150904,4184.72
20150908,4303.53
20150909,4253.45
20150910,4296.30
20150911,4323.23
20150914,4308.76
20150915,4360.28
20150916,4383.67
20150917,4384.96
20150918,4323.86
20150921,4336.13
20150922,4274.10
20150923,4273.53
20150924,4261.10
20150925,4224.74
20150928,4103.47
20150929,4083.37
20150930,4181.06
20151001,4192.96
20151002,4267.45
20151005,4331.43
20151006,4306.70
20151007,4333.46
20151008,4350.15
20151009,4370.01
20151012,4382.56
20151013,4352.94
20151014,4346.92
20151015,4418.22
20151016,4438.62
20151019,4462.07
20151020,4438.18
20151021,4413.52
20151022,4503.22
20151023,4624.09
20151026,4630.85
20151027,4639.23
20151028,4678.58
20151029,4670.76
20151030,4648.83
20151102,4703.92
20151103,4719.05
20151104,4717.55
20151105,4702.90
20151106,4707.23
20151109,4655.52
20151110,4641.73
20151111,4636.94
20151112,4588.93
20151113,4502.14
20151116,4565.47
20151117,4565.82
20151118,4653.44
20151119,4655.35
20151120,4686.36
20151123,4674.79
20151124,4669.41
20151125,4672.88
20151127,4680.47
20151130,4664.51
20151201,4716.16
20151202,4686.22
20151203,4606.75
20151204,4716.12
20151207,4693.62
20151208,4694.77
20151209,4622.14
20151210,4643.05
20151211,4537.56
20151214,4570.16
20151215,4597.33
20151216,4664.56
20151217,4598.14
20151218,4514.83
20151221,4560.55
20151222,4589.26
20151223,4624.59
20151224,4622.77
20151228,4621.35
20151229,4691.08
20151230,4652.01
20151231,4593.27
20160104,4497.86
20160105,4484.18
20160106,4443.99
20160107,4305.72
20160108,4270.78
20160111,4283.55
20160112,4333.72
20160113,4183.12
20160114,4272.97
20160115,4141.08
20160119,4147.07
20160120,4136.28
20160121,4142.60
20160122,4259.77
20160125,4196.53
20160126,4233.85
20160127,4128.86
20160128,4186.06
20160129,4279.17
20160201,4286.56
20160202,4193.10
20160203,4171.97
20160204,4167.77
20160205,4024.47
20160208,3960.67
20160209,3947.80
20160210,3966.28
20160211,3962.22
20160212,4019.19
20160216,4104.33
20160217,4199.10
20160218,4151.49
20160219,4164.09
20160222,4231.27
20160223,4162.54
20160224,4200.66
20160225,4241.06
20160226,4235.62
20160229,4201.12
20160301,4333.61
20160302,4334.39
20160303,4325.86
20160304,4329.00
20160307,4303.33
20160308,4265.51
20160309,4293.23
20160310,4286.97
20160311,4361.83
20160314,4367.33
20160315,4367.08
20160316,4404.20
20160317,4400.26
20160318,4410.83
20160321,4426.98
20160322,4437.62
20160323,4402.56
20160324,4405.53
20160328,4398.07
20160329,4467.72
20160330,4490.88
20160331,4483.66
20160401,4532.08
20160404,4511.70
20160405,4470.75
20160406,4543.78
20160407,4475.29
20160408,4474.93
20160411,4458.71
20160412,4496.04
20160413,4554.72
20160414,4554.63
20160415,4543.16
20160418,4569.31
20160419,4537.09
20160420,4540.44
20160421,4540.80
20160422,4474.19
20160425,4474.13
20160426,4452.97
20160427,4416.63
20160428,4363.99
20160429,4341.30
20160502,4381.30
20160503,4341.39
20160504,4312.01
20160505,4309.48
20160506,4330.17
20160509,4341.23
20160510,4402.04
20160511,4361.03
20160512,4342.81
20160513,4326.53
20160516,4380.48
20160517,4322.56
20160518,4338.23
20160519,4315.58
20160520,4362.90
20160523,4355.10
20160524,4444.30
20160525,4476.43
20160526,4487.96
20160527,4512.54
20160531,4523.89
20160601,4520.07
20160602,4531.35
20160603,4509.79
20160606,4523.63
20160607,4513.09
20160608,4520.63
20160609,4512.69
20160610,4461.05
20160613,4422.76
20160614,4424.91
20160615,4409.51
20160616,4424.23
20160617,4374.38
20160620,4400.16
20160621,4413.40
20160622,4404.73
20160623,4467.48
20160624,4285.70
20160627,4201.05
20160628,4290.47
20160629,4364.74
20160630,4417.70
20160701,4437.45
20160705,4410.75
20160706,4444.70
20160707,4459.58
20160708,4528.36
20160711,4554.71
20160712,4577.61
20160713,4565.77
20160714,4596.49
20160715,4589.83
20160718,4619.68
20160719,4603.28
20160720,4657.20
20160721,4647.02
20160722,4666.07
20160725,4665.93
20160726,4672.11
20160727,4702.88
20160728,4721.41
20160729,4730.23
20160801,4756.04
20160802,4719.21
20160803,4734.33
20160804,4743.81
20160805,4791.21
20160808,4784.74
20160809,4795.75
20160810,4783.39
20160811,4803.31
20160812,4807.08
20160815,4827.12
20160816,4797.19
20160817,4805.45
20160818,4808.68
20160819,4806.14
20160822,4808.56
20160823,4818.48
20160824,4783.49
20160825,4775.43
20160826,4783.69
20160829,4791.09
20160830,4775.99
20160831,4771.05
20160901,4783.94
20160902,4798.74
20160906,4829.51
20160907,4831.86
20160908,4804.00
20160909,4681.54
20160912,4764.65
20160913,4722.85
20160914,4746.06
20160915,4819.90
20160916,4818.05
20160919,4796.07
20160920,4805.22
20160921,4853.75
20160922,4891.36
20160923,4858.91
20160926,4817.17
20160927,4866.71
20160928,4875.27
20160929,4838.30
20160930,4875.70
20161003,4866.63
20161004,4859.47
20161005,4877.75
20161006,4873.92
20161007,4864.52
20161010,4893.77
20161011,4821.91
20161012,4819.64
20161013,4803.10
20161014,4808.48
20161017,4796.17
20161018,4839.72
20161019,4836.61
20161020,4832.71
20161021,4851.86
20161024,4909.97
20161025,4891.45
20161026,4860.59
20161027,4836.45
20161028,4805.59
20161031,4801.27
20161101,4766.94
20161102,4726.91
20161103,4679.10
20161104,4660.46
20161107,4773.73
20161108,4804.92
20161109,4825.18
20161110,4747.03
20161111,4751.95
20161114,4702.04
20161115,4764.47
20161116,4792.27
20161117,4826.59
20161118,4808.04
20161121,4859.00
20161122,4873.84
20161123,4853.86
20161125,4870.02
20161128,4857.02
20161129,4873.21
20161130,4810.81
20161201,4734.10
20161202,4739.37
20161205,4778.14
20161206,4788.67
20161207,4851.94
20161208,4859.19
20161209,4895.90
20161212,4874.30
20161213,4935.84
20161214,4921.22
20161215,4933.41
20161216,4914.86
20161219,4934.85
20161220,4953.80
20161221,4948.91
20161222,4934.39
20161223,4940.02
20161227,4965.81
20161228,4926.29
20161229,4918.28
20161230,4863.62
20170103,4911.33
20170104,4937.21
20170105,4964.95
20170106,5007.08
20170109,5024.90
20170110,5035.17
20170111,5050.21
20170112,5041.43
20170113,5059.51
20170117,5044.65
20170118,5055.85
20170119,5051.17
20170120,5063.20
20170123,5065.70
20170124,5101.06
20170125,5151.47
20170126,5156.92
20170127,5168.06
20170130,5129.33
20170131,5116.77
20170201,5152.69
20170202,5147.70
20170203,5161.60
20170206,5167.96
20170207,5185.88
20170208,5196.58
20170209,5212.16
20170210,5226.69
20170213,5256.82
20170214,5271.07
20170215,5302.39
20170216,5300.64
20170217,5324.72
20170221,5350.73
20170222,5352.13
20170223,5332.37
20170224,5343.31
20170227,5347.55
20170228,5330.31
20170301,5390.99
20170302,5363.26
20170303,5373.48
20170306,5360.31
20170307,5351.28
20170308,5359.81
20170309,5363.98
20170310,5385.90
20170313,5394.57
20170314,5382.17
20170315,5416.25
20170316,5412.08
20170317,5408.76
20170320,5413.31
20170321,5332.53
20170322,5367.55
20170323,5355.14
20170324,5364.00
20170327,5374.27
20170328,5407.21
20170329,5430.27
20170330,5439.74
20170331,5436.23
20170403,5432.20
20170404,5440.41
20170405,5418.52
20170406,5420.88
20170407,5418.37
20170410,5421.68
20170411,5398.40
20170412,5377.03
20170413,5353.59
20170417,5399.20
20170418,5391.66
20170419,5399.64
20170420,5443.53
20170421,5442.05
20170424,5508.03
20170425,5548.19
20170426,5541.09
20170427,5571.28
20170428,5583.53
20170501,5629.63
20170502,5644.07
20170503,5625.16
20170504,5626.32
20170505,5646.09
20170508,5659.07
20170509,5678.31
20170510,5681.68
20170511,5674.22
20170512,5686.81
20170515,5704.48
20170516,5724.44
20170517,5580.55
20170518,5626.31
20170519,5651.56
20170522,5699.40
20170523,5703.35
20170524,5730.30
20170525,5778.37
20170526,5788.36
20170530,5794.63
20170531,5788.80
20170601,5816.51
20170602,5881.46
20170605,5878.12
20170606,5856.77
20170607,5877.59
20170608,5885.30
20170609,5741.94
20170612,5708.18
20170613,5751.82
20170614,5727.07
20170615,5700.89
20170616,5681.48
20170619,5772.22
20170620,5726.31
20170621,5782.39
20170622,5779.87
20170623,5803.11
20170626,5777.59
20170627,5671.60
20170628,5753.03
20170629,5653.02
20170630,5646.92
20170703,5596.96
20170705,5648.82
20170706,5597.90
20170707,5656.47
20170710,5694.15
20170711,5709.80
20170712,5778.95
20170713,5793.36
20170714,5838.08
20170717,5839.74
20170718,5880.10
20170719,5916.16
20170720,5921.22
20170721,5921.53
20170724,5941.37
20170725,5930.65
20170726,5950.73
20170727,5917.03
20170728,5908.92
20170731,5880.33
20170801,5895.17
20170802,5914.23
20170803,5891.20
20170804,5899.91
20170807,5934.73
20170808,5926.35
20170809,5919.39
20170810,5788.19
20170811,5831.53
20170814,5908.17
20170815,5907.73
20170816,5917.42
20170817,5796.32
20170818,5790.91
20170821,5786.54
20170822,5873.33
20170823,5851.78
20170824,5834.44
20170825,5822.53
20170828,5838.08
20170829,5862.14
20170830,5932.90
20170831,5988.60
20170901,5987.90
20170905,5932.73
20170906,5951.13
20170907,5964.31
20170908,5913.37
20170911,5980.53
20170912,5995.64
20170913,6004.38
20170914,5968.82
20170915,5988.00
20170918,5981.12
20170919,5991.08
20170920,5973.61
20170921,5934.91
20170922,5932.32
20170925,5867.35
20170926,5881.34
20170927,5937.79
20170928,5933.07
20170929,5979.30
20171002,5981.92
20171003,5995.06
20171004,5998.84
20171005,6057.14
20171006,6064.57
20171009,6058.53
20171010,6063.52
20171011,6081.25
20171012,6069.99
20171013,6092.45
20171016,6114.53
20171017,6122.61
20171018,6114.35
20171019,6092.62
20171020,6108.82
20171023,6067.83
20171024,6080.22
20171025,6055.04
20171026,6037.87
20171027,6213.47
20171030,6227.59
20171031,6248.56
20171101,6248.65
20171102,6236.39
20171103,6295.58
20171106,6313.61
20171107,6320.78
20171108,6345.81
20171109,6312.21
20171110,6309.07
20171113,6316.18
20171114,6293.64
20171115,6258.36
20171116,6339.14
20171117,6314.51
20171120,6308.61
20171121,6378.63
20171122,6386.12
20171124,6409.29
20171127,6405.97
20171128,6422.56
20171129,6311.38
20171130,6365.56
20171201,6337.87
20171204,6263.70
20171205,6265.11
20171206,6293.05
20171207,6316.28
20171208,6344.57
20171211,6393.89
20171212,6383.65
20171213,6394.67
20171214,6389.91
20171215,6466.32
20171218,6513.27
20171219,6480.67
20171220,6472.48
20171221,6472.69
20171222,6465.17
20171226,6433.16
20171227,6435.15
20171228,6441.42
20171229,6396.42
20180102,6511.34
20180103,6575.80
20180104,6584.58
20180105,6653.29
20180108,6676.63
20180109,6677.94
20180110,6662.66
20180111,6708.49
20180112,6758.54
20180116,6737.14
20180117,6810.28
20180118,6811.38
20180119,6834.33
20180122,6906.28
20180123,6963.46
20180124,6919.35
20180125,6916.30
20180126,7022.97
20180129,6988.32
20180130,6930.73
20180131,6949.99
20180201,6901.50
20180202,6760.29
20180205,6495.92
20180206,6665.98
20180207,6582.02
20180208,6306.10
20180209,6412.68
20180212,6523.85
20180213,6553.86
20180214,6675.03
20180215,6794.92
20180216,6770.66
20180220,6779.69
20180221,6759.26
20180222,6761.85
20180223,6896.60
20180226,6989.10
20180227,6900.35
20180228,6854.42
20180301,6750.54
20180302,6811.04
20180305,6881.28
20180306,6913.02
20180307,6929.39
20180308,6966.43
20180309,7101.18
20180312,7131.12
20180313,7046.51
20180314,7040.98
20180315,7030.97
20180316,7019.95
20180319,6864.88
20180320,6885.92
20180321,6853.45
20180322,6682.26
20180323,6508.09
20180326,6753.83
20180327,6529.84
20180328,6460.81
20180329,6581.13
20180402,6390.84
20180403,6458.83
20180404,6560.06
20180405,6594.84
20180406,6433.21
20180409,6472.34
20180410,6615.87
20180411,6583.44
20180412,6656.26
20180413,6628.34
20180416,6675.18
20180417,6816.37
20180418,6833.21
20180419,6774.89
20180420,6667.75
20180423,6648.80
20180424,6509.05
20180425,6513.94
20180426,6649.65
20180427,6656.35
20180430,6605.57
20180501,6681.96
20180502,6644.48
20180503,6643.48
20180504,6769.12
20180507,6821.87
20180508,6815.48
20180509,6893.21
20180510,6963.55
20180511,6952.56
20180514,6964.37
20180515,6888.54
20180516,6929.97
20180517,6901.63
20180518,6866.25
20180521,6905.53
20180522,6893.62
20180523,6953.63
20180524,6949.70
20180525,6960.92
20180529,6926.54
20180530,6976.37
20180531,6967.73
20180601,7083.93
20180604,7143.57
20180605,7166.75
20180606,7210.08
20180607,7152.83
20180608,7152.62
20180611,7168.48
20180612,7209.18
20180613,7205.26
20180614,7279.59
20180615,7255.76
20180618,7251.41
20180619,7228.04
20180620,7280.70
20180621,7217.49
20180622,7197.51
20180625,7038.17
20180626,7068.20
20180627,6969.67
20180628,7031.60
20180629,7040.80
20180702,7097.82
20180703,7014.55
20180705,7101.05
20180706,7207.33
20180709,7276.00
20180710,7282.60
20180711,7243.98
20180712,7366.25
20180713,7375.82
20180716,7357.90
20180717,7403.89
20180718,7390.13
20180719,7352.36
20180720,7350.23
20180723,7371.78
20180724,7406.25
20180725,7508.59
20180726,7400.75
20180727,7296.78
20180730,7193.10
20180731,7231.98
20180801,7272.89
20180802,7372.15
20180803,7395.49
20180806,7438.99
20180807,7462.65
20180808,7469.55
20180809,7466.96
20180810,7408.30
20180813,7401.17
20180814,7447.17
20180815,7354.66
20180816,7374.29
20180817,7377.54
20180820,7371.42
20180821,7397.23
20180822,7424.60
20180823,7413.84
20180824,7485.40
20180827,7559.13
20180828,7570.25
20180829,7660.18
20180830,7642.67
20180831,7654.55
20180904,7622.32
20180905,7523.26
20180906,7453.17
20180907,7430.26
20180910,7447.68
20180911,7507.87
20180912,7488.06
20180913,7561.69
20180914,7545.50
20180917,7434.73
20180918,7494.40
20180919,7490.32
20180920,7569.03
20180921,7531.07
20180924,7548.75
20180925,7563.19
20180926,7563.09
20180927,7629.57
20180928,7627.65
20181001,7645.45
20181002,7628.28
20181003,7637.43
20181004,7490.00
20181005,7399.01
20181008,7352.82
20181009,7371.62
20181010,7044.50
20181011,6964.03
20181012,7157.21
20181015,7068.67
20181016,7276.43
20181017,7278.63
20181018,7116.09
20181019,7107.23
20181022,7141.21
20181023,7118.67
20181024,6789.15
20181025,7016.39
20181026,6852.40
20181029,6713.90
20181030,6810.12
20181031,6967.10
20181101,7069.17
20181102,6965.29
20181105,6937.09
20181106,6988.85
20181107,7203.13
20181108,7158.59
20181109,7039.15
20181112,6829.10
20181113,6830.91
20181114,6769.87
20181115,6890.45
20181116,6867.02
20181119,6642.92
20181120,6526.96
20181121,6575.66
20181123,6527.35
20181126,6678.34
20181127,6701.04
20181128,6913.33
20181129,6892.40
20181130,6949.01
20181203,7062.13
20181204,6795.21
20181206,6838.85
20181207,6613.28
20181210,6682.74
20181211,6704.24
20181212,6763.96
20181213,6767.97
20181214,6594.96
20181217,6448.39
20181218,6491.52
20181219,6342.97
20181220,6243.19
20181221,6046.56
20181224,5899.35
20181226,6262.77
20181227,6288.30
20181228,6285.27
20181231,6329.97
20190102,6360.87
20190103,6147.13
20190104,6422.67
20190107,6488.25
20190108,6551.85
20190109,6600.69
20190110,6620.94
20190111,6601.40
20190114,6541.04
20190115,6669.64
20190116,6668.56
20190117,6718.45
20190118,6784.61
20190122,6646.81
20190123,6658.76
20190124,6702.55
20190125,6787.37
20190128,6697.09
20190129,6632.79
20190130,6807.91
20190131,6906.84
20190201,6875.52
20190204,6959.96
20190205,7023.52
20190206,6997.62
20190207,6904.98
20190208,6913.13
20190211,6909.18
20190212,7014.67
20190213,7015.88
20190214,7022.42
20190215,7055.18
20190219,7066.61
20190220,7062.34
20190221,7035.16
20190222,7090.63
20190225,7115.43
20190226,7123.22
20190227,7117.00
20190228,7097.53
20190301,7151.57
20190304,7150.83
20190305,7156.79
20190306,7112.47
20190307,7026.88
20190308,7015.69
20190311,7164.02
20190312,7201.28
20190313,7256.98
20190314,7243.01
20190315,7306.99
20190318,7326.28
20190319,7349.28
20190320,7380.75
20190321,7493.27
20190322,7326.06
20190325,7316.96
20190326,7351.15
20190327,7308.19
20190328,7320.47
20190329,7378.77
20190401,7478.42
20190402,7499.64
20190403,7544.97
20190404,7540.57
20190405,7578.84
20190408,7599.74
20190409,7568.49
20190410,7611.49
20190411,7594.89
20190412,7628.15
20190415,7629.12
20190416,7654.73
20190417,7680.72
20190418,7689.72
20190422,7713.49
20190423,7810.71
20190424,7784.41
20190425,7816.92
20190426,7826.68
20190429,7839.04
20190430,7781.46
20190501,7751.85
20190502,7724.06
20190503,7845.73
20190506,7794.09
20190507,7640.15
20190508,7617.55
20190509,7582.75
20190510,7586.53
20190513,7324.13
20190514,7401.88
20190515,7503.25
20190516,7580.14
20190517,7503.68
20190520,7376.70
20190521,7451.02
20190522,7420.66
20190523,7307.93
20190524,7300.96
20190528,7278.38
20190529,7216.86
20190530,7245.40
20190531,7127.96
20190603,6978.02
20190604,7166.75
20190605,7220.90
20190606,7275.93
20190607,7417.29
20190610,7501.93
20190611,7513.85
20190612,7472.29
20190613,7510.68
20190614,7479.11
20190617,7526.52
20190618,7635.40
20190619,7667.74
20190620,7738.05
20190621,7728.78
20190624,7723.02
20190625,7591.54
20190626,7627.05
20190627,7657.05
20190628,7671.08
20190701,7768.14
20190702,7799.82
20190703,7857.69
20190705,7841.30
20190708,7785.79
20190709,7826.86
20190710,7903.40
20190711,7896.78
20190712,7943.24
20190715,7966.93
20190716,7927.08
20190717,7888.76
20190718,7904.13
20190719,7834.90
20190722,7905.12
20190723,7954.56
20190724,8010.61
20190725,7929.87
20190726,8016.95
20190729,7989.08
20190730,7952.47
20190731,7848.78
20190801,7801.15
20190802,7692.80
20190805,7415.69
20190806,7521.32
20190807,7551.90
20190808,7724.83
20190809,7646.27
20190812,7561.68
20190813,7728.15
20190814,7490.13
20190815,7484.89
20190816,7604.11
20190819,7719.32
20190820,7664.47
20190821,7733.22
20190822,7707.43
20190823,7464.99
20190826,7575.02
20190827,7566.03
20190828,7587.90
20190829,7702.31
20190830,7691.00
20190903,7609.51
20190904,7719.25
20190905,7862.54
20190906,7852.54
20190909,7832.40
20190910,7814.74
20190911,7887.58
20190912,7917.34
20190913,7892.95
20190916,7852.41
20190917,7888.79
20190918,7888.56
20190919,7901.79
20190920,7823.55
20190923,7818.61
20190924,7710.04
20190925,7803.54
20190926,7771.99
20190927,7681.58
20190930,7749.45
20191001,7684.14
20191002,7550.79
20191003,7638.39
20191004,7754.10
20191007,7725.13
20191008,7604.27
20191009,7690.53
20191010,7740.36
20191011,7843.88
20191014,7842.33
20191015,7942.85
20191016,7920.21
20191017,7942.14
20191018,7868.49
20191021,7940.33
20191022,7874.62
20191023,7889.47
20191024,7966.72
20191025,8029.22
20191028,8110.67
20191029,8047.51
20191030,8083.11
20191031,8083.83
20191101,8161.17
20191104,8210.66
20191105,8210.18
20191106,8196.03
20191107,8219.65
20191108,8255.89
20191111,8241.91
20191112,8263.79
20191113,8259.81
20191114,8257.83
20191115,8315.52
20191118,8328.48
20191119,8338.74
20191120,8283.75
20191121,8265.62
20191122,8272.05
20191125,8371.93
20191126,8385.75
20191127,8444.71
20191129,8403.68
20191202,8309.26
20191203,8254.74
20191204,8296.53
20191205,8308.40
20191206,8397.37
20191209,8362.74
20191210,8354.29
20191211,8402.61
20191212,8466.89
20191213,8487.71
20191216,8570.33
20191217,8575.70
20191218,8580.62
20191219,8641.29
20191220,8678.49
20191223,8696.01
20191224,8699.51
20191226,8778.31
20191227,8770.98
20191230,8709.73
20191231,8733.07
20200102,8872.22
20200103,8793.90
20200106,8848.52
20200107,8846.45
20200108,8912.37
20200109,8989.63
20200110,8966.64
20200113,9070.65
20200114,9033.42
20200115,9035.67
20200116,9125.00
20200117,9173.73
20200121,9166.63
20200122,9188.58
20200123,9216.98
20200124,9141.47
20200127,8952.18
20200128,9090.93
20200129,9101.61
20200130,9136.09
20200131,8991.51
20200203,9126.23
20200204,9334.06
20200205,9367.48
20200206,9445.92
20200207,9401.10
20200210,9516.84
20200211,9517.86
20200212,9613.20
20200213,9595.70
20200214,9623.58
20200218,9629.80
20200219,9718.73
20200220,9627.83
20200221,9446.69
20200224,9079.63
20200225,8834.87
20200226,8873.76
20200227,8436.67
20200228,8461.83
20200302,8877.98
20200303,8594.49
20200304,8949.28
20200305,8671.66
20200306,8530.34
20200309,7948.03
20200310,8372.27
20200311,8006.12
20200312,7263.65
20200313,7995.26
20200316,7020.38
20200317,7473.95
20200318,7175.18
20200319,7288.52
20200320,6994.29
20200323,7006.92
20200324,7553.83
20200325,7469.62
20200326,7897.13
20200327,7588.37
20200330,7889.01
20200331,7813.50
20200401,7486.29
20200402,7635.66
20200403,7528.11
20200406,8081.66
20200407,8049.31
20200408,8229.54
20200409,8238.53
20200413,8332.74
20200414,8692.16
20200415,8591.96
20200416,8757.83
20200417,8832.41
20200420,8726.51
20200421,8403.00
20200422,8664.64
20200423,8641.50
20200424,8786.60
20200427,8837.66
20200428,8677.60
20200429,8982.76
20200430,9000.51
20200501,8718.18
20200504,8834.11
20200505,8930.62
20200506,8984.86
20200507,9101.88
20200508,9220.35
20200511,9298.92
20200512,9112.45
20200513,9000.08
20200514,9094.42
20200515,9152.64
20200518,9331.93
20200519,9298.54
20200520,9485.02
20200521,9377.99
20200522,9413.99
20200526,9389.98
20200527,9442.05
20200528,9416.71
20200529,9555.53
20200601,9598.89
20200602,9657.31
20200603,9704.69
20200604,9629.66
20200605,9824.39
20200608,9901.52
20200609,9967.17
20200610,10094.26
20200611,9588.48
20200612,9663.78
20200615,9776.89
20200616,9949.37
20200617,9982.48
20200618,10012.05
20200619,10008.64
20200622,10130.33
20200623,10209.82
20200624,10002.70
20200625,10101.83
20200626,9849.36
20200629,9961.16
20200630,10156.85
20200701,10279.25
20200702,10341.89
20200706,10604.06
20200707,10524.01
20200708,10666.70
20200709,10754.59
20200710,10836.33
20200713,10602.21
20200714,10689.52
20200715,10701.68
20200716,10626.46
20200717,10645.22
20200720,10952.08
20200721,10833.07
20200722,10870.75
20200723,10580.59
20200724,10483.13
20200727,10674.38
20200728,10532.50
20200729,10662.98
20200730,10715.51
20200731,10905.88
20200803,11055.08
20200804,11096.54
20200805,11125.44
20200806,11267.08
20200807,11139.39
20200810,11085.17
20200811,10876.08
20200812,11157.72
20200813,11178.37
20200814,11164.45
20200817,11288.57
20200818,11399.03
20200819,11318.64
20200820,11477.05
20200821,11555.16
20200824,11626.17
20200825,11721.81
20200826,11971.94
20200827,11926.16
20200828,11995.85
20200831,12110.70
20200901,12292.86
20200902,12420.54
20200903,11771.37
20200904,11622.13
20200908,11068.26
20200909,11395.85
20200910,11154.12
20200911,11087.40
20200914,11277.76
20200915,11438.87
20200916,11247.60
20200917,11080.95
20200918,10936.98
20200921,10980.22
20200922,11186.37
20200923,10833.33
20200924,10896.47
20200925,11151.13
20200928,11364.45
20200929,11322.95
20200930,11418.06
20201001,11583.20
20201002,11255.69
20201005,11509.06
20201006,11291.27
20201007,11503.19
20201008,11550.94
20201009,11725.85
20201012,12088.11
20201013,12083.17
20201014,11985.36
20201015,11898.57
20201016,11852.17
20201019,11634.35
20201020,11677.84
20201021,11665.37
20201022,11662.91
20201023,11692.57
20201026,11504.52
20201027,11598.95
20201028,11142.76
20201029,11350.74
20201030,11052.95
20201102,11084.76
20201103,11279.91
20201104,11777.02
20201105,12078.07
20201106,12091.35
20201109,11830.39
20201110,11624.29
20201111,11892.93
20201112,11827.14
20201113,11937.84
20201116,12013.38
20201117,11977.49
20201118,11894.71
20201119,11985.43
20201120,11906.44
20201123,11905.94
20201124,12079.81
20201125,12152.22
20201127,12258.21
20201130,12268.32
20201201,12455.33
20201202,12456.41
20201203,12467.13
20201204,12528.48
20201207,12596.47
20201208,12635.72
20201209,12364.64
20201210,12401.74
20201211,12375.41
20201214,12462.21
20201215,12595.92
20201216,12668.16
20201217,12752.06
20201218,12738.18
20201221,12690.26
20201222,12717.56
20201223,12653.14
20201224,12711.01
20201228,12838.86
20201229,12843.49
20201230,12845.36
20201231,12888.28
20210104,12694.66
20210105,12802.38
20210106,12623.35
20210107,12939.57
20210108,13105.20
20210111,12902.49
20210112,12892.09
20210113,12973.63
20210114,12898.69
20210115,12803.93
20210119,12996.54
20210120,13296.45
20210121,13404.99
20210122,13366.40
20210125,13483.29
20210126,13490.19
20210127,13112.65
20210128,13201.53
20210129,12925.38
20210201,13248.90
20210202,13456.12
20210203,13402.37
20210204,13560.89
20210205,13603.96
20210208,13695.02
20210209,13687.08
20210210,13655.27
20210211,13734.35
20210212,13807.70
20210216,13773.77
20210217,13699.71
20210218,13637.51
20210219,13580.78
20210222,13223.74
20210223,13194.71
20210224,13302.19
20210225,12828.31
20210226,12909.44
20210301,13282.95
20210302,13059.95
20210303,12683.33
20210304,12464.00
20210305,12668.51
20210308,12299.08
20210309,12794.49
20210310,12752.07
20210311,13052.90
20210312,12937.29
20210315,13082.54
20210316,13152.28
20210317,13202.38
20210318,12789.14
20210319,12866.99
20210322,13086.51
20210323,13017.79
20210324,12798.88
20210325,12780.51
20210326,12979.12
20210329,12965.74
20210330,12896.53
20210331,13091.44
20210401,13329.52
20210405,13598.16
20210406,13578.46
20210407,13616.70
20210408,13758.51
20210409,13845.06
20210412,13819.35
20210413,13986.49
20210414,13803.91
20210415,14026.19
20210416,14041.91
20210419,13907.67
20210420,13809.30
20210421,13935.15
20210422,13762.36
20210423,13941.44
20210426,14026.16
20210427,13960.28
20210428,13901.62
20210429,13970.20
20210430,13860.76
20210503,13799.72
20210504,13544.67
20210505,13503.37
20210506,13613.73
20210507,13719.63
20210510,13359.08
20210511,13351.27
20210512,13001.63
20210513,13109.15
20210514,13393.12
20210517,13312.91
20210518,13217.68
20210519,13237.91
20210520,13494.09
20210521,13411.74
20210524,13641.75
20210525,13657.73
20210526,13702.74
20210527,13657.85
20210528,13686.51
20210601,13654.59
20210602,13675.79
20210603,13529.68
20210604,13770.77
20210607,13802.89
20210608,13810.86
20210609,13814.94
20210610,13960.35
20210611,13998.30
20210614,14128.20
20210615,14030.41
20210616,13983.01
20210617,14163.81
20210618,14049.58
20210621,14137.23
20210622,14270.42
20210623,14274.24
20210624,14365.96
20210625,14345.18
20210628,14524.98
20210629,14572.75
20210630,14554.80
20210701,14560.05
20210702,14727.63
20210706,14786.36
20210707,14810.54
20210708,14722.14
20210709,14826.09
20210712,14877.89
20210713,14874.54
20210714,14900.44
20210715,14794.69
20210716,14681.38
20210719,14549.09
20210720,14728.21
20210721,14842.63
20210722,14940.17
20210723,15111.79
20210726,15125.95
20210727,14956.97
20210728,15018.10
20210729,15048.36
20210730,14959.90
20210802,14963.62
20210803,15061.42
20210804,15083.39
20210805,15181.64
20210806,15109.36
20210809,15133.11
20210810,15053.58
20210811,15027.76
20210812,15088.98
20210813,15136.68
20210816,15140.77
20210817,15002.83
20210818,14857.92
20210819,14933.94
20210820,15092.57
20210823,15312.82
20210824,15357.68
20210825,15368.92
20210826,15278.52
20210827,15432.95
20210830,15605.09
20210831,15582.51
20210901,15611.57
20210902,15604.25
20210903,15652.86
20210907,15675.76
20210908,15620.85
20210909,15561.05
20210910,15440.75
20210913,15434.50
20210914,15382.90
20210915,15503.53
20210916,15515.91
20210917,15333.47
20210920,15012.19
20210921,15027.77
20210922,15176.51
20210923,15316.58
20210924,15329.68
20210927,15204.82
20210928,14770.30
20210929,14752.89
20210930,14689.62
20211001,14791.87
20211004,14472.12
20211005,14674.15
20211006,14766.75
20211007,14897.13
20211008,14820.75
20211011,14713.73
20211012,14662.11
20211013,14774.60
20211014,15052.42
20211015,15146.92
20211018,15300.89
20211019,15410.72
20211020,15388.71
20211021,15489.59
20211022,15355.07
20211025,15514.19
20211026,15559.49
20211027,15598.39
20211028,15778.16
20211029,15850.47
20211101,15905.28
20211102,15972.49
20211103,16144.50
20211104,16346.24
20211105,16359.38
20211108,16336.03
20211109,16219.94
20211110,15985.57
20211111,16032.47
20211112,16199.89
20211115,16189.12
20211116,16309.77
20211117,16308.07
20211118,16482.97
20211119,16573.34
20211122,16380.98
20211123,16306.72
20211124,16367.81
20211126,16025.58
20211129,16399.24
20211130,16135.92
20211201,15877.72
20211202,15990.76
20211203,15712.04
20211206,15846.16
20211207,16325.66
20211208,16394.34
20211209,16149.57
20211210,16331.98
20211213,16082.55
20211214,15914.90
20211215,16289.59
20211216,15863.94
20211217,15801.46
20211220,15627.64
20211221,15986.28
20211222,16180.14
20211223,16308.21
20211227,16567.50
20211228,16488.66
20211229,16491.01
20211230,16429.10
20211231,16320.08
20220103,16501.77
20220104,16279.73
20220105,15771.78
20220106,15765.36
20220107,15592.19
20220110,15614.43
20220111,15844.12
20220112,15905.10
20220113,15495.62
20220114,15611.59
20220118,15210.76
20220119,15047.84
20220120,14846.46
20220121,14438.40
20220124,14509.58
20220125,14149.12
20220126,14172.76
20220127,14003.11
20220128,14454.61
20220131,14930.05
20220201,15019.68
20220202,15139.74
20220203,14501.11
20220204,14694.35
20220207,14571.25
20220208,14747.03
20220209,15056.96
20220210,14705.64
20220211,14253.84
20220214,14268.59
20220215,14620.82
20220216,14603.64
20220217,14171.74
20220218,14009.54
20220222,13870.53
20220223,13509.43
20220224,13974.67
20220225,14189.16
20220228,14237.81
20220301,14005.99
20220302,14243.69
20220303,14035.21
20220304,13837.83
20220307,13319.38
20220308,13267.61
20220309,13742.20
20220310,13591.00
20220311,13301.83
20220314,13046.64
20220315,13458.56
20220316,13956.79
20220317,14118.60
20220318,14420.08
20220321,14376.09
20220322,14654.33
20220323,14447.55
20220324,14765.69
20220325,14754.31
20220328,14987.40
20220329,15239.32
20220330,15071.55
20220331,14838.49
20220401,14861.21
20220404,15159.58
20220405,14820.64
20220406,14498.89
20220407,14531.81
20220408,14327.26
20220411,13990.21
20220412,13940.24
20220413,14217.29
20220414,13893.21
20220418,13910.76
20220419,14210.26
20220420,13998.53
20220421,13720.45
20220422,13356.87
20220425,13533.22
20220426,13009.71
20220427,13003.36
20220428,13456.06
20220429,12854.80
20220502,13075.85
20220503,13089.90
20220504,13535.71
20220505,12850.55
20220506,12693.53
20220509,12187.72
20220510,12345.86
20220511,11967.56
20220512,11945.50
20220513,12387.40
20220516,12243.58
20220517,12564.10
20220518,11928.31
20220519,11875.63
20220520,11835.62
20220523,12034.28
20220524,11769.84
20220525,11943.93
20220526,12276.79
20220527,12681.42
20220531,12642.10
20220601,12548.36
20220602,12892.89
20220603,12548.03
20220606,12599.63
20220607,12711.68
20220608,12615.13
20220609,12269.78
20220610,11832.82
20220613,11288.32
20220614,11311.69
20220615,11593.77
20220616,11127.57
20220617,11265.99
20220621,11546.76
20220622,11527.71
20220623,11697.68
20220624,12105.85
20220627,12008.24
20220628,11637.77
20220629,11658.26
20220630,11503.72
20220701,11585.68
20220705,11779.90
20220706,11852.59
20220707,12109.05
20220708,12125.69
20220711,11860.28
20220712,11744.99
20220713,11728.53
20220714,11768.40
20220715,11983.62
20220718,11877.50
20220719,12249.42
20220720,12439.68
20220721,12619.41
20220722,12396.47
20220725,12328.41
20220726,12086.90
20220727,12601.47
20220728,12717.87
20220729,12947.97
20220801,12940.78
20220802,12901.60
20220803,13253.26
20220804,13311.04
20220805,13207.69
20220808,13159.16
20220809,13008.17
20220810,13378.32
20220811,13291.99
20220812,13565.87
20220815,13667.18
20220816,13635.21
20220817,13470.86
20220818,13505.99
20220819,13242.90
20220822,12890.54
20220823,12881.79
20220824,12917.86
20220825,13143.58
20220826,12605.17
20220829,12484.32
20220830,12342.70
20220831,12272.03
20220901,12274.62
20220902,12098.44
20220906,12011.31
20220907,12259.39
20220908,12321.19
20220909,12588.29
20220912,12739.72
20220913,12033.62
20220914,12134.40
20220915,11927.49
20220916,11861.38
20220919,11953.27
20220920,11851.54
20220921,11637.79
20220922,11501.65
20220923,11311.24
20220926,11254.11
20220927,11271.75
20220928,11493.83
20220929,11164.78
20220930,10971.22
20221003,11229.73
20221004,11582.54
20221005,11573.18
20221006,11485.50
20221007,11039.47
20221010,10926.97
20221011,10791.35
20221012,10785.62
20221013,11033.58
20221014,10692.06
20221017,11062.53
20221018,11147.74
20221019,11103.38
20221020,11046.71
20221021,11310.33
20221024,11430.26
20221025,11669.99
20221026,11405.90
20221027,11191.63
20221028,11546.21
20221031,11405.57
20221101,11288.95
20221102,10906.34
20221103,10690.60
20221104,10857.03
20221107,10977.00
20221108,11059.50
20221109,10797.55
20221110,11605.96
20221111,11817.01
20221114,11700.94
20221115,11871.15
20221116,11699.09
20221117,11676.86
20221118,11677.02
20221121,11553.45
20221122,11724.84
20221123,11838.72
20221125,11756.03
20221128,11587.75
20221129,11503.45
20221130,12030.06
20221201,12041.89
20221202,11994.26
20221205,11786.80
20221206,11549.69
20221207,11497.39
20221208,11637.50
20221209,11563.33
20221212,11706.44
20221213,11834.21
20221214,11740.92
20221215,11345.22
20221216,11243.72
20221219,11084.59
20221220,11072.42
20221221,11235.88
20221222,10956.14
20221223,10985.45
20221227,10822.51
20221228,10679.34
20221229,10951.05
20221230,10939.76
20230103,10862.64
20230104,10914.80
20230105,10741.22
20230106,11040.35
20230109,11108.45
20230110,11205.78
20230111,11402.52
20230112,11459.61
20230113,11541.48
20230117,11557.19
20230118,11410.29
20230119,11295.67
20230120,11619.03
20230123,11872.54
20230124,11846.64
20230125,11814.69
20230126,12051.48
20230127,12166.60
20230130,11912.39
20230131,12101.93
20230201,12363.10
20230202,12803.14
20230203,12573.36
20230206,12464.51
20230207,12728.27
20230208,12495.38
20230209,12381.17
20230210,12304.92
20230213,12502.31
20230214,12590.89
20230215,12687.89
20230216,12442.48
20230217,12358.18
20230221,12060.30
20230222,12066.27
20230223,12180.14
20230224,11969.65
20230227,12057.79
20230228,12042.12
20230301,11938.57
20230302,12044.87
20230303,12290.81
20230306,12302.48
20230307,12152.17
20230308,12215.33
20230309,11995.88
20230310,11830.28
20230313,11923.17
20230314,12199.79
20230315,12251.32
20230316,12581.39
20230317,12519.88
20230320,12562.61
20230321,12741.44
20230322,12567.15
20230323,12729.23
20230324,12767.05
20230327,12673.07
20230328,12610.57
20230329,12846.03
20230330,12963.14
20230331,13181.35
20230403,13148.35
20230404,13100.08
20230405,12967.20
20230406,13062.60
20230410,13051.23
20230411,12964.15
20230412,12848.35
20230413,13109.39
20230414,13079.52
20230417,13087.71
20230418,13091.79
20230419,13088.71
20230420,12985.98
20230421,13000.77
20230424,12969.76
20230425,12725.11
20230426,12806.48
20230427,13160.03
20230428,13245.99
20230501,13231.47
20230502,13113.66
20230503,13030.21
20230504,12982.48
20230505,13259.13
20230508,13291.64
20230509,13201.11
20230510,13347.83
20230511,13389.78
20230512,13340.18
20230515,13413.51
20230516,13426.01
20230517,13589.26
20230518,13834.62
20230519,13803.49
20230522,13849.74
20230523,13672.54
20230524,13604.48
20230525,13938.53
20230526,14298.41
20230530,14354.99
20230531,14254.09
20230601,14441.51
20230602,14546.64
20230605,14556.50
20230606,14558.09
20230607,14303.29
20230608,14484.54
20230609,14528.36
20230612,14784.30
20230613,14900.85
20230614,15005.69
20230615,15185.48
20230616,15083.92
20230620,15070.15
20230621,14867.45
20230622,15042.32
20230623,14891.48
20230626,14689.02
20230627,14945.91
20230628,14964.57
20230629,14939.95
20230630,15179.21
20230703,15208.69
20230705,15203.78
20230706,15089.45
20230707,15036.85
20230710,15045.64
20230711,15119.06
20230712,15307.23
20230713,15571.98
20230714,15565.60
20230717,15713.28
20230718,15841.35
20230719,15826.35
20230720,15466.09
20230721,15425.67
20230724,15448.02
20230725,15561.42
20230726,15499.26
20230727,15464.93
20230728,15750.93
20230731,15757.00
20230801,15718.01
20230802,15370.74
20230803,15353.54
20230804,15274.92
20230807,15407.85
20230808,15273.05
20230809,15101.71
20230810,15128.84
20230811,15028.07
20230814,15205.59
20230815,15037.65
20230816,14876.47
20230817,14715.81
20230818,14694.84
20230821,14936.69
20230822,14908.96
20230823,15148.06
20230824,14816.44
20230825,14941.83
20230828,15052.46
20230829,15376.55
20230830,15462.43
20230831,15501.07
20230901,15490.86
20230905,15508.24
20230906,15371.44
20230907,15258.52
20230908,15280.23
20230911,15461.87
20230912,15289.74
20230913,15348.53
20230914,15473.89
20230915,15202.40
20230918,15225.37
20230919,15191.23
20230920,14969.92
20230921,14694.24
20230922,14701.10
20230925,14768.90
20230926,14545.83
20230927,14580.16
20230928,14702.77
20230929,14715.24
20231002,14837.57
20231003,14565.62
20231004,14776.25
20231005,14723.22
20231006,14973.24
20231009,15047.15
20231010,15131.52
20231011,15241.12
20231012,15184.10
20231013,14995.12
20231016,15172.73
20231017,15122.01
20231018,14909.26
20231019,14783.13
20231020,14560.88
20231023,14604.85
20231024,14745.86
20231025,14381.64
20231026,14109.57
20231027,14180.42
20231030,14335.51
20231031,14409.78
20231101,14664.91
20231102,14919.55
20231103,15099.49
20231106,15154.93
20231107,15296.02
20231108,15313.24
20231109,15187.90
20231110,15529.12
20231113,15482.79
20231114,15812.47
20231115,15817.18
20231116,15833.17
20231117,15837.99
20231120,16027.06
20231121,15933.62
20231122,16001.39
20231124,15982.01
20231127,15961.98
20231128,16010.43
20231129,15987.60
20231130,15947.87
20231201,15997.58
20231204,15839.67
20231205,15877.71
20231206,15788.05
20231207,16022.49
20231208,16084.69
20231211,16221.73
20231212,16354.25
20231213,16562.37
20231214,16537.83
20231215,16623.45
20231218,16729.80
20231219,16811.85
20231220,16554.16
20231221,16757.41
20231222,16777.40
20231226,16878.46
20231227,16906.80
20231228,16898.47
20231229,16825.93
20240102,16543.94
20240103,16368.49
20240104,16282.01
20240105,16305.98
20240108,16649.87
20240109,16678.70
20240110,16793.05
20240111,16820.90
20240112,16832.92
20240116,16830.71
20240117,16736.28
20240118,16982.29
20240119,17314.00
20240122,17330.38
20240123,17404.21
20240124,17499.30
20240125,17516.99
20240126,17421.01
20240129,17596.27
20240130,17476.71
20240131,17137.24
20240201,17344.71
20240202,17642.73
20240205,17613.04
20240206,17572.73
20240207,17755.07
20240208,17783.17
20240209,17962.41
20240212,17882.66
20240213,17600.42
20240214,17807.63
20240215,17845.72
20240216,17685.98
20240220,17546.10
20240221,17478.91
20240222,18004.70
20240223,17937.61
20240226,17933.33
20240227,17971.05
20240228,17874.50
20240229,18043.85
20240301,18302.91
20240304,18226.48
20240305,17897.87
20240306,18017.57
20240307,18297.99
20240308,18018.45
20240311,17951.69
20240312,18219.11
20240313,18068.47
20240314,18014.81
20240315,17808.25
20240318,17985.01
20240319,18032.20
20240320,18240.11
20240321,18320.38
20240322,18339.44
20240325,18277.06
20240326,18210.54
20240327,18280.84
20240328,18254.69
20240401,18293.20
20240402,18121.78
20240403,18160.19
20240404,17878.78
20240405,18108.46
20240408,18100.19
20240409,18169.90
20240410,18011.66
20240411,18307.98
20240412,18003.49
20240415,17706.83
20240416,17713.66
20240417,17493.62
20240418,17394.31
20240419,17037.65
20240422,17210.89
20240423,17471.47
20240424,17526.80
20240425,17430.50
20240426,17718.30
20240429,17782.72
20240430,17440.69
20240501,17318.55
20240502,17541.54
20240503,17890.80
20240506,18093.57
20240507,18091.45
20240508,18085.01
20240509,18113.46
20240510,18161.18
20240513,18198.61
20240514,18322.77
20240515,18596.65
20240516,18557.96
20240517,18546.23
20240520,18674.19
20240521,18713.80
20240522,18705.20
20240523,18623.39
20240524,18808.35
20240528,18869.44
20240529,18736.75
20240530,18538.66
20240531,18536.65
20240603,18600.97
20240604,18654.84
20240605,19035.05
20240606,19021.19
20240607,19000.95
20240610,19074.67
20240611,19210.18
20240612,19465.18
20240613,19576.92
20240614,19659.80
20240617,19902.75
20240618,19908.86
20240620,19752.30
20240621,19700.43
20240624,19474.62
20240625,19701.13
20240626,19751.05
20240627,19789.03
20240628,19682.87
20240701,19812.22
20240702,20011.89
20240703,20186.63
20240705,20391.97
20240708,20439.54
20240709,20453.02
20240710,20675.38
20240711,20211.36
20240712,20331.49
20240715,20386.88
20240716,20398.62
20240717,19799.14
20240718,19705.09
20240719,19522.62
20240722,19822.87
20240723,19754.34
20240724,19032.39
20240725,18830.58
20240726,19023.66
20240729,19059.49
20240730,18796.27
20240731,19362.43
20240801,18890.39
20240802,18440.85
20240805,17895.16
20240806,18077.92
20240807,17867.37
20240808,18413.82
20240809,18513.10
20240812,18542.03
20240813,19006.43
20240814,19022.68
20240815,19490.15
20240816,19508.52
20240819,19766.49
20240820,19719.82
20240821,19824.84
20240822,19491.84
20240823,19720.87
20240826,19516.44
20240827,19581.52
20240828,19350.78
20240829,19325.45
20240830,19574.64
20240903,18958.74
20240904,18921.40
20240905,18930.33
20240906,18421.31
20240909,18660.78
20240910,18829.14
20240911,19237.30
20240912,19423.07
20240913,19514.59
20240916,19423.06
20240917,19432.40
20240918,19344.49
20240919,19839.83
20240920,19791.49
20240923,19852.20
20240924,19944.84
20240925,19972.61
20240926,20115.54
20240927,20008.62
20240930,20060.69
20241001,19773.30
20241002,19802.59
20241003,19793.34
20241004,20035.02
20241007,19800.74
20241008,20107.78
20241009,20268.86
20241010,20241.76
20241011,20271.97
20241014,20439.05
20241015,20159.83
20241016,20174.05
20241017,20190.42
20241018,20324.04
20241021,20361.47
20241022,20390.46
20241023,20066.96
20241024,20232.87
20241025,20352.02
20241028,20351.07
20241029,20550.65
20241030,20387.70
20241031,19890.42
20241101,20033.14
20241104,19963.60
20241105,20227.46
20241106,20781.33
20241107,21101.57
20241108,21117.18
20241111,21106.59
20241112,21070.79
20241113,21036.16
20241114,20896.67
20241115,20394.13
20241118,20539.19
20241119,20684.59
20241120,20667.10
20241121,20740.78
20241122,20776.23
20241125,20804.89
20241126,20922.90
20241127,20744.49
20241129,20930.37
20241202,21164.60
20241203,21229.32
20241204,21492.36
20241205,21425.22
20241206,21622.25
20241209,21440.82
20241210,21368.18
20241211,21763.98
20241212,21615.27
20241213,21780.25
20241216,22096.66
20241217,22001.08
20241218,21209.32
20241219,21110.51
20241220,21289.15
20241223,21503.17
20241224,21797.65
20241226,21768.31
20241227,21473.02
20241230,21197.09
20241231,21012.17
20250102,20975.62
20250103,21326.16
20250106,21559.50
20250107,21173.04
20250108,21180.97
20250110,20847.58
20250113,20784.72
20250114,20757.41
20250115,21237.85
20250116,21091.25
20250117,21441.16
20250121,21566.51
20250122,21853.00
20250123,21900.93
20250124,21774.01
20250127,21127.28
20250128,21463.04
20250129,21411.46
20250130,21508.12
20250131,21478.05
20250203,21297.58
20250204,21566.92
20250205,21658.16
20250206,21774.07
20250207,21491.31
20250210,21756.73
20250211,21693.52
20250212,21719.26
20250213,22030.71
20250214,22114.69
20250218,22164.61
20250219,22175.60
20250220,22068.06
20250221,21614.08
20250224,21352.08
20250225,21087.25
20250226,21132.92
20250227,20550.95
20250228,20884.41
20250303,20425.58
20250304,20352.53
20250305,20628.46
20250306,20052.63
20250307,20201.37
20250310,19430.95
20250311,19376.96
20250312,19596.02
20250313,19225.48
20250314,19704.64
20250317,19812.24
20250318,19483.36
20250319,19736.66
20250320,19677.61
20250321,19753.97
20250324,20180.45
20250325,20287.83
20250326,19916.99
20250327,19798.62
20250328,19281.40
20250331,19278.45
20250401,19436.42
20250402,19581.78
20250403,18521.47
20250404,17397.70
20250407,17430.68
20250408,17090.40
20250409,19145.06
20250410,18343.57
20250411,18690.05
20250414,18796.02
20250415,18830.23
20250416,18257.64
20250417,18258.09
20250421,17808.30
20250422,18276.41
20250423,18693.26
20250424,19214.40
20250425,19432.56
20250428,19427.29
20250429,19544.95
20250430,19571.02
20250501,19786.71
20250502,20102.61
20250505,19967.94
20250506,19791.35
20250507,19867.97
20250508,20063.56
20250509,20061.45
20250512,20868.15
20250513,21197.70
20250514,21319.21
20250515,21335.82
20250516,21427.94
20250519,21447.05
20250520,21367.37
20250521,21080.36
20250522,21112.47
20250523,20915.66
20250527,21414.99
20250528,21318.17
20250529,21363.95
20250530,21340.99
20250602,21491.75
20250603,21662.58
20250604,21721.92
20250605,21547.43
20250606,21761.79
20250609,21797.87
20250610,21941.92
20250611,21860.80
20250612,21913.32
20250613,21631.04
20250616,21937.57
20250617,21719.08
20250618,21719.69
20250620,21626.39
20250623,21856.33
20250624,22190.52
20250625,22237.74
20250626,22447.29
20250627,22534.20
20250630,22679.01
20250701,22478.13
20250702,22641.89
20250703,22866.97
20250707,22685.57
20250708,22702.25
20250709,22864.91
20250710,22829.26
20250711,22780.60
20250714,22855.63
20250715,22884.59
20250716,22907.97
20250717,23081.05
20250718,23065.47
20250721,23180.06
20250722,23063.58
20250723,23162.41
20250724,23219.87
20250725,23272.25
20250728,23356.27
20250729,23308.30
20250730,23345.41
20250731,23218.12
20250801,22763.31
20250804,23188.61
20250805,23018.56
20250806,23315.04
20250807,23389.53
20250808,23611.27
20250811,23526.63
20250812,23839.20
20250813,23849.04
20250814,23832.44
20250815,23712.07
20250818,23713.76
20250819,23384.77
20250820,23249.57
20250821,23142.58
20250822,23498.12
20250825,23425.61
20250826,23525.29
20250827,23565.85
20250828,23703.45
20250829,23415.42
20250902,23231.11
20250903,23414.84
20250904,23633.01
20250905,23652.44
20250908,23762.30
20250909,23839.80
20250910,23849.27
20250911,23992.56
20250912,24092.19
20250915,24293.78
20250916,24274.25
20250917,24223.69
20250918,24454.89
20250919,24626.25
20250922,24761.07
20250923,24580.17
20250924,24503.57
20250925,24397.31
20250926,24503.85
20250929,24611.35
20250930,24679.99
20251001,24800.86
20251002,24892.76
20251003,24785.52
20251006,24978.56
20251007,24840.23
20251008,25136.62
20251009,25098.18
20251010,24221.74
20251013,24750.25
20251014,24579.32
20251015,24745.36
20251016,24657.24
20251017,24817.95
20251020,25141.02
20251021,25127.13
20251022,24879.01
20251023,25097.41
20251024,25358.16
20251027,25821.55
20251028,26012.15
20251029,26119.85
20251030,25734.81
20251031,25858.13
20251103,25972.94
20251104,25435.70
20251105,25620.03
20251106,25130.04
20251107,25059.81
20251110,25611.74
20251111,25533.49
20251112,25517.33
20251113,24993.46
20251114,25008.24
20251117,24799.92
20251118,24503.10
20251119,24640.52
20251120,24054.38
20251121,24239.57
20251124,24873.85
20251125,25018.36
20251126,25236.94
20251128,25434.89
20251201,25342.85
20251202,25555.86
20251203,25606.54
20251204,25581.70
20251205,25692.05
20251208,25627.95
20251209,25668.69
20251210,25776.44
20251211,25686.69
20251212,25196.73
20251215,25067.27
20251216,25132.94
20251217,24647.61
20251218,25019.37
20251219,25346.18
20251222,25461.70
20251223,25587.83
20251224,25656.15
20251226,25644.39
20251229,25525.56
20251230,25462.56
20251231,25249.85
20260102,25206.17
20260105,25401.32
20260106,25639.71
20260107,25653.90
20260108,25507.10
20260109,25766.26
20260112,25787.66
20260113,25741.95
20260114,25465.94
20260115,25547.07
20260116,25529.26
20260120,24987.57
20260121,25326.58
20260122,25518.35
20260123,25605.47
20260126,25713.21
20260127,25939.74
20260128,26022.79
20260129,25884.30
20260130,25552.39
20260202,25738.61
20260203,25338.62
20260204,24891.24
20260205,24548.69
20260206,25075.77
20260209,25268.14
20260210,25127.64
20260211,25201.26
20260212,24687.61
20260213,24732.73
20260217,24701.60
20260218,24898.87
20260219,24797.34
20260220,25012.62
20260223,24708.94
20260224,24977.04
20260225,25329.04
20260226,25034.37
20260227,24960.04
20260302,24992.60
20260303,24720.08
20260304,25093.68
20260305,25020.41
20260306,24643.02
20260309,24967.25
20260310,24956.47
20260311,24965.01
20260312,24533.58
20260313,24380.73
20260316,24655.34
20260317,24780.42
20260318,24425.09
20260319,24355.28
20260320,23898.15
20260323,24188.59
20260324,24002.45
20260325,24162.98
20260326,23586.99
20260327,23132.77
20260330,22953.38
20260331,23740.19
20260401,24019.99
20260402,24045.53
20260406,24192.17
20260407,24202.37
20260408,24903.17
20260409,25082.09
20260410,25116.34
20260413,25383.72
20260414,25842.00
20260415,26204.58
20260416,26333.00
20260417,26672.43
20260420,26590.34
20260421,26479.47
20260422,26937.28
20260423,26782.63
20260424,27303.67
20260427,27305.68
20260428,27029.01
20260429,27186.98
20260430,27452.12
20260501,27710.36
20260504,27651.82
20260505,28015.06
20260506,28599.17
20260507,28563.95
20260508,29234.99
20260511,29320.66
20260512,29064.80
20260513,29366.94
20260514,29580.30
20260515,29125.20
20260518,28994.37
20260519,28818.84
20260520,29297.70
20260521,29357.27
20260522,29481.64
20260526,30001.32
20260527,29973.57
20260528,30223.89
20260529,30333.18
20260601,30513.86
20260602,30660.60
20260603,30571.24
20260604,30407.81
20260605,28957.60
20260608,29414.26
20260609,29084.50
20260610,28508.03
20260611,29446.18
20260612,29635.95
20260615,30543.92
20260616,29968.13
20260617,29670.95
20260618,30406.19
20260622,30347.08
20260623,29347.27
20260624,29220.06
20260625,29440.32
20260626,29118.24
20260629,29774.75
20260630,30276.35
20260701,29809.13
20260702,29329.21
20260706,29697.87
20260707,29173.02
20260708,29252.56
20260709,29727.10
20260710,29825.11
20260713,29264.10
20260714,29586.29
20260715,29502.60
20260716,29025.77
20260717,28592.66
20260720,28604.23
20260721,29155.18
20260722,28998.10
20260723,28454.81
20260724,28128.34
20260727,28039.21
20260728,27763.13
20260729,27192.31
20260730,28106.35
20260731,28274.20
20260803,28776.80
20260804,29733.16
20260805,29487.79
20260806,29373.33
20260807,29722.30
20260810,29621.80
20260811,29525.48
20260812,29742.60
20260813,30084.50
20260814,30046.14
20260817,29995.38
20260818,29490.96
20260819,29426.02
20260820,29213.16
20260821,29308.86
20260824,29023.18
20260825,29209.23
20260826,29224.52
20260827,29641.56
20260828,29433.43
20260831,29456.97
20260901,29077.22
20260902,29143.33
20260903,29482.32
20260904,29544.15
20260908,29507.70
20260909,29421.55
20260910,29103.51
20260911,29368.44
20260914,29127.16
20260915,28937.84
20260916,28945.06
20260917,29446.98
20260918,29644.17
20260921,30482.35
20260922,30606.79
